"TYP_CHU";"SITECODE";"HABITAT_CODE";"ROZLOHA_PASEKY";"ROZLOHA_HOLINY";"POCET_SEGMENTU_PASEKY"
"EVL";"CZ0520519";"7140";NA;NA;NA
"EVL";"CZ0520519";"8220";NA;NA;NA
"EVL";"CZ0520519";"8310";NA;NA;NA
"EVL";"CZ0520519";"9110";0,684144563725417;0;19
"EVL";"CZ0520519";"9410";0,86427480937652;0;14
"EVL";"CZ0520519";"91D0";0,573412686618594;0;5
"EVL";"CZ0214005";"6410";NA;NA;NA
"EVL";"CZ0214005";"6430";NA;NA;NA
"EVL";"CZ0214005";"6510";NA;NA;NA
"EVL";"CZ0214005";"9170";0;0;0
"EVL";"CZ0214005";"9180";0;0;0
"EVL";"CZ0214005";"91E0";0;0;0
"EVL";"CZ0534051";"6210";NA;NA;NA
"EVL";"CZ0534051";"6510";NA;NA;NA
"EVL";"CZ0534051";"91E0";0;0;0
"EVL";"CZ0610175";"9110";0;0;0
"EVL";"CZ0720013";"6210";NA;NA;NA
"EVL";"CZ0720013";"6510";NA;NA;NA
"EVL";"CZ0720013";"91I0";0;0;0
"EVL";"CZ0520028";"7220";NA;NA;NA
"EVL";"CZ0520028";"8210";NA;NA;NA
"EVL";"CZ0520028";"9180";0,00775120877820568;0;2
"EVL";"CZ0424034";"6410";NA;NA;NA
"EVL";"CZ0424034";"6430";NA;NA;NA
"EVL";"CZ0424034";"6510";NA;NA;NA
"EVL";"CZ0410404";"3150";NA;NA;NA
"EVL";"CZ0410404";"3160";NA;NA;NA
"EVL";"CZ0410404";"7140";NA;NA;NA
"EVL";"CZ0410404";"9410";2,5572707101738;1,01159714495964;7
"EVL";"CZ0714082";"9170";0;0;0
"EVL";"CZ0714082";"91F0";0;0;0
"EVL";"CZ0323142";"3260";NA;NA;NA
"EVL";"CZ0724089";"3220";NA;NA;NA
"EVL";"CZ0724089";"3240";NA;NA;NA
"EVL";"CZ0724089";"5130";NA;NA;NA
"EVL";"CZ0724089";"6210";NA;NA;NA
"EVL";"CZ0724089";"6230";NA;NA;NA
"EVL";"CZ0724089";"6430";NA;NA;NA
"EVL";"CZ0724089";"6510";NA;NA;NA
"EVL";"CZ0724089";"7220";NA;NA;NA
"EVL";"CZ0724089";"7230";NA;NA;NA
"EVL";"CZ0724089";"8220";NA;NA;NA
"EVL";"CZ0724089";"8310";NA;NA;NA
"EVL";"CZ0724089";"9110";361,74856641939;231,871524873089;498
"EVL";"CZ0724089";"9130";249,978648936327;102,630161362009;481
"EVL";"CZ0724089";"9140";3,54083353601949;2,02647096443504;13
"EVL";"CZ0724089";"9170";24,5794848557613;6,55452160777426;84
"EVL";"CZ0724089";"9180";16,865912135175;6,09246183352705;72
"EVL";"CZ0724089";"9410";22,5324718940309;14,5179188129574;40
"EVL";"CZ0724089";"91E0";22,9408753427391;11,4931211794827;55
"EVL";"CZ0424036";"6210";NA;NA;NA
"EVL";"CZ0424036";"91H0";0;0;0
"EVL";"CZ0620001";"6240";NA;NA;NA
"EVL";"CZ0424030";"8220";NA;NA;NA
"EVL";"CZ0424030";"9110";4,9027183020205;0;26
"EVL";"CZ0424030";"9130";1,2276481726163;0;2
"EVL";"CZ0424030";"9180";0,315948122124234;0;2
"EVL";"CZ0424030";"91E0";0,382409687321167;0;3
"EVL";"CZ0724090";"3140";NA;NA;NA
"EVL";"CZ0724090";"6210";NA;NA;NA
"EVL";"CZ0724090";"6230";NA;NA;NA
"EVL";"CZ0724090";"6410";NA;NA;NA
"EVL";"CZ0724090";"6430";NA;NA;NA
"EVL";"CZ0724090";"6510";NA;NA;NA
"EVL";"CZ0724090";"7220";NA;NA;NA
"EVL";"CZ0724090";"7230";NA;NA;NA
"EVL";"CZ0724090";"9110";0,549243848363172;0;4
"EVL";"CZ0724090";"9130";143,696130964477;67,8954941816388;164
"EVL";"CZ0724090";"9170";41,5415622833896;8,62736458298988;102
"EVL";"CZ0724090";"9180";0,023978254255217;0;1
"EVL";"CZ0724090";"6210p";NA;NA;NA
"EVL";"CZ0724090";"91E0";0,255719961556207;0;10
"EVL";"CZ0724090";"91G0";0,777362675102797;0;6
"EVL";"CZ0724090";"91I0";0,000470908286145714;0;1
"EVL";"CZ0720441";"6210";NA;NA;NA
"EVL";"CZ0720441";"6510";NA;NA;NA
"EVL";"CZ0720441";"7220";NA;NA;NA
"EVL";"CZ0720441";"9130";0,568011040781322;0;2
"EVL";"CZ0720441";"9170";0,127579367539287;0;1
"EVL";"CZ0720441";"6210p";NA;NA;NA
"EVL";"CZ0424129";"6210";NA;NA;NA
"EVL";"CZ0424129";"8230";NA;NA;NA
"EVL";"CZ0424129";"6210p";NA;NA;NA
"EVL";"CZ0424129";"91E0";0;0;0
"EVL";"CZ0424135";"6210";NA;NA;NA
"EVL";"CZ0424135";"6210p";NA;NA;NA
"EVL";"CZ0210100";"7220";NA;NA;NA
"EVL";"CZ0210100";"9150";0;0;0
"EVL";"CZ0210100";"91E0";0;0;0
"EVL";"CZ0623035";"6250";NA;NA;NA
"EVL";"CZ0510441";"6510";NA;NA;NA
"EVL";"CZ0510441";"8220";NA;NA;NA
"EVL";"CZ0510441";"9170";2,34639874220646;0;10
"EVL";"CZ0510441";"9180";4,3432668814452;0;17
"EVL";"CZ0510441";"91E0";0,0887895046288311;0;2
"EVL";"CZ0510441";"91I0";1,73339504962596;0;8
"EVL";"CZ0310629";"3140";NA;NA;NA
"EVL";"CZ0310629";"3160";NA;NA;NA
"EVL";"CZ0314124";"3260";NA;NA;NA
"EVL";"CZ0314124";"6190";NA;NA;NA
"EVL";"CZ0314124";"6210";NA;NA;NA
"EVL";"CZ0314124";"6410";NA;NA;NA
"EVL";"CZ0314124";"6510";NA;NA;NA
"EVL";"CZ0314124";"8220";NA;NA;NA
"EVL";"CZ0314124";"9110";91,8137904533896;65,4143742823344;97
"EVL";"CZ0314124";"9130";68,2210611250066;46,8696749771792;75
"EVL";"CZ0314124";"9170";5,21357013478409;3,19884431914425;20
"EVL";"CZ0314124";"9180";2,44697975401295;0;18
"EVL";"CZ0314124";"6210p";NA;NA;NA
"EVL";"CZ0314124";"91U0";0;0;0
"EVL";"CZ0110142";"6410";NA;NA;NA
"EVL";"CZ0110142";"9170";0;0;0
"EVL";"CZ0110142";"9190";0,500579266770603;0;2
"EVL";"CZ0410023";"3150";NA;NA;NA
"EVL";"CZ0410023";"4030";NA;NA;NA
"EVL";"CZ0410023";"6410";NA;NA;NA
"EVL";"CZ0410023";"6430";NA;NA;NA
"EVL";"CZ0410023";"7140";NA;NA;NA
"EVL";"CZ0623324";"3260";NA;NA;NA
"EVL";"CZ0530033";"6210";NA;NA;NA
"EVL";"CZ0530033";"6510";NA;NA;NA
"EVL";"CZ0530033";"9110";18,8685745549084;12,7736924624012;23
"EVL";"CZ0530033";"9130";12,539699052023;10,5534177623267;16
"EVL";"CZ0420451";"6210";NA;NA;NA
"EVL";"CZ0420451";"6410";NA;NA;NA
"EVL";"CZ0420451";"6510";NA;NA;NA
"EVL";"CZ0420451";"8220";NA;NA;NA
"EVL";"CZ0420451";"9170";0,914784530087252;0;5
"EVL";"CZ0420451";"9180";0,0396220984490274;0;1
"EVL";"CZ0420451";"6210p";NA;NA;NA
"EVL";"CZ0420451";"91E0";1,38239920466449;0;5
"EVL";"CZ0314123";"3150";NA;NA;NA
"EVL";"CZ0314123";"6230";NA;NA;NA
"EVL";"CZ0314123";"6410";NA;NA;NA
"EVL";"CZ0314123";"6430";NA;NA;NA
"EVL";"CZ0314123";"6510";NA;NA;NA
"EVL";"CZ0314123";"7120";NA;NA;NA
"EVL";"CZ0314123";"7140";NA;NA;NA
"EVL";"CZ0314123";"8220";NA;NA;NA
"EVL";"CZ0314123";"9110";167,081968624917;86,8289898121965;272
"EVL";"CZ0314123";"9130";467,300821483611;348,050593203448;367
"EVL";"CZ0314123";"9180";20,270036265098;11,5596806196531;54
"EVL";"CZ0314123";"91E0";19,6089220040843;13,1456497472285;45
"EVL";"CZ0422075";"6210";NA;NA;NA
"EVL";"CZ0422075";"6510";NA;NA;NA
"EVL";"CZ0422075";"8220";NA;NA;NA
"EVL";"CZ0422075";"40A0";NA;NA;NA
"EVL";"CZ0314021";"3160";NA;NA;NA
"EVL";"CZ0314021";"6410";NA;NA;NA
"EVL";"CZ0314021";"7140";NA;NA;NA
"EVL";"CZ0314021";"91D0";0;0;0
"EVL";"CZ0314021";"91T0";0;0;0
"EVL";"CZ0420026";"6190";NA;NA;NA
"EVL";"CZ0420026";"8150";NA;NA;NA
"EVL";"CZ0420026";"8220";NA;NA;NA
"EVL";"CZ0420026";"9180";0;0;0
"EVL";"CZ0420026";"40A0";NA;NA;NA
"EVL";"CZ0624094";"9170";0;0;0
"EVL";"CZ0533296";"3140";NA;NA;NA
"EVL";"CZ0623798";"91E0";0,0403693899165297;0;1
"EVL";"CZ0530501";"8210";NA;NA;NA
"EVL";"CZ0530501";"9130";1,10499731503686;0;4
"EVL";"CZ0530501";"9180";1,16032344966724;0;5
"EVL";"CZ0710505";"40A0";NA;NA;NA
"EVL";"CZ0214047";"4030";NA;NA;NA
"EVL";"CZ0214047";"7140";NA;NA;NA
"EVL";"CZ0214047";"91D0";0;0;0
"EVL";"CZ0520518";"4030";NA;NA;NA
"EVL";"CZ0520518";"8220";NA;NA;NA
"EVL";"CZ0520518";"8310";NA;NA;NA
"EVL";"CZ0520518";"9110";3,07463203667044;0;37
"EVL";"CZ0520518";"9130";1,28468600783937;0;16
"EVL";"CZ0520178";"6510";NA;NA;NA
"EVL";"CZ0520178";"9110";0,600215171886773;0;3
"EVL";"CZ0520178";"9130";0,955768737678002;0;6
"EVL";"CZ0520178";"91E0";0,0850471275292989;0;1
"EVL";"CZ0212001";"3130";NA;NA;NA
"EVL";"CZ0623004";"91E0";2,08428433095735;2,08428433095735;1
"EVL";"CZ0510405";"6230";NA;NA;NA
"EVL";"CZ0510405";"6430";NA;NA;NA
"EVL";"CZ0510405";"7140";NA;NA;NA
"EVL";"CZ0510405";"9130";0;0;0
"EVL";"CZ0510405";"9140";0;0;0
"EVL";"CZ0510405";"9180";0,114489266644051;0;3
"EVL";"CZ0510405";"9410";0;0;0
"EVL";"CZ0510405";"91D0";0;0;0
"EVL";"CZ0413177";"3160";NA;NA;NA
"EVL";"CZ0413177";"6430";NA;NA;NA
"EVL";"CZ0524048";"7230";NA;NA;NA
"EVL";"CZ0620073";"2330";NA;NA;NA
"EVL";"CZ0620194";"8220";NA;NA;NA
"EVL";"CZ0620194";"9180";1,05264323082404;0;6
"EVL";"CZ0320023";"6110";NA;NA;NA
"EVL";"CZ0320023";"9150";2,29713638725844;1,77660528276223;4
"EVL";"CZ0320023";"91U0";0,078586239454709;0;1
"EVL";"CZ0320180";"6410";NA;NA;NA
"EVL";"CZ0320180";"7140";NA;NA;NA
"EVL";"CZ0320180";"9110";30,5724175682858;16,2472301567665;42
"EVL";"CZ0320180";"9130";1,84885456322355;0;5
"EVL";"CZ0320180";"9180";0;0;0
"EVL";"CZ0320180";"9190";0;0;0
"EVL";"CZ0320180";"9410";0,000800824962952174;0;1
"EVL";"CZ0320180";"91D0";0,165258074204996;0;1
"EVL";"CZ0624062";"6210";NA;NA;NA
"EVL";"CZ0624062";"91G0";0;0;0
"EVL";"CZ0624062";"91I0";0;0;0
"EVL";"CZ0534050";"3150";NA;NA;NA
"EVL";"CZ0214004";"2330";NA;NA;NA
"EVL";"CZ0214004";"6510";NA;NA;NA
"EVL";"CZ0214004";"9170";0,00554498860390304;0;4
"EVL";"CZ0214004";"9190";0;0;0
"EVL";"CZ0624072";"3140";NA;NA;NA
"EVL";"CZ0624072";"6210";NA;NA;NA
"EVL";"CZ0624072";"6410";NA;NA;NA
"EVL";"CZ0624072";"6430";NA;NA;NA
"EVL";"CZ0624072";"6510";NA;NA;NA
"EVL";"CZ0624072";"7220";NA;NA;NA
"EVL";"CZ0624072";"9130";7,73611518014038;2,86562511656538;22
"EVL";"CZ0624072";"9170";22,0118111188584;7,39802944624052;36
"EVL";"CZ0624072";"6210p";NA;NA;NA
"EVL";"CZ0624072";"91E0";0,0104955222296866;0;3
"EVL";"CZ0624072";"91G0";3,54396302617765;0;28
"EVL";"CZ0624072";"91I0";0;0;0
"EVL";"CZ0210704";"6190";NA;NA;NA
"EVL";"CZ0210704";"40A0";NA;NA;NA
"EVL";"CZ0310032";"3260";NA;NA;NA
"EVL";"CZ0310032";"8220";NA;NA;NA
"EVL";"CZ0310610";"7120";NA;NA;NA
"EVL";"CZ0310610";"91D0";5,858585883675;5,20627280357117;3
"EVL";"CZ0810001";"6510";NA;NA;NA
"EVL";"CZ0810001";"7220";NA;NA;NA
"EVL";"CZ0810001";"9180";5,41563023310437e-05;0;16
"EVL";"CZ0424031";"3260";NA;NA;NA
"EVL";"CZ0424031";"4030";NA;NA;NA
"EVL";"CZ0424031";"6230";NA;NA;NA
"EVL";"CZ0424031";"6510";NA;NA;NA
"EVL";"CZ0424031";"8160";NA;NA;NA
"EVL";"CZ0424031";"8220";NA;NA;NA
"EVL";"CZ0424031";"8310";NA;NA;NA
"EVL";"CZ0424031";"9110";274,629364136415;237,908919317783;230
"EVL";"CZ0424031";"9130";0,895678991815693;0;14
"EVL";"CZ0424031";"9180";0,340228422685381;0;8
"EVL";"CZ0424031";"9410";5,22447198546762;0;32
"EVL";"CZ0520038";"9170";9,62185938114757;0;27
"EVL";"CZ0520038";"9190";0,494572223396077;0;3
"EVL";"CZ0620002";"6210";NA;NA;NA
"EVL";"CZ0620002";"6240";NA;NA;NA
"EVL";"CZ0620002";"6210p";NA;NA;NA
"EVL";"CZ0210150";"7220";NA;NA;NA
"EVL";"CZ0210150";"9170";0,518779672650679;0;2
"EVL";"CZ0310630";"3140";NA;NA;NA
"EVL";"CZ0620421";"91G0";27,8489714442337;6,43073555944218;45
"EVL";"CZ0614053";"3140";NA;NA;NA
"EVL";"CZ0614053";"6410";NA;NA;NA
"EVL";"CZ0614053";"7140";NA;NA;NA
"EVL";"CZ0614053";"9410";7,73738643234392;6,72603565546563;4
"EVL";"CZ0614053";"91D0";6,37295986201311;5,70337335083133;3
"EVL";"CZ0813439";"3260";NA;NA;NA
"EVL";"CZ0420069";"91I0";0;0;0
"EVL";"CZ0624104";"6190";NA;NA;NA
"EVL";"CZ0624104";"6210";NA;NA;NA
"EVL";"CZ0624104";"6240";NA;NA;NA
"EVL";"CZ0624104";"8160";NA;NA;NA
"EVL";"CZ0624104";"8210";NA;NA;NA
"EVL";"CZ0624104";"9180";4,68107123461973;2,49015553855023;6
"EVL";"CZ0624104";"91G0";0,422916508032565;0;2
"EVL";"CZ0624104";"91H0";0;0;0
"EVL";"CZ0620414";"6230";NA;NA;NA
"EVL";"CZ0424139";"91F0";1,83346877829635;0;6
"EVL";"CZ0534052";"3260";NA;NA;NA
"EVL";"CZ0610514";"3140";NA;NA;NA
"EVL";"CZ0610514";"6230";NA;NA;NA
"EVL";"CZ0424125";"3150";NA;NA;NA
"EVL";"CZ0424125";"3260";NA;NA;NA
"EVL";"CZ0424125";"5130";NA;NA;NA
"EVL";"CZ0424125";"6210";NA;NA;NA
"EVL";"CZ0424125";"6230";NA;NA;NA
"EVL";"CZ0424125";"6430";NA;NA;NA
"EVL";"CZ0424125";"6510";NA;NA;NA
"EVL";"CZ0424125";"8160";NA;NA;NA
"EVL";"CZ0424125";"9130";16,442211955612;1,42413044796072;72
"EVL";"CZ0424125";"9180";12,3174807498112;3,19574774506973;58
"EVL";"CZ0424125";"40A0";NA;NA;NA
"EVL";"CZ0424125";"91E0";2,29288699783864;0;25
"EVL";"CZ0424125";"91I0";2,50624774035859;1,32555528109718;8
"EVL";"CZ0610030";"3150";NA;NA;NA
"EVL";"CZ0623799";"91F0";6,21027815754687;4,36694727855013;5
"EVL";"CZ0710006";"6510";NA;NA;NA
"EVL";"CZ0710006";"9170";2,35989956467016;0;12
"EVL";"CZ0523268";"6410";NA;NA;NA
"EVL";"CZ0523268";"9170";0;0;0
"EVL";"CZ0523268";"91E0";0;0;0
"EVL";"CZ0622218";"6210";NA;NA;NA
"EVL";"CZ0622218";"6250";NA;NA;NA
"EVL";"CZ0622218";"40A0";NA;NA;NA
"EVL";"CZ0310080";"7140";NA;NA;NA
"EVL";"CZ0310080";"7150";NA;NA;NA
"EVL";"CZ0620003";"6210";NA;NA;NA
"EVL";"CZ0210101";"3130";NA;NA;NA
"EVL";"CZ0210101";"3150";NA;NA;NA
"EVL";"CZ0210101";"6410";NA;NA;NA
"EVL";"CZ0210101";"6510";NA;NA;NA
"EVL";"CZ0210101";"7230";NA;NA;NA
"EVL";"CZ0210101";"9170";124,499251736607;18,2972386776392;249
"EVL";"CZ0210101";"9190";15,2501513591673;3,6936385248673;49
"EVL";"CZ0210101";"91E0";0,672534132168489;0;4
"EVL";"CZ0210101";"91H0";1,37181331118694;0;7
"EVL";"CZ0210101";"91I0";0,118445950585417;0;1
"EVL";"CZ0420044";"6210";NA;NA;NA
"EVL";"CZ0310001";"9110";1,21815580813669;0;11
"EVL";"CZ0310001";"9130";0,000440303391600028;0;1
"EVL";"CZ0620004";"4030";NA;NA;NA
"EVL";"CZ0620004";"40A0";NA;NA;NA
"EVL";"CZ0620004";"6210p";NA;NA;NA
"EVL";"CZ0420074";"7110";NA;NA;NA
"EVL";"CZ0420074";"7140";NA;NA;NA
"EVL";"CZ0420074";"91D0";0,265922664358586;0;2
"EVL";"CZ0610025";"9130";0,479949723527366;0;8
"EVL";"CZ0610025";"9170";0,192405627768087;0;6
"EVL";"CZ0714084";"8220";NA;NA;NA
"EVL";"CZ0714084";"9110";3,68020582947837;0;8
"EVL";"CZ0714084";"9130";9,41019069261235;0;38
"EVL";"CZ0310070";"5130";NA;NA;NA
"EVL";"CZ0610516";"6230";NA;NA;NA
"EVL";"CZ0524050";"3150";NA;NA;NA
"EVL";"CZ0524050";"9170";9,16114774157126;0;22
"EVL";"CZ0320030";"9110";8,51986999787099;1,25826165479254;17
"EVL";"CZ0320030";"9180";0;0;0
"EVL";"CZ0620415";"3140";NA;NA;NA
"EVL";"CZ0610022";"6410";NA;NA;NA
"EVL";"CZ0110049";"4030";NA;NA;NA
"EVL";"CZ0530037";"9180";0,273996117010117;0;2
"EVL";"CZ0313098";"3160";NA;NA;NA
"EVL";"CZ0313098";"7140";NA;NA;NA
"EVL";"CZ0620418";"3130";NA;NA;NA
"EVL";"CZ0810423";"9170";0;0;0
"EVL";"CZ0810423";"9190";0;0;0
"EVL";"CZ0612135";"3130";NA;NA;NA
"EVL";"CZ0624070";"2330";NA;NA;NA
"EVL";"CZ0624070";"6260";NA;NA;NA
"EVL";"CZ0624070";"91E0";5,85707031706694;1,01351985481763;12
"EVL";"CZ0624070";"91G0";12,2887165725026;2,35161437275023;29
"EVL";"CZ0624070";"91I0";20,8880532629018;9,75445524540299;38
"EVL";"CZ0620005";"6210";NA;NA;NA
"EVL";"CZ0620005";"6210p";NA;NA;NA
"EVL";"CZ0620005";"91G0";0;0;0
"EVL";"CZ0420007";"6210";NA;NA;NA
"EVL";"CZ0420007";"9170";0;0;0
"EVL";"CZ0420007";"91H0";0;0;0
"EVL";"CZ0424038";"6190";NA;NA;NA
"EVL";"CZ0424038";"6210";NA;NA;NA
"EVL";"CZ0424038";"6510";NA;NA;NA
"EVL";"CZ0424038";"8220";NA;NA;NA
"EVL";"CZ0424038";"8230";NA;NA;NA
"EVL";"CZ0424038";"40A0";NA;NA;NA
"EVL";"CZ0420014";"6110";NA;NA;NA
"EVL";"CZ0420014";"6190";NA;NA;NA
"EVL";"CZ0420014";"6210";NA;NA;NA
"EVL";"CZ0420014";"8220";NA;NA;NA
"EVL";"CZ0420014";"9180";0;0;0
"EVL";"CZ0420014";"40A0";NA;NA;NA
"EVL";"CZ0423507";"3260";NA;NA;NA
"EVL";"CZ0423507";"6430";NA;NA;NA
"EVL";"CZ0314022";"3140";NA;NA;NA
"EVL";"CZ0314022";"3260";NA;NA;NA
"EVL";"CZ0314022";"9110";3,49966239133944;0;13
"EVL";"CZ0314022";"9130";2,65493001529991;0;7
"EVL";"CZ0314022";"91E0";0,502919948385272;0;2
"EVL";"CZ0610029";"3130";NA;NA;NA
"EVL";"CZ0513506";"2330";NA;NA;NA
"EVL";"CZ0513506";"3140";NA;NA;NA
"EVL";"CZ0513506";"3150";NA;NA;NA
"EVL";"CZ0513506";"3260";NA;NA;NA
"EVL";"CZ0513506";"6410";NA;NA;NA
"EVL";"CZ0513506";"6430";NA;NA;NA
"EVL";"CZ0513506";"7140";NA;NA;NA
"EVL";"CZ0513506";"91D0";0,639372796539939;0;4
"EVL";"CZ0513506";"91E0";0;0;0
"EVL";"CZ0724429";"8310";NA;NA;NA
"EVL";"CZ0724429";"9110";7,60472815133425;0;31
"EVL";"CZ0724429";"9130";29,9071936551342;10,3373862314219;79
"EVL";"CZ0724429";"9180";2,00831880961872;0;16
"EVL";"CZ0210010";"6210";NA;NA;NA
"EVL";"CZ0210010";"9170";0,025161165706953;0;1
"EVL";"CZ0210010";"91I0";0;0;0
"EVL";"CZ0622009";"6210";NA;NA;NA
"EVL";"CZ0210172";"3140";NA;NA;NA
"EVL";"CZ0210172";"6210";NA;NA;NA
"EVL";"CZ0210172";"6410";NA;NA;NA
"EVL";"CZ0210172";"7210";NA;NA;NA
"EVL";"CZ0210172";"7230";NA;NA;NA
"EVL";"CZ0210043";"9110";0;0;0
"EVL";"CZ0210043";"9180";0,0258322058729385;0;1
"EVL";"CZ0520020";"8220";NA;NA;NA
"EVL";"CZ0520020";"9110";0;0;0
"EVL";"CZ0520020";"9130";0,662048196420239;0;2
"EVL";"CZ0414127";"3150";NA;NA;NA
"EVL";"CZ0414127";"5130";NA;NA;NA
"EVL";"CZ0414127";"6210";NA;NA;NA
"EVL";"CZ0414127";"6230";NA;NA;NA
"EVL";"CZ0414127";"6430";NA;NA;NA
"EVL";"CZ0414127";"6510";NA;NA;NA
"EVL";"CZ0414127";"8230";NA;NA;NA
"EVL";"CZ0414127";"8310";NA;NA;NA
"EVL";"CZ0414127";"9130";234,354444401747;140,130601341608;394
"EVL";"CZ0414127";"9180";26,7799478133236;9,82891012231699;102
"EVL";"CZ0414127";"40A0";NA;NA;NA
"EVL";"CZ0414127";"91E0";16,199320147772;5,68639849159941;99
"EVL";"CZ0414127";"91I0";24,2054050087771;11,2033324845882;41
"EVL";"CZ0814093";"91E0";0,111796042438308;0;3
"EVL";"CZ0610145";"91E0";0;0;0
"EVL";"CZ0530020";"8210";NA;NA;NA
"EVL";"CZ0530020";"9130";18,7510162386006;3,3764400924189;51
"EVL";"CZ0530020";"9180";1,37425281887409;0;10
"EVL";"CZ0534054";"3140";NA;NA;NA
"EVL";"CZ0534054";"6410";NA;NA;NA
"EVL";"CZ0534054";"6430";NA;NA;NA
"EVL";"CZ0534054";"7140";NA;NA;NA
"EVL";"CZ0534054";"91E0";1,58332663656578;0;6
"EVL";"CZ0714771";"8310";NA;NA;NA
"EVL";"CZ0320140";"9130";2,97603949620483;0;14
"EVL";"CZ0320140";"9180";0,203429039342282;0;3
"EVL";"CZ0210109";"6210";NA;NA;NA
"EVL";"CZ0210109";"6410";NA;NA;NA
"EVL";"CZ0210109";"9170";0,513453305384821;0;2
"EVL";"CZ0320029";"9170";0;0;0
"EVL";"CZ0320029";"9180";0;0;0
"EVL";"CZ0710182";"3150";NA;NA;NA
"EVL";"CZ0710182";"6410";NA;NA;NA
"EVL";"CZ0710182";"9170";2,86879574231145;2,21023838839218;3
"EVL";"CZ0710182";"91E0";0;0;0
"EVL";"CZ0614136";"7140";NA;NA;NA
"EVL";"CZ0533303";"3260";NA;NA;NA
"EVL";"CZ0724091";"6210";NA;NA;NA
"EVL";"CZ0724091";"6410";NA;NA;NA
"EVL";"CZ0724091";"6430";NA;NA;NA
"EVL";"CZ0724091";"6510";NA;NA;NA
"EVL";"CZ0724091";"7220";NA;NA;NA
"EVL";"CZ0724091";"8220";NA;NA;NA
"EVL";"CZ0724091";"8310";NA;NA;NA
"EVL";"CZ0724091";"9130";274,412396806487;145,738633064403;444
"EVL";"CZ0724091";"9170";84,2294400624969;23,691864578152;270
"EVL";"CZ0724091";"9180";0,0996885136668163;0;1
"EVL";"CZ0724091";"6210p";NA;NA;NA
"EVL";"CZ0724091";"91E0";2,77506590715472;0;39
"EVL";"CZ0110040";"6190";NA;NA;NA
"EVL";"CZ0110040";"6210";NA;NA;NA
"EVL";"CZ0110040";"9170";1,34321494364666;1,19258768856861;4
"EVL";"CZ0110040";"9180";0,177619936109078;0;1
"EVL";"CZ0314634";"8310";NA;NA;NA
"EVL";"CZ0720454";"5130";NA;NA;NA
"EVL";"CZ0613321";"6230";NA;NA;NA
"EVL";"CZ0620416";"3130";NA;NA;NA
"EVL";"CZ0624066";"6210";NA;NA;NA
"EVL";"CZ0624066";"9170";0;0;0
"EVL";"CZ0620162";"6240";NA;NA;NA
"EVL";"CZ0620162";"6250";NA;NA;NA
"EVL";"CZ0620162";"40A0";NA;NA;NA
"EVL";"CZ0610179";"6510";NA;NA;NA
"EVL";"CZ0610179";"9170";3,17103743243571;0;28
"EVL";"CZ0514042";"2330";NA;NA;NA
"EVL";"CZ0514042";"3140";NA;NA;NA
"EVL";"CZ0514042";"3150";NA;NA;NA
"EVL";"CZ0514042";"3160";NA;NA;NA
"EVL";"CZ0514042";"4030";NA;NA;NA
"EVL";"CZ0514042";"6410";NA;NA;NA
"EVL";"CZ0514042";"6430";NA;NA;NA
"EVL";"CZ0514042";"7140";NA;NA;NA
"EVL";"CZ0514042";"7150";NA;NA;NA
"EVL";"CZ0514042";"7230";NA;NA;NA
"EVL";"CZ0514042";"8310";NA;NA;NA
"EVL";"CZ0514042";"9110";12,0595760474216;5,45377541932841;19
"EVL";"CZ0514042";"9410";14,2042625401998;10,5611689768606;19
"EVL";"CZ0514042";"91D0";4,78283224319596;0;19
"EVL";"CZ0514042";"91T0";0,0988173547971295;0;1
"EVL";"CZ0623041";"3260";NA;NA;NA
"EVL";"CZ0620078";"3140";NA;NA;NA
"EVL";"CZ0620078";"6410";NA;NA;NA
"EVL";"CZ0620078";"7230";NA;NA;NA
"EVL";"CZ0410018";"6210";NA;NA;NA
"EVL";"CZ0510509";"9130";0,346984161197883;0;1
"EVL";"CZ0510509";"9180";0,0867460402994708;0;1
"EVL";"CZ0510412";"4030";NA;NA;NA
"EVL";"CZ0510412";"7110";NA;NA;NA
"EVL";"CZ0510412";"7140";NA;NA;NA
"EVL";"CZ0510412";"8220";NA;NA;NA
"EVL";"CZ0510412";"9410";5,00538998890091;1,76870169374739;17
"EVL";"CZ0510412";"91D0";3,8284826735509;1,32341716636179;11
"EVL";"CZ0510400";"8220";NA;NA;NA
"EVL";"CZ0510400";"9110";24,3591897361446;1,1938055734504;62
"EVL";"CZ0510400";"9130";0,386463814414293;0;2
"EVL";"CZ0510400";"9140";6,33157730821014;4,94791584303514;7
"EVL";"CZ0510400";"9180";0;0;0
"EVL";"CZ0624236";"6210";NA;NA;NA
"EVL";"CZ0624236";"6240";NA;NA;NA
"EVL";"CZ0210732";"6230";NA;NA;NA
"EVL";"CZ0210732";"7140";NA;NA;NA
"EVL";"CZ0210105";"7220";NA;NA;NA
"EVL";"CZ0210105";"9130";0;0;0
"EVL";"CZ0210105";"9150";0;0;0
"EVL";"CZ0210105";"9180";0;0;0
"EVL";"CZ0614132";"3130";NA;NA;NA
"EVL";"CZ0620006";"6210";NA;NA;NA
"EVL";"CZ0620006";"6240";NA;NA;NA
"EVL";"CZ0520008";"8210";NA;NA;NA
"EVL";"CZ0620007";"6210";NA;NA;NA
"EVL";"CZ0610515";"6230";NA;NA;NA
"EVL";"CZ0624115";"6210";NA;NA;NA
"EVL";"CZ0624115";"6240";NA;NA;NA
"EVL";"CZ0624115";"6210p";NA;NA;NA
"EVL";"CZ0410413";"3260";NA;NA;NA
"EVL";"CZ0410413";"8220";NA;NA;NA
"EVL";"CZ0410413";"9110";1,69262042093535;0;28
"EVL";"CZ0410413";"9130";0;0;0
"EVL";"CZ0410413";"9170";0,408960728893779;0;2
"EVL";"CZ0410413";"9180";0,0925534909523878;0;4
"EVL";"CZ0410413";"91E0";0,0332496711119066;0;5
"EVL";"CZ0324025";"8150";NA;NA;NA
"EVL";"CZ0324025";"8220";NA;NA;NA
"EVL";"CZ0324025";"9110";0,305531764451005;0;1
"EVL";"CZ0324025";"9170";0,053047400696016;0;1
"EVL";"CZ0324025";"9180";0,00301516663857386;0;2
"EVL";"CZ0110154";"6190";NA;NA;NA
"EVL";"CZ0110154";"6210";NA;NA;NA
"EVL";"CZ0110154";"8220";NA;NA;NA
"EVL";"CZ0110154";"8230";NA;NA;NA
"EVL";"CZ0110154";"40A0";NA;NA;NA
"EVL";"CZ0620177";"91G0";27,6149445413876;8,71461095784693;52
"EVL";"CZ0620177";"91I0";11,1382014725421;6,23759817300355;14
"EVL";"CZ0214007";"3150";NA;NA;NA
"EVL";"CZ0214007";"6440";NA;NA;NA
"EVL";"CZ0214007";"6510";NA;NA;NA
"EVL";"CZ0214007";"7230";NA;NA;NA
"EVL";"CZ0214007";"9170";0;0;0
"EVL";"CZ0214007";"91E0";0;0;0
"EVL";"CZ0214007";"91F0";0;0;0
"EVL";"CZ0214002";"6210";NA;NA;NA
"EVL";"CZ0214002";"6510";NA;NA;NA
"EVL";"CZ0214002";"7220";NA;NA;NA
"EVL";"CZ0214002";"8160";NA;NA;NA
"EVL";"CZ0214002";"8210";NA;NA;NA
"EVL";"CZ0214002";"8230";NA;NA;NA
"EVL";"CZ0214002";"8310";NA;NA;NA
"EVL";"CZ0214002";"9130";6,33876616251655e-05;0;1
"EVL";"CZ0214002";"9150";0,0244913014864549;0;1
"EVL";"CZ0214002";"9170";0,745782942554958;0;7
"EVL";"CZ0214002";"9180";0,156985327812757;0;2
"EVL";"CZ0214002";"40A0";NA;NA;NA
"EVL";"CZ0214002";"6210p";NA;NA;NA
"EVL";"CZ0214002";"91H0";0,255629915947374;0;3
"EVL";"CZ0214002";"91I0";0,000875501845471445;0;1
"EVL";"CZ0214017";"3260";NA;NA;NA
"EVL";"CZ0214017";"3270";NA;NA;NA
"EVL";"CZ0214017";"5130";NA;NA;NA
"EVL";"CZ0214017";"6110";NA;NA;NA
"EVL";"CZ0214017";"6190";NA;NA;NA
"EVL";"CZ0214017";"6210";NA;NA;NA
"EVL";"CZ0214017";"7220";NA;NA;NA
"EVL";"CZ0214017";"8160";NA;NA;NA
"EVL";"CZ0214017";"8210";NA;NA;NA
"EVL";"CZ0214017";"8310";NA;NA;NA
"EVL";"CZ0214017";"9150";3,43599030265158;1,97489425808397;9
"EVL";"CZ0214017";"9170";8,24389513992249;0;33
"EVL";"CZ0214017";"9180";1,16987656998322;1,12809001278477;3
"EVL";"CZ0214017";"40A0";NA;NA;NA
"EVL";"CZ0214017";"6210p";NA;NA;NA
"EVL";"CZ0214017";"91H0";0,145321354762554;0;3
"EVL";"CZ0214017";"91I0";0,178616891070942;0;1
"EVL";"CZ0323151";"6430";NA;NA;NA
"EVL";"CZ0714075";"4060";NA;NA;NA
"EVL";"CZ0714075";"6150";NA;NA;NA
"EVL";"CZ0714075";"6430";NA;NA;NA
"EVL";"CZ0714075";"7110";NA;NA;NA
"EVL";"CZ0714075";"8220";NA;NA;NA
"EVL";"CZ0714075";"9110";37,9475627722899;22,9574992357507;47
"EVL";"CZ0714075";"9410";135,271345165168;92,4009761958601;79
"EVL";"CZ0714075";"91D0";0,267955671292533;0;3
"EVL";"CZ0214044";"6410";NA;NA;NA
"EVL";"CZ0214044";"6510";NA;NA;NA
"EVL";"CZ0214044";"9170";0,86003591918238;0;7
"EVL";"CZ0214044";"9190";2,65650905539552;0;10
"EVL";"CZ0410414";"7110";NA;NA;NA
"EVL";"CZ0410414";"7140";NA;NA;NA
"EVL";"CZ0410414";"9410";28,4762742977538;9,25498966814166;81
"EVL";"CZ0410414";"91D0";1,04581157281788;0;7
"EVL";"CZ0422077";"2330";NA;NA;NA
"EVL";"CZ0510508";"4030";NA;NA;NA
"EVL";"CZ0510508";"6510";NA;NA;NA
"EVL";"CZ0510508";"8150";NA;NA;NA
"EVL";"CZ0510508";"8220";NA;NA;NA
"EVL";"CZ0510508";"9110";4,15121214225221;3,37412357529644;8
"EVL";"CZ0620008";"6210p";NA;NA;NA
"EVL";"CZ0420528";"4030";NA;NA;NA
"EVL";"CZ0420528";"6230";NA;NA;NA
"EVL";"CZ0420528";"6430";NA;NA;NA
"EVL";"CZ0420528";"6520";NA;NA;NA
"EVL";"CZ0420528";"7110";NA;NA;NA
"EVL";"CZ0420528";"7120";NA;NA;NA
"EVL";"CZ0420528";"7140";NA;NA;NA
"EVL";"CZ0420528";"9410";2,4176430949441;1,47521466532114;3
"EVL";"CZ0420528";"91D0";0,0370370332745835;0;1
"EVL";"CZ0310010";"6410";NA;NA;NA
"EVL";"CZ0724120";"3150";NA;NA;NA
"EVL";"CZ0724120";"6510";NA;NA;NA
"EVL";"CZ0724120";"91E0";0;0;0
"EVL";"CZ0724120";"91F0";9,61985600431562;5,6638148854683;8
"EVL";"CZ0620417";"6250";NA;NA;NA
"EVL";"CZ0314648";"6410";NA;NA;NA
"EVL";"CZ0320053";"8220";NA;NA;NA
"EVL";"CZ0320053";"8230";NA;NA;NA
"EVL";"CZ0320053";"9130";17,6267650016209;3,18844236733261;53
"EVL";"CZ0320053";"9170";9,87370560593226;0;40
"EVL";"CZ0320053";"9180";1,41293991575157;0;15
"EVL";"CZ0810035";"6510";NA;NA;NA
"EVL";"CZ0810035";"9130";0;0;0
"EVL";"CZ0810035";"9170";0;0;0
"EVL";"CZ0214013";"3140";NA;NA;NA
"EVL";"CZ0214013";"3150";NA;NA;NA
"EVL";"CZ0214013";"6210";NA;NA;NA
"EVL";"CZ0214013";"6410";NA;NA;NA
"EVL";"CZ0214013";"6430";NA;NA;NA
"EVL";"CZ0214013";"6510";NA;NA;NA
"EVL";"CZ0214013";"7210";NA;NA;NA
"EVL";"CZ0214013";"7230";NA;NA;NA
"EVL";"CZ0214013";"8220";NA;NA;NA
"EVL";"CZ0214013";"8230";NA;NA;NA
"EVL";"CZ0214013";"8310";NA;NA;NA
"EVL";"CZ0214013";"9110";26,5623131907884;1,37736818631648;161
"EVL";"CZ0214013";"91E0";0,239893256204574;0;6
"EVL";"CZ0420021";"8220";NA;NA;NA
"EVL";"CZ0420021";"9110";0;0;0
"EVL";"CZ0420021";"9130";0,0487871377113461;0;1
"EVL";"CZ0420021";"9180";0,00095545485987328;0;1
"EVL";"CZ0423216";"3140";NA;NA;NA
"EVL";"CZ0714076";"6210";NA;NA;NA
"EVL";"CZ0714076";"6510";NA;NA;NA
"EVL";"CZ0714076";"8210";NA;NA;NA
"EVL";"CZ0420459";"6210";NA;NA;NA
"EVL";"CZ0420459";"6510";NA;NA;NA
"EVL";"CZ0420459";"8220";NA;NA;NA
"EVL";"CZ0420459";"9170";1,26697126759339;0;10
"EVL";"CZ0420459";"9180";0;0;0
"EVL";"CZ0420459";"40A0";NA;NA;NA
"EVL";"CZ0420459";"6210p";NA;NA;NA
"EVL";"CZ0420459";"91H0";0,00449316198639572;0;1
"EVL";"CZ0420459";"91I0";0,131635848960001;0;2
"EVL";"CZ0214037";"6110";NA;NA;NA
"EVL";"CZ0214037";"6190";NA;NA;NA
"EVL";"CZ0214037";"6210";NA;NA;NA
"EVL";"CZ0214037";"8310";NA;NA;NA
"EVL";"CZ0720016";"6210";NA;NA;NA
"EVL";"CZ0720016";"9170";0;0;0
"EVL";"CZ0720016";"91E0";0;0;0
"EVL";"CZ0720016";"91I0";0;0;0
"EVL";"CZ0614133";"6210";NA;NA;NA
"EVL";"CZ0614133";"6510";NA;NA;NA
"EVL";"CZ0210022";"6210";NA;NA;NA
"EVL";"CZ0210022";"9170";3,73250821365513;0;11
"EVL";"CZ0210022";"9190";0,0271301219399087;0;1
"EVL";"CZ0520507";"6510";NA;NA;NA
"EVL";"CZ0520507";"8210";NA;NA;NA
"EVL";"CZ0520507";"9130";0,0969220799506145;0;3
"EVL";"CZ0520507";"9180";0,0757007733853421;0;2
"EVL";"CZ0510164";"9130";7,15641950630022;1,25558959781786;25
"EVL";"CZ0510164";"9170";0,918964113073284;0;6
"EVL";"CZ0510164";"9180";0,315423527886829;0;4
"EVL";"CZ0510164";"91E0";1,44744786502238;0;7
"EVL";"CZ0310073";"3130";NA;NA;NA
"EVL";"CZ0530146";"4060";NA;NA;NA
"EVL";"CZ0530146";"6150";NA;NA;NA
"EVL";"CZ0530146";"6430";NA;NA;NA
"EVL";"CZ0530146";"7110";NA;NA;NA
"EVL";"CZ0530146";"8110";NA;NA;NA
"EVL";"CZ0530146";"8220";NA;NA;NA
"EVL";"CZ0530146";"8310";NA;NA;NA
"EVL";"CZ0530146";"9110";0;0;0
"EVL";"CZ0530146";"9410";11,8761264963618;6,37750353163553;9
"EVL";"CZ0530146";"91D0";0,171790715401892;0;1
"EVL";"CZ0710161";"9170";3,45905553298797;0;21
"EVL";"CZ0710161";"91F0";4,13773846363531;2,47711802823609;12
"EVL";"CZ0410401";"7110";NA;NA;NA
"EVL";"CZ0410401";"7120";NA;NA;NA
"EVL";"CZ0410401";"7140";NA;NA;NA
"EVL";"CZ0410401";"9410";2,08867816901286;1,2906287235231;4
"EVL";"CZ0410401";"91D0";2,98638039954351;1,04035107302252;6
"EVL";"CZ0534053";"6510";NA;NA;NA
"EVL";"CZ0534053";"8220";NA;NA;NA
"EVL";"CZ0534053";"9110";0,525488076051953;0;4
"EVL";"CZ0534053";"9130";0,500291302371546;0;4
"EVL";"CZ0534053";"9180";0,093922909737851;0;2
"EVL";"CZ0524044";"4030";NA;NA;NA
"EVL";"CZ0524044";"4060";NA;NA;NA
"EVL";"CZ0524044";"4070";NA;NA;NA
"EVL";"CZ0524044";"4080";NA;NA;NA
"EVL";"CZ0524044";"6150";NA;NA;NA
"EVL";"CZ0524044";"6230";NA;NA;NA
"EVL";"CZ0524044";"6430";NA;NA;NA
"EVL";"CZ0524044";"6510";NA;NA;NA
"EVL";"CZ0524044";"6520";NA;NA;NA
"EVL";"CZ0524044";"7110";NA;NA;NA
"EVL";"CZ0524044";"7140";NA;NA;NA
"EVL";"CZ0524044";"8110";NA;NA;NA
"EVL";"CZ0524044";"8220";NA;NA;NA
"EVL";"CZ0524044";"8310";NA;NA;NA
"EVL";"CZ0524044";"9110";241,670100145548;149,077365205194;347
"EVL";"CZ0524044";"9130";43,1616109891854;17,0121500382255;129
"EVL";"CZ0524044";"9140";35,1714491903094;14,2218753188046;140
"EVL";"CZ0524044";"9180";7,26054876955523;2,43523811403165;32
"EVL";"CZ0524044";"9410";337,97613624512;282,583489600371;137
"EVL";"CZ0524044";"91D0";4,04318902126803;0;15
"EVL";"CZ0524044";"91E0";4,36357193626864;0;41
"EVL";"CZ0210107";"9150";0;0;0
"EVL";"CZ0210107";"9180";0;0;0
"EVL";"CZ0210107";"91I0";0;0;0
"EVL";"CZ0624128";"6110";NA;NA;NA
"EVL";"CZ0624128";"6190";NA;NA;NA
"EVL";"CZ0624128";"6240";NA;NA;NA
"EVL";"CZ0624128";"8220";NA;NA;NA
"EVL";"CZ0624128";"40A0";NA;NA;NA
"EVL";"CZ0624064";"6410";NA;NA;NA
"EVL";"CZ0624064";"9170";7,82983831979595;2,28097500879334;26
"EVL";"CZ0624064";"91G0";1,39079187107139;0;3
"EVL";"CZ0624064";"91I0";0,646766989429165;0;2
"EVL";"CZ0414110";"4030";NA;NA;NA
"EVL";"CZ0414110";"6230";NA;NA;NA
"EVL";"CZ0414110";"6520";NA;NA;NA
"EVL";"CZ0414110";"7110";NA;NA;NA
"EVL";"CZ0414110";"7140";NA;NA;NA
"EVL";"CZ0414110";"8220";NA;NA;NA
"EVL";"CZ0414110";"9140";0;0;0
"EVL";"CZ0414110";"9410";308,733248232702;151,000932256814;411
"EVL";"CZ0414110";"91D0";12,4991288411969;1,23175505733786;95
"EVL";"CZ0420406";"6110";NA;NA;NA
"EVL";"CZ0420406";"6210";NA;NA;NA
"EVL";"CZ0420406";"40A0";NA;NA;NA
"EVL";"CZ0420406";"6210p";NA;NA;NA
"EVL";"CZ0210409";"6190";NA;NA;NA
"EVL";"CZ0210409";"8160";NA;NA;NA
"EVL";"CZ0210409";"9170";0;0;0
"EVL";"CZ0210409";"9180";0;0;0
"EVL";"CZ0210409";"91H0";0;0;0
"EVL";"CZ0624101";"6240";NA;NA;NA
"EVL";"CZ0624101";"91G0";15,0145040182828;8,18679517066693;23
"EVL";"CZ0624101";"91I0";10,118874182917;1,25777402462298;19
"EVL";"CZ0624065";"6240";NA;NA;NA
"EVL";"CZ0624065";"8310";NA;NA;NA
"EVL";"CZ0624065";"9150";0,132603569163028;0;1
"EVL";"CZ0624065";"9170";0;0;0
"EVL";"CZ0624065";"9180";0;0;0
"EVL";"CZ0624065";"91H0";0,00191130387342302;0;1
"EVL";"CZ0213039";"3150";NA;NA;NA
"EVL";"CZ0424111";"3260";NA;NA;NA
"EVL";"CZ0424111";"3270";NA;NA;NA
"EVL";"CZ0424111";"4030";NA;NA;NA
"EVL";"CZ0424111";"8220";NA;NA;NA
"EVL";"CZ0424111";"8310";NA;NA;NA
"EVL";"CZ0424111";"9110";11,2408119961955;4,63424572336822;25
"EVL";"CZ0424111";"9180";0,24492718878584;0;1
"EVL";"CZ0424111";"91E0";0,508173417518172;0;4
"EVL";"CZ0424111";"91T0";0,0632301666381222;0;5
"EVL";"CZ0214008";"3150";NA;NA;NA
"EVL";"CZ0214008";"8150";NA;NA;NA
"EVL";"CZ0214008";"8230";NA;NA;NA
"EVL";"CZ0214008";"9110";10,0019423422313;3,20876083718767;25
"EVL";"CZ0214008";"9130";13,0420385894603;7,89815293937507;25
"EVL";"CZ0214008";"9170";9,05240988629965;4,69261313814921;20
"EVL";"CZ0214008";"9180";0,330878159418203;0;5
"EVL";"CZ0214008";"9190";0,0612958293956425;0;2
"EVL";"CZ0710034";"9170";0;0;0
"EVL";"CZ0530174";"6410";NA;NA;NA
"EVL";"CZ0530174";"91E0";0,00012831654578913;0;1
"EVL";"CZ0620204";"9170";1,18610465752158;1,10188681236995;4
"EVL";"CZ0620009";"3130";NA;NA;NA
"EVL";"CZ0710007";"6510";NA;NA;NA
"EVL";"CZ0710007";"9170";3,13556360246498;0;8
"EVL";"CZ0710007";"91E0";0,202042549606725;0;3
"EVL";"CZ0420455";"9180";0,583032015887974;0;2
"EVL";"CZ0420455";"91I0";0;0;0
"EVL";"CZ0714133";"3130";NA;NA;NA
"EVL";"CZ0714133";"3150";NA;NA;NA
"EVL";"CZ0714133";"6230";NA;NA;NA
"EVL";"CZ0714133";"6410";NA;NA;NA
"EVL";"CZ0714133";"6430";NA;NA;NA
"EVL";"CZ0714133";"6510";NA;NA;NA
"EVL";"CZ0714133";"7140";NA;NA;NA
"EVL";"CZ0714133";"8150";NA;NA;NA
"EVL";"CZ0714133";"8220";NA;NA;NA
"EVL";"CZ0714133";"9110";6,57882511922261;3,81642601660135;10
"EVL";"CZ0714133";"9130";83,7593615681916;21,7361728223816;182
"EVL";"CZ0714133";"9170";23,6502123156782;3,94252290189338;79
"EVL";"CZ0714133";"9180";8,7668707464927;0;53
"EVL";"CZ0714133";"40A0";NA;NA;NA
"EVL";"CZ0714133";"91E0";0,710288360043738;0;17
"EVL";"CZ0214009";"3150";NA;NA;NA
"EVL";"CZ0214009";"6430";NA;NA;NA
"EVL";"CZ0214009";"6440";NA;NA;NA
"EVL";"CZ0214009";"6510";NA;NA;NA
"EVL";"CZ0214009";"91F0";9,48240561313331;1,23967734549395;23
"EVL";"CZ0310014";"9110";0;0;0
"EVL";"CZ0310014";"9130";0;0;0
"EVL";"CZ0310014";"9180";0;0;0
"EVL";"CZ0810021";"7220";NA;NA;NA
"EVL";"CZ0810021";"9180";0,323416360522821;0;5
"EVL";"CZ0420500";"6230";NA;NA;NA
"EVL";"CZ0420500";"6510";NA;NA;NA
"EVL";"CZ0420500";"8220";NA;NA;NA
"EVL";"CZ0420500";"9110";2,27030907874606;0;17
"EVL";"CZ0420500";"9180";0,419643611702447;0;6
"EVL";"CZ0530500";"6190";NA;NA;NA
"EVL";"CZ0530500";"8220";NA;NA;NA
"EVL";"CZ0530500";"9110";0,250446394007225;0;4
"EVL";"CZ0530500";"9130";0,498747644782293;0;10
"EVL";"CZ0530500";"9180";0,105261225299223;0;3
"EVL";"CZ0420454";"8150";NA;NA;NA
"EVL";"CZ0420454";"8220";NA;NA;NA
"EVL";"CZ0420454";"9180";0,0170667437758355;0;1
"EVL";"CZ0530503";"8220";NA;NA;NA
"EVL";"CZ0530503";"9110";0,817989092372917;0;3
"EVL";"CZ0530503";"9130";1,69591245282862;0;2
"EVL";"CZ0714073";"3150";NA;NA;NA
"EVL";"CZ0714073";"6410";NA;NA;NA
"EVL";"CZ0714073";"6510";NA;NA;NA
"EVL";"CZ0714073";"8310";NA;NA;NA
"EVL";"CZ0714073";"9170";124,364058097444;23,0896355859379;244
"EVL";"CZ0714073";"91E0";2,45838343992097;0;26
"EVL";"CZ0714073";"91F0";134,711510805454;42,8201302162184;224
"EVL";"CZ0410439";"3140";NA;NA;NA
"EVL";"CZ0414027";"3130";NA;NA;NA
"EVL";"CZ0414027";"3160";NA;NA;NA
"EVL";"CZ0414027";"4030";NA;NA;NA
"EVL";"CZ0414027";"6230";NA;NA;NA
"EVL";"CZ0414027";"6410";NA;NA;NA
"EVL";"CZ0414027";"7140";NA;NA;NA
"EVL";"CZ0414027";"91E0";0,701002930932209;0;2
"EVL";"CZ0210720";"3140";NA;NA;NA
"EVL";"CZ0210720";"7230";NA;NA;NA
"EVL";"CZ0210058";"6230";NA;NA;NA
"EVL";"CZ0210058";"6410";NA;NA;NA
"EVL";"CZ0210058";"6430";NA;NA;NA
"EVL";"CZ0210058";"6510";NA;NA;NA
"EVL";"CZ0210113";"6410";NA;NA;NA
"EVL";"CZ0210113";"6510";NA;NA;NA
"EVL";"CZ0210113";"7230";NA;NA;NA
"EVL";"CZ0210011";"5130";NA;NA;NA
"EVL";"CZ0210011";"6210";NA;NA;NA
"EVL";"CZ0210011";"9170";0;0;0
"EVL";"CZ0424140";"91F0";0;0;0
"EVL";"CZ0424037";"6210";NA;NA;NA
"EVL";"CZ0424037";"8220";NA;NA;NA
"EVL";"CZ0424037";"9110";0,375634543747384;0;1
"EVL";"CZ0424037";"9170";1,43656118746034;0;4
"EVL";"CZ0424037";"9180";0;0;0
"EVL";"CZ0624129";"6430";NA;NA;NA
"EVL";"CZ0624129";"6510";NA;NA;NA
"EVL";"CZ0624129";"9130";2,64622512655616;1,41044311116645;16
"EVL";"CZ0420520";"8220";NA;NA;NA
"EVL";"CZ0420520";"9110";7,35775246856267;1,75852460557688;17
"EVL";"CZ0420520";"9130";2,93261160198865;0;10
"EVL";"CZ0420520";"9180";0;0;0
"EVL";"CZ0610512";"3150";NA;NA;NA
"EVL";"CZ0210714";"3150";NA;NA;NA
"EVL";"CZ0210714";"91E0";0;0;0
"EVL";"CZ0210714";"91F0";0;0;0
"EVL";"CZ0624235";"6110";NA;NA;NA
"EVL";"CZ0624235";"6210";NA;NA;NA
"EVL";"CZ0714083";"4030";NA;NA;NA
"EVL";"CZ0714083";"6210p";NA;NA;NA
"EVL";"CZ0614137";"7140";NA;NA;NA
"EVL";"CZ0620020";"6210";NA;NA;NA
"EVL";"CZ0620020";"6210p";NA;NA;NA
"EVL";"CZ0530064";"6410";NA;NA;NA
"EVL";"CZ0624001";"3260";NA;NA;NA
"EVL";"CZ0624001";"6430";NA;NA;NA
"EVL";"CZ0410038";"7140";NA;NA;NA
"EVL";"CZ0410038";"7150";NA;NA;NA
"EVL";"CZ0620101";"91I0";8,80912836754394;6,89706698342968;11
"EVL";"CZ0210719";"7220";NA;NA;NA
"EVL";"CZ0420416";"6190";NA;NA;NA
"EVL";"CZ0420416";"8220";NA;NA;NA
"EVL";"CZ0420416";"8230";NA;NA;NA
"EVL";"CZ0420416";"9130";0;0;0
"EVL";"CZ0420416";"9180";0,0188038713781163;0;1
"EVL";"CZ0420416";"40A0";NA;NA;NA
"EVL";"CZ0420416";"91E0";0,0966300353816571;0;2
"EVL";"CZ0520022";"3150";NA;NA;NA
"EVL";"CZ0520022";"6410";NA;NA;NA
"EVL";"CZ0520022";"6510";NA;NA;NA
"EVL";"CZ0520022";"7230";NA;NA;NA
"EVL";"CZ0520022";"9170";0,0910683013091446;0;1
"EVL";"CZ0214006";"2330";NA;NA;NA
"EVL";"CZ0214006";"4030";NA;NA;NA
"EVL";"CZ0214006";"6210";NA;NA;NA
"EVL";"CZ0214006";"6510";NA;NA;NA
"EVL";"CZ0214006";"9170";0,906198842064838;0;4
"EVL";"CZ0214006";"9190";1,10283254660182;0;3
"EVL";"CZ0624100";"6210";NA;NA;NA
"EVL";"CZ0624100";"6240";NA;NA;NA
"EVL";"CZ0624100";"91G0";49,2549856298251;41,8494302031836;17
"EVL";"CZ0624100";"91H0";0,0815011190032886;0;2
"EVL";"CZ0624100";"91I0";29,5112927793837;22,5862659119226;12
"EVL";"CZ0213047";"3140";NA;NA;NA
"EVL";"CZ0620147";"6110";NA;NA;NA
"EVL";"CZ0620147";"6240";NA;NA;NA
"EVL";"CZ0314635";"3130";NA;NA;NA
"EVL";"CZ0410438";"3140";NA;NA;NA
"EVL";"CZ0620010";"3260";NA;NA;NA
"EVL";"CZ0420085";"6430";NA;NA;NA
"EVL";"CZ0714085";"3150";NA;NA;NA
"EVL";"CZ0714085";"6430";NA;NA;NA
"EVL";"CZ0714085";"6510";NA;NA;NA
"EVL";"CZ0714085";"91E0";0,408946387164631;0;13
"EVL";"CZ0714085";"91F0";162,421361662553;100,330306190626;187
"EVL";"CZ0813456";"3260";NA;NA;NA
"EVL";"CZ0813456";"6430";NA;NA;NA
"EVL";"CZ0813456";"91E0";0;0;0
"EVL";"CZ0530034";"9110";1,02499092534237;0;5
"EVL";"CZ0530034";"9130";2,79381799249912;1,17973811180541;3
"EVL";"CZ0530034";"91E0";0;0;0
"EVL";"CZ0624130";"6110";NA;NA;NA
"EVL";"CZ0624130";"6190";NA;NA;NA
"EVL";"CZ0624130";"6210";NA;NA;NA
"EVL";"CZ0624130";"6240";NA;NA;NA
"EVL";"CZ0624130";"6510";NA;NA;NA
"EVL";"CZ0624130";"8160";NA;NA;NA
"EVL";"CZ0624130";"8210";NA;NA;NA
"EVL";"CZ0624130";"8310";NA;NA;NA
"EVL";"CZ0624130";"9130";68,4023088239041;18,3722824909243;174
"EVL";"CZ0624130";"9150";0,585775444575759;0;8
"EVL";"CZ0624130";"9170";28,2666954712229;4,06836818435414;138
"EVL";"CZ0624130";"9180";1,73898324077057;0;28
"EVL";"CZ0624130";"91E0";0,252667879812293;0;10
"EVL";"CZ0624130";"91G0";4,15464584769214;1,90607182811485;20
"EVL";"CZ0624130";"91H0";4,17363687301986e-07;0;1
"EVL";"CZ0210421";"9170";1,43908988126386;0;5
"EVL";"CZ0210421";"91H0";0;0;0
"EVL";"CZ0624103";"3150";NA;NA;NA
"EVL";"CZ0624103";"91E0";0;0;0
"EVL";"CZ0624103";"91F0";38,2359604569998;28,0773948719024;38
"EVL";"CZ0420015";"7220";NA;NA;NA
"EVL";"CZ0420015";"9170";1,31705802870294;0;4
"EVL";"CZ0420015";"91F0";0,0232548601383925;0;2
"EVL";"CZ0620419";"6210";NA;NA;NA
"EVL";"CZ0620419";"6240";NA;NA;NA
"EVL";"CZ0213065";"6190";NA;NA;NA
"EVL";"CZ0213065";"6210";NA;NA;NA
"EVL";"CZ0213065";"40A0";NA;NA;NA
"EVL";"CZ0420008";"91U0";0;0;0
"EVL";"CZ0420076";"6210";NA;NA;NA
"EVL";"CZ0210044";"6210";NA;NA;NA
"EVL";"CZ0210044";"8230";NA;NA;NA
"EVL";"CZ0210044";"6210p";NA;NA;NA
"EVL";"CZ0622169";"6210";NA;NA;NA
"EVL";"CZ0720428";"6210";NA;NA;NA
"EVL";"CZ0720428";"6510";NA;NA;NA
"EVL";"CZ0720428";"7220";NA;NA;NA
"EVL";"CZ0720428";"9130";29,0996070626189;20,7695752824602;30
"EVL";"CZ0720428";"9170";5,29954622546435;2,2514264527576;15
"EVL";"CZ0720428";"6210p";NA;NA;NA
"EVL";"CZ0420035";"4030";NA;NA;NA
"EVL";"CZ0420035";"6230";NA;NA;NA
"EVL";"CZ0420035";"6430";NA;NA;NA
"EVL";"CZ0420035";"6520";NA;NA;NA
"EVL";"CZ0420035";"7120";NA;NA;NA
"EVL";"CZ0420035";"7140";NA;NA;NA
"EVL";"CZ0420035";"9410";0;0;0
"EVL";"CZ0420035";"91D0";0;0;0
"EVL";"CZ0614054";"4030";NA;NA;NA
"EVL";"CZ0614054";"5130";NA;NA;NA
"EVL";"CZ0614054";"6230";NA;NA;NA
"EVL";"CZ0614054";"7140";NA;NA;NA
"EVL";"CZ0320037";"6230";NA;NA;NA
"EVL";"CZ0320037";"7140";NA;NA;NA
"EVL";"CZ0210003";"7140";NA;NA;NA
"EVL";"CZ0620154";"6210";NA;NA;NA
"EVL";"CZ0620154";"8230";NA;NA;NA
"EVL";"CZ0724121";"5130";NA;NA;NA
"EVL";"CZ0724121";"6210";NA;NA;NA
"EVL";"CZ0724121";"6510";NA;NA;NA
"EVL";"CZ0724121";"7220";NA;NA;NA
"EVL";"CZ0724121";"9130";2,12925341311494e-06;0;6
"EVL";"CZ0724121";"9170";0,108953154926908;0;8
"EVL";"CZ0720058";"6510";NA;NA;NA
"EVL";"CZ0313128";"7150";NA;NA;NA
"EVL";"CZ0410021";"3160";NA;NA;NA
"EVL";"CZ0410021";"6510";NA;NA;NA
"EVL";"CZ0410021";"7140";NA;NA;NA
"EVL";"CZ0410021";"9410";3,80249380279047;1,30167397786017;9
"EVL";"CZ0410021";"91D0";0,703839254516222;0;5
"EVL";"CZ0724107";"91F0";30,874513435043;18,5890887545361;46
"EVL";"CZ0520030";"9170";44,9739877190202;11,7223362108517;80
"EVL";"CZ0520030";"91E0";0,547662367713707;0;3
"EVL";"CZ0310084";"6110";NA;NA;NA
"EVL";"CZ0310084";"6210";NA;NA;NA
"EVL";"CZ0310084";"8210";NA;NA;NA
"EVL";"CZ0214043";"6410";NA;NA;NA
"EVL";"CZ0214043";"7230";NA;NA;NA
"EVL";"CZ0610517";"6230";NA;NA;NA
"EVL";"CZ0624099";"3150";NA;NA;NA
"EVL";"CZ0624099";"6440";NA;NA;NA
"EVL";"CZ0624099";"6510";NA;NA;NA
"EVL";"CZ0624099";"91E0";1,56830668469807;0;9
"EVL";"CZ0624099";"91F0";56,8029989962505;28,3875272517095;74
"EVL";"CZ0214041";"6410";NA;NA;NA
"EVL";"CZ0214041";"6430";NA;NA;NA
"EVL";"CZ0214041";"6510";NA;NA;NA
"EVL";"CZ0214041";"91E0";0,290519369355447;0;4
"EVL";"CZ0810004";"3230";NA;NA;NA
"EVL";"CZ0810004";"9170";0;0;0
"EVL";"CZ0810004";"91E0";0;0;0
"EVL";"CZ0324026";"3260";NA;NA;NA
"EVL";"CZ0324026";"6430";NA;NA;NA
"EVL";"CZ0324026";"7140";NA;NA;NA
"EVL";"CZ0324026";"91E0";11,1609524389271;9,63456851134242;13
"EVL";"CZ0620011";"6210";NA;NA;NA
"EVL";"CZ0620011";"6210p";NA;NA;NA
"EVL";"CZ0420144";"7110";NA;NA;NA
"EVL";"CZ0420144";"7120";NA;NA;NA
"EVL";"CZ0420144";"7140";NA;NA;NA
"EVL";"CZ0420144";"9410";15,4246163219811;6,7897943791781;25
"EVL";"CZ0420144";"91D0";5,41609454137241;1,13452314241131;15
"EVL";"CZ0612137";"3130";NA;NA;NA
"EVL";"CZ0424039";"6110";NA;NA;NA
"EVL";"CZ0424039";"6210";NA;NA;NA
"EVL";"CZ0424039";"6510";NA;NA;NA
"EVL";"CZ0424039";"8160";NA;NA;NA
"EVL";"CZ0624071";"3150";NA;NA;NA
"EVL";"CZ0624071";"6410";NA;NA;NA
"EVL";"CZ0624071";"6440";NA;NA;NA
"EVL";"CZ0624071";"91E0";0;0;0
"EVL";"CZ0624071";"91F0";2,65786436492181;0;7
"EVL";"CZ0423510";"3260";NA;NA;NA
"EVL";"CZ0423510";"6430";NA;NA;NA
"EVL";"CZ0620169";"6210";NA;NA;NA
"EVL";"CZ0620169";"91G0";18,3433616198715;2,93264381243438;25
"EVL";"CZ0620169";"91I0";1,82354008663423;0;4
"EVL";"CZ0813516";"3220";NA;NA;NA
"EVL";"CZ0813516";"3240";NA;NA;NA
"EVL";"CZ0813516";"91E0";0;0;0
"EVL";"CZ0420501";"6410";NA;NA;NA
"EVL";"CZ0420501";"6520";NA;NA;NA
"EVL";"CZ0420501";"7140";NA;NA;NA
"EVL";"CZ0420501";"91D0";1,89006883858878;1,60050886676824;7
"EVL";"CZ0420501";"91E0";0,63278847971619;0;8
"EVL";"CZ0720190";"7220";NA;NA;NA
"EVL";"CZ0720190";"9130";0,272194160171878;0;1
"EVL";"CZ0610518";"6230";NA;NA;NA
"EVL";"CZ0314044";"6110";NA;NA;NA
"EVL";"CZ0314044";"6510";NA;NA;NA
"EVL";"CZ0314044";"8210";NA;NA;NA
"EVL";"CZ0314044";"8310";NA;NA;NA
"EVL";"CZ0314044";"91U0";0;0;0
"EVL";"CZ0524049";"2330";NA;NA;NA
"EVL";"CZ0524049";"3150";NA;NA;NA
"EVL";"CZ0524049";"3260";NA;NA;NA
"EVL";"CZ0524049";"6410";NA;NA;NA
"EVL";"CZ0524049";"6430";NA;NA;NA
"EVL";"CZ0524049";"6510";NA;NA;NA
"EVL";"CZ0524049";"91E0";0,366122938304234;0;18
"EVL";"CZ0524049";"91F0";0,0674188545040702;0;11
"EVL";"CZ0524046";"6430";NA;NA;NA
"EVL";"CZ0524046";"6520";NA;NA;NA
"EVL";"CZ0524046";"9110";41,0162653623267;21,0687046920259;46
"EVL";"CZ0524046";"9130";1,2714790998869;0;8
"EVL";"CZ0524046";"9410";5,70269989536645;2,11958690102594;11
"EVL";"CZ0310074";"3130";NA;NA;NA
"EVL";"CZ0310074";"3150";NA;NA;NA
"EVL";"CZ0413190";"3140";NA;NA;NA
"EVL";"CZ0420456";"8220";NA;NA;NA
"EVL";"CZ0420456";"9170";0;0;0
"EVL";"CZ0420456";"91I0";0,533645339726284;0;1
"EVL";"CZ0214042";"3150";NA;NA;NA
"EVL";"CZ0214042";"4030";NA;NA;NA
"EVL";"CZ0214042";"6230";NA;NA;NA
"EVL";"CZ0214042";"6410";NA;NA;NA
"EVL";"CZ0214042";"6430";NA;NA;NA
"EVL";"CZ0214042";"6510";NA;NA;NA
"EVL";"CZ0214042";"7140";NA;NA;NA
"EVL";"CZ0214042";"8220";NA;NA;NA
"EVL";"CZ0214042";"9110";2,25070280866216;1,9726202793235;4
"EVL";"CZ0214042";"9130";0;0;0
"EVL";"CZ0214042";"9410";15,9099667207879;11,0158973250116;28
"EVL";"CZ0214042";"91D0";0,644193515523835;0;8
"EVL";"CZ0210733";"2330";NA;NA;NA
"EVL";"CZ0210733";"4030";NA;NA;NA
"EVL";"CZ0810031";"9130";2,66003060873583;0;12
"EVL";"CZ0520603";"6230";NA;NA;NA
"EVL";"CZ0520603";"6430";NA;NA;NA
"EVL";"CZ0520603";"6510";NA;NA;NA
"EVL";"CZ0627016";"6210";NA;NA;NA
"EVL";"CZ0627016";"6210p";NA;NA;NA
"EVL";"CZ0310063";"6110";NA;NA;NA
"EVL";"CZ0314642";"6410";NA;NA;NA
"EVL";"CZ0322058";"6230";NA;NA;NA
"EVL";"CZ0210111";"6210";NA;NA;NA
"EVL";"CZ0210111";"91U0";0,309367190798908;0;5
"EVL";"CZ0620049";"6240";NA;NA;NA
"EVL";"CZ0320043";"91D0";0;0;0
"EVL";"CZ0524047";"3260";NA;NA;NA
"EVL";"CZ0524047";"8150";NA;NA;NA
"EVL";"CZ0524047";"8220";NA;NA;NA
"EVL";"CZ0524047";"9110";11,5031773936206;0;47
"EVL";"CZ0524047";"9130";0,829012385863832;0;5
"EVL";"CZ0524047";"9180";0,105126922251104;0;2
"EVL";"CZ0210721";"7220";NA;NA;NA
"EVL";"CZ0520009";"6410";NA;NA;NA
"EVL";"CZ0520009";"6510";NA;NA;NA
"EVL";"CZ0520009";"9170";3,77226308522126;0;5
"EVL";"CZ0410040";"4030";NA;NA;NA
"EVL";"CZ0410040";"6520";NA;NA;NA
"EVL";"CZ0410040";"7110";NA;NA;NA
"EVL";"CZ0410040";"7120";NA;NA;NA
"EVL";"CZ0410040";"7140";NA;NA;NA
"EVL";"CZ0410040";"9410";0,0713742665420547;0;2
"EVL";"CZ0410040";"91D0";0,0113998084556796;0;2
"EVL";"CZ0210730";"2330";NA;NA;NA
"EVL";"CZ0212023";"2330";NA;NA;NA
"EVL";"CZ0214049";"2330";NA;NA;NA
"EVL";"CZ0422084";"2330";NA;NA;NA
"EVL";"CZ0210064";"2330";NA;NA;NA
"EVL";"CZ0310615";"2330";NA;NA;NA
"EVL";"CZ0413184";"3140";NA;NA;NA
"EVL";"CZ0424138";"91F0";0,656155847766576;0;2
"EVL";"CZ0310017";"3150";NA;NA;NA
"EVL";"CZ0310017";"6430";NA;NA;NA
"EVL";"CZ0310017";"7120";NA;NA;NA
"EVL";"CZ0310017";"7140";NA;NA;NA
"EVL";"CZ0310017";"9410";5,49191825508906;2,25317999946512;13
"EVL";"CZ0310017";"91D0";0,00082266259198077;0;1
"EVL";"CZ0310017";"91E0";0,435457915589558;0;4
"EVL";"CZ0420462";"8220";NA;NA;NA
"EVL";"CZ0420462";"8230";NA;NA;NA
"EVL";"CZ0323159";"3270";NA;NA;NA
"EVL";"CZ0323159";"6510";NA;NA;NA
"EVL";"CZ0323159";"9170";0;0;0
"EVL";"CZ0323159";"9180";0;0;0
"EVL";"CZ0620013";"8160";NA;NA;NA
"EVL";"CZ0710004";"6510";NA;NA;NA
"EVL";"CZ0720435";"5130";NA;NA;NA
"EVL";"CZ0720435";"6210";NA;NA;NA
"EVL";"CZ0720435";"6510";NA;NA;NA
"EVL";"CZ0720435";"7220";NA;NA;NA
"EVL";"CZ0720435";"9130";8,29064295392177;0;19
"EVL";"CZ0720435";"9170";0,00613568867724389;0;1
"EVL";"CZ0720435";"6210p";NA;NA;NA
"EVL";"CZ0214014";"3130";NA;NA;NA
"EVL";"CZ0214014";"3150";NA;NA;NA
"EVL";"CZ0214014";"7140";NA;NA;NA
"EVL";"CZ0420160";"6430";NA;NA;NA
"EVL";"CZ0420160";"6210p";NA;NA;NA
"EVL";"CZ0420160";"91E0";0;0;0
"EVL";"CZ0514113";"3140";NA;NA;NA
"EVL";"CZ0514113";"3150";NA;NA;NA
"EVL";"CZ0514113";"8310";NA;NA;NA
"EVL";"CZ0612140";"3130";NA;NA;NA
"EVL";"CZ0624096";"3260";NA;NA;NA
"EVL";"CZ0624096";"4030";NA;NA;NA
"EVL";"CZ0624096";"5130";NA;NA;NA
"EVL";"CZ0624096";"6190";NA;NA;NA
"EVL";"CZ0624096";"6210";NA;NA;NA
"EVL";"CZ0624096";"6510";NA;NA;NA
"EVL";"CZ0624096";"8150";NA;NA;NA
"EVL";"CZ0624096";"8220";NA;NA;NA
"EVL";"CZ0624096";"8230";NA;NA;NA
"EVL";"CZ0624096";"8310";NA;NA;NA
"EVL";"CZ0624096";"9170";15,2934186869803;3,79978068292124;67
"EVL";"CZ0624096";"9180";0,0140682331649692;0;1
"EVL";"CZ0624096";"40A0";NA;NA;NA
"EVL";"CZ0624096";"91I0";0,0481343343454264;0;3
"EVL";"CZ0310057";"6230";NA;NA;NA
"EVL";"CZ0310057";"7110";NA;NA;NA
"EVL";"CZ0310057";"7140";NA;NA;NA
"EVL";"CZ0310057";"9410";1,31203855647529;0;4
"EVL";"CZ0310057";"91D0";0,149653612263542;0;1
"EVL";"CZ0210152";"2330";NA;NA;NA
"EVL";"CZ0210152";"3150";NA;NA;NA
"EVL";"CZ0210152";"6410";NA;NA;NA
"EVL";"CZ0210152";"6430";NA;NA;NA
"EVL";"CZ0210152";"6440";NA;NA;NA
"EVL";"CZ0210152";"6510";NA;NA;NA
"EVL";"CZ0210152";"7210";NA;NA;NA
"EVL";"CZ0210152";"7230";NA;NA;NA
"EVL";"CZ0210152";"91E0";0;0;0
"EVL";"CZ0210152";"91F0";0;0;0
"EVL";"CZ0210713";"6210";NA;NA;NA
"EVL";"CZ0210713";"6510";NA;NA;NA
"EVL";"CZ0620139";"6210";NA;NA;NA
"EVL";"CZ0814092";"3130";NA;NA;NA
"EVL";"CZ0814092";"3140";NA;NA;NA
"EVL";"CZ0814092";"3150";NA;NA;NA
"EVL";"CZ0814092";"6510";NA;NA;NA
"EVL";"CZ0814092";"9170";3,64702441725356;0;23
"EVL";"CZ0814092";"91E0";13,475985682997;7,10537905505191;52
"EVL";"CZ0814092";"91F0";13,5257683722154;6,35958752086398;40
"EVL";"CZ0424141";"3150";NA;NA;NA
"EVL";"CZ0424141";"3260";NA;NA;NA
"EVL";"CZ0424141";"3270";NA;NA;NA
"EVL";"CZ0424141";"6110";NA;NA;NA
"EVL";"CZ0424141";"8150";NA;NA;NA
"EVL";"CZ0424141";"8160";NA;NA;NA
"EVL";"CZ0424141";"9180";6,73516964758638;0;58
"EVL";"CZ0424141";"40A0";NA;NA;NA
"EVL";"CZ0424141";"91E0";0,846373079121482;0;12
"EVL";"CZ0210028";"6190";NA;NA;NA
"EVL";"CZ0210028";"9130";0;0;0
"EVL";"CZ0210028";"9180";0,000854506154032424;0;1
"EVL";"CZ0514669";"3150";NA;NA;NA
"EVL";"CZ0514669";"3160";NA;NA;NA
"EVL";"CZ0514669";"6410";NA;NA;NA
"EVL";"CZ0514669";"7140";NA;NA;NA
"EVL";"CZ0514669";"7150";NA;NA;NA
"EVL";"CZ0514669";"91D0";0;0;0
"EVL";"CZ0624060";"6210";NA;NA;NA
"EVL";"CZ0624060";"6250";NA;NA;NA
"EVL";"CZ0624060";"91G0";0,859964441887953;0;2
"EVL";"CZ0624060";"91I0";0,0552502028454561;0;1
"EVL";"CZ0714077";"4060";NA;NA;NA
"EVL";"CZ0714077";"4080";NA;NA;NA
"EVL";"CZ0714077";"6150";NA;NA;NA
"EVL";"CZ0714077";"6430";NA;NA;NA
"EVL";"CZ0714077";"7110";NA;NA;NA
"EVL";"CZ0714077";"7140";NA;NA;NA
"EVL";"CZ0714077";"8110";NA;NA;NA
"EVL";"CZ0714077";"8220";NA;NA;NA
"EVL";"CZ0714077";"9110";18,1179713230505;9,50179708491749;34
"EVL";"CZ0714077";"9410";180,641482415546;147,966841044614;108
"EVL";"CZ0714077";"91D0";0,118993137471165;0;4
"EVL";"CZ0320013";"6410";NA;NA;NA
"EVL";"CZ0320013";"6430";NA;NA;NA
"EVL";"CZ0320013";"91E0";0;0;0
"EVL";"CZ0214045";"3150";NA;NA;NA
"EVL";"CZ0214045";"7140";NA;NA;NA
"EVL";"CZ0214045";"91E0";0;0;0
"EVL";"CZ0110050";"6110";NA;NA;NA
"EVL";"CZ0110050";"6190";NA;NA;NA
"EVL";"CZ0110050";"6210";NA;NA;NA
"EVL";"CZ0110050";"9180";1,04035188201319;1,01401788447963;2
"EVL";"CZ0510191";"6210";NA;NA;NA
"EVL";"CZ0510191";"8210";NA;NA;NA
"EVL";"CZ0510191";"8220";NA;NA;NA
"EVL";"CZ0510191";"8310";NA;NA;NA
"EVL";"CZ0510191";"9110";0,859767332369596;0;7
"EVL";"CZ0510191";"9130";0,788274235220077;0;4
"EVL";"CZ0510191";"9150";0,0649086128472103;0;1
"EVL";"CZ0510191";"9180";0,0109809423621278;0;1
"EVL";"CZ0510191";"6210p";NA;NA;NA
"EVL";"CZ0620014";"6240";NA;NA;NA
"EVL";"CZ0620014";"6210p";NA;NA;NA
"EVL";"CZ0624114";"6210";NA;NA;NA
"EVL";"CZ0624114";"6240";NA;NA;NA
"EVL";"CZ0624114";"6210p";NA;NA;NA
"EVL";"CZ0624114";"91G0";24,0126917204588;7,17754093100726;39
"EVL";"CZ0624114";"91I0";9,24286641046145;4,31879619364676;17
"EVL";"CZ0710148";"6510";NA;NA;NA
"EVL";"CZ0710148";"9170";4,14982431674549;0;6
"EVL";"CZ0214012";"8310";NA;NA;NA
"EVL";"CZ0530027";"6430";NA;NA;NA
"EVL";"CZ0530027";"9130";2,84611373454618;0;9
"EVL";"CZ0530027";"91E0";0,199673815972569;0;2
"EVL";"CZ0810014";"7140";NA;NA;NA
"EVL";"CZ0810014";"91E0";0;0;0
"EVL";"CZ0810032";"9130";0,800424665464343;0;8
"EVL";"CZ0210023";"6510";NA;NA;NA
"EVL";"CZ0510403";"7110";NA;NA;NA
"EVL";"CZ0510403";"91D0";0;0;0
"EVL";"CZ0714078";"9110";1,05480834680434;1,05480834680434;1
"EVL";"CZ0714078";"9130";8,12563527135342;4,76586238440969;6
"EVL";"CZ0714078";"9180";0,0200476513003075;0;1
"EVL";"CZ0423225";"6210";NA;NA;NA
"EVL";"CZ0423225";"8220";NA;NA;NA
"EVL";"CZ0114001";"6190";NA;NA;NA
"EVL";"CZ0114001";"6210";NA;NA;NA
"EVL";"CZ0114001";"9170";0,0888666948736552;0;3
"EVL";"CZ0114001";"9180";0;0;0
"EVL";"CZ0114001";"91H0";0;0;0
"EVL";"CZ0210114";"2330";NA;NA;NA
"EVL";"CZ0210114";"4030";NA;NA;NA
"EVL";"CZ0210114";"6210";NA;NA;NA
"EVL";"CZ0210114";"8210";NA;NA;NA
"EVL";"CZ0620245";"6510";NA;NA;NA
"EVL";"CZ0620245";"8220";NA;NA;NA
"EVL";"CZ0620245";"9110";7,17572003606266;2,08842878061771;23
"EVL";"CZ0620245";"9130";13,6836566143147;2,51123235332444;28
"EVL";"CZ0620245";"9180";0,177279655595085;0;7
"EVL";"CZ0620245";"91E0";0,0363466064333765;0;3
"EVL";"CZ0510028";"9110";0,828681900436105;0;1
"EVL";"CZ0510028";"9130";0;0;0
"EVL";"CZ0510028";"9180";0;0;0
"EVL";"CZ0410020";"3150";NA;NA;NA
"EVL";"CZ0410020";"3260";NA;NA;NA
"EVL";"CZ0410020";"3270";NA;NA;NA
"EVL";"CZ0410020";"91E0";0;0;0
"EVL";"CZ0424033";"6210";NA;NA;NA
"EVL";"CZ0424033";"8150";NA;NA;NA
"EVL";"CZ0424033";"40A0";NA;NA;NA
"EVL";"CZ0610519";"3140";NA;NA;NA
"EVL";"CZ0610519";"3160";NA;NA;NA
"EVL";"CZ0610412";"9110";0;0;0
"EVL";"CZ0610412";"9130";0;0;0
"EVL";"CZ0610412";"91E0";0;0;0
"EVL";"CZ0510402";"6230";NA;NA;NA
"EVL";"CZ0510402";"7110";NA;NA;NA
"EVL";"CZ0510402";"7140";NA;NA;NA
"EVL";"CZ0510402";"9410";0;0;0
"EVL";"CZ0510402";"91D0";0,000393427359247784;0;1
"EVL";"CZ0510415";"3260";NA;NA;NA
"EVL";"CZ0510415";"6230";NA;NA;NA
"EVL";"CZ0510415";"7110";NA;NA;NA
"EVL";"CZ0510415";"7140";NA;NA;NA
"EVL";"CZ0510415";"9410";0;0;0
"EVL";"CZ0510415";"91D0";0,0471567584555119;0;1
"EVL";"CZ0313513";"7110";NA;NA;NA
"EVL";"CZ0313513";"91D0";0;0;0
"EVL";"CZ0420053";"7110";NA;NA;NA
"EVL";"CZ0420053";"9410";0;0;0
"EVL";"CZ0420053";"91D0";0;0;0
"EVL";"CZ0314637";"3140";NA;NA;NA
"EVL";"CZ0314637";"7140";NA;NA;NA
"EVL";"CZ0620016";"6210";NA;NA;NA
"EVL";"CZ0620016";"6210p";NA;NA;NA
"EVL";"CZ0534055";"6410";NA;NA;NA
"EVL";"CZ0534055";"7140";NA;NA;NA
"EVL";"CZ0212020";"7140";NA;NA;NA
"EVL";"CZ0212020";"7230";NA;NA;NA
"EVL";"CZ0714081";"6230";NA;NA;NA
"EVL";"CZ0714081";"6430";NA;NA;NA
"EVL";"CZ0714081";"7110";NA;NA;NA
"EVL";"CZ0714081";"7140";NA;NA;NA
"EVL";"CZ0714081";"9410";0;0;0
"EVL";"CZ0714081";"91D0";0;0;0
"EVL";"CZ0514670";"3150";NA;NA;NA
"EVL";"CZ0514670";"6410";NA;NA;NA
"EVL";"CZ0514670";"6510";NA;NA;NA
"EVL";"CZ0514670";"7140";NA;NA;NA
"EVL";"CZ0514670";"8220";NA;NA;NA
"EVL";"CZ0514670";"9130";0;0;0
"EVL";"CZ0514670";"9170";0,55480655259788;0;2
"EVL";"CZ0514670";"9180";0;0;0
"EVL";"CZ0620412";"8150";NA;NA;NA
"EVL";"CZ0620412";"9180";0;0;0
"EVL";"CZ0314109";"3160";NA;NA;NA
"EVL";"CZ0314109";"7140";NA;NA;NA
"EVL";"CZ0314109";"7150";NA;NA;NA
"EVL";"CZ0314109";"91D0";0;0;0
"EVL";"CZ0720420";"6210";NA;NA;NA
"EVL";"CZ0720420";"6510";NA;NA;NA
"EVL";"CZ0720420";"9170";8,79355603850926;6,89200686050062;10
"EVL";"CZ0720420";"91E0";1,21621492546437;1,05357688377537;2
"EVL";"CZ0720420";"91I0";0;0;0
"EVL";"CZ0410155";"6430";NA;NA;NA
"EVL";"CZ0410155";"6520";NA;NA;NA
"EVL";"CZ0410155";"7140";NA;NA;NA
"EVL";"CZ0410155";"9410";1,55227552483972;0;6
"EVL";"CZ0620158";"1340";NA;NA;NA
"EVL";"CZ0620158";"91F0";2,10327366137257;2,09800089210868;3
"EVL";"CZ0720185";"6230";NA;NA;NA
"EVL";"CZ0720185";"6510";NA;NA;NA
"EVL";"CZ0720185";"7220";NA;NA;NA
"EVL";"CZ0720185";"9110";0,000240256598411361;0;1
"EVL";"CZ0720185";"9170";0;0;0
"EVL";"CZ0720185";"91E0";0;0;0
"EVL";"CZ0310618";"3150";NA;NA;NA
"EVL";"CZ0310008";"3150";NA;NA;NA
"EVL";"CZ0612143";"3130";NA;NA;NA
"EVL";"CZ0214046";"3130";NA;NA;NA
"EVL";"CZ0314640";"3130";NA;NA;NA
"EVL";"CZ0314639";"3140";NA;NA;NA
"EVL";"CZ0314639";"3160";NA;NA;NA
"EVL";"CZ0614058";"3130";NA;NA;NA
"EVL";"CZ0614058";"3150";NA;NA;NA
"EVL";"CZ0710183";"6510";NA;NA;NA
"EVL";"CZ0710183";"8220";NA;NA;NA
"EVL";"CZ0710183";"9110";2,40155315646657;1,65083683628021;5
"EVL";"CZ0710183";"9130";0,00129366805773237;0;2
"EVL";"CZ0710183";"9180";0,00603193483057985;0;2
"EVL";"CZ0710183";"91E0";0;0;0
"EVL";"CZ0714086";"6430";NA;NA;NA
"EVL";"CZ0714086";"6510";NA;NA;NA
"EVL";"CZ0714086";"7110";NA;NA;NA
"EVL";"CZ0714086";"8210";NA;NA;NA
"EVL";"CZ0714086";"8220";NA;NA;NA
"EVL";"CZ0714086";"8310";NA;NA;NA
"EVL";"CZ0714086";"9110";128,692941866135;69,821062695501;184
"EVL";"CZ0714086";"9130";59,6013446971942;41,3616428370984;110
"EVL";"CZ0714086";"9180";6,71565955334697;3,64329059094175;37
"EVL";"CZ0714086";"9410";20,3408104525557;15,8784924078596;13
"EVL";"CZ0714086";"91E0";4,1728317815247;0;23
"EVL";"CZ0530149";"6510";NA;NA;NA
"EVL";"CZ0530149";"9130";6,13031792969347;1,60805531514222;18
"EVL";"CZ0530149";"9180";0,103525059058226;0;1
"EVL";"CZ0530149";"91E0";0,783490601809181;0;1
"EVL";"CZ0612145";"3130";NA;NA;NA
"EVL";"CZ0310067";"91U0";0;0;0
"EVL";"CZ0813462";"3220";NA;NA;NA
"EVL";"CZ0813462";"3240";NA;NA;NA
"EVL";"CZ0210731";"7140";NA;NA;NA
"EVL";"CZ0420449";"9180";0,0121648588722898;0;2
"EVL";"CZ0720033";"6210";NA;NA;NA
"EVL";"CZ0720033";"6430";NA;NA;NA
"EVL";"CZ0720033";"6510";NA;NA;NA
"EVL";"CZ0720033";"7140";NA;NA;NA
"EVL";"CZ0720033";"7220";NA;NA;NA
"EVL";"CZ0720033";"8220";NA;NA;NA
"EVL";"CZ0720033";"9130";3,73908971807552;2,13442044169293;7
"EVL";"CZ0720033";"9170";1,10052150614952;0;5
"EVL";"CZ0720033";"6210p";NA;NA;NA
"EVL";"CZ0530502";"2330";NA;NA;NA
"EVL";"CZ0620037";"9170";1,17994524265179;0;6
"EVL";"CZ0620037";"91I0";1,44936692573095;0;4
"EVL";"CZ0624118";"6210";NA;NA;NA
"EVL";"CZ0620048";"6210";NA;NA;NA
"EVL";"CZ0620048";"6240";NA;NA;NA
"EVL";"CZ0420041";"9170";0;0;0
"EVL";"CZ0420041";"91H0";0;0;0
"EVL";"CZ0420041";"91I0";0;0;0
"EVL";"CZ0810424";"3140";NA;NA;NA
"EVL";"CZ0810424";"3150";NA;NA;NA
"EVL";"CZ0210173";"1340";NA;NA;NA
"EVL";"CZ0620031";"1340";NA;NA;NA
"EVL";"CZ0620187";"1340";NA;NA;NA
"EVL";"CZ0624102";"1340";NA;NA;NA
"EVL";"CZ0420525";"1340";NA;NA;NA
"EVL";"CZ0420525";"6210";NA;NA;NA
"EVL";"CZ0212021";"6410";NA;NA;NA
"EVL";"CZ0510408";"7110";NA;NA;NA
"EVL";"CZ0510408";"9110";0,0669843058913026;0;3
"EVL";"CZ0510408";"9410";0,518222060808483;0;5
"EVL";"CZ0510408";"91D0";1,68335475670737;0;7
"EVL";"CZ0212019";"7220";NA;NA;NA
"EVL";"CZ0212019";"7230";NA;NA;NA
"EVL";"CZ0212019";"9150";0,121301555295294;0;1
"EVL";"CZ0212019";"9190";0,395927467268556;0;1
"EVL";"CZ0212019";"91E0";0,0773128946559392;0;1
"EVL";"CZ0620191";"3260";NA;NA;NA
"EVL";"CZ0620191";"8220";NA;NA;NA
"EVL";"CZ0620191";"9130";0;0;0
"EVL";"CZ0620191";"9170";0,0991455683086067;0;1
"EVL";"CZ0620191";"9180";0;0;0
"EVL";"CZ0410150";"1340";NA;NA;NA
"EVL";"CZ0410150";"3140";NA;NA;NA
"EVL";"CZ0410150";"3150";NA;NA;NA
"EVL";"CZ0410150";"3160";NA;NA;NA
"EVL";"CZ0410150";"7140";NA;NA;NA
"EVL";"CZ0410150";"7150";NA;NA;NA
"EVL";"CZ0410150";"9190";0;0;0
"EVL";"CZ0410150";"91D0";0;0;0
"EVL";"CZ0410150";"91E0";0,0204259047984984;0;1
"EVL";"CZ0624119";"3130";NA;NA;NA
"EVL";"CZ0624119";"3150";NA;NA;NA
"EVL";"CZ0624119";"3260";NA;NA;NA
"EVL";"CZ0624119";"3270";NA;NA;NA
"EVL";"CZ0624119";"6210";NA;NA;NA
"EVL";"CZ0624119";"6410";NA;NA;NA
"EVL";"CZ0624119";"6430";NA;NA;NA
"EVL";"CZ0624119";"6440";NA;NA;NA
"EVL";"CZ0624119";"91E0";0,422338485123754;0;14
"EVL";"CZ0624119";"91F0";287,206586126341;234,866126329125;163
"EVL";"CZ0624119";"91G0";4,54449289519473;4,41479663787393;6
"EVL";"CZ0424134";"6210";NA;NA;NA
"EVL";"CZ0810018";"9110";4,57471592056096;2,28487114007711;10
"EVL";"CZ0810018";"9130";50,2964587047818;34,9802907347302;51
"EVL";"CZ0810018";"9180";0,998151686768878;0;9
"EVL";"CZ0420083";"6510";NA;NA;NA
"EVL";"CZ0420083";"91E0";0;0;0
"EVL";"CZ0520508";"6510";NA;NA;NA
"EVL";"CZ0520508";"8210";NA;NA;NA
"EVL";"CZ0520508";"9130";0,585902304589636;0;7
"EVL";"CZ0622217";"6210";NA;NA;NA
"EVL";"CZ0624043";"6190";NA;NA;NA
"EVL";"CZ0624043";"6210";NA;NA;NA
"EVL";"CZ0624043";"6240";NA;NA;NA
"EVL";"CZ0624043";"8160";NA;NA;NA
"EVL";"CZ0624043";"8210";NA;NA;NA
"EVL";"CZ0624043";"8310";NA;NA;NA
"EVL";"CZ0624069";"6210";NA;NA;NA
"EVL";"CZ0624069";"9170";9,61616355434684;1,00521015241072;15
"EVL";"CZ0624069";"6210p";NA;NA;NA
"EVL";"CZ0624069";"91I0";0;0;0
"EVL";"CZ0620017";"6210p";NA;NA;NA
"EVL";"CZ0420061";"1340";NA;NA;NA
"EVL";"CZ0420061";"6210";NA;NA;NA
"EVL";"CZ0424133";"6210";NA;NA;NA
"EVL";"CZ0424136";"6210";NA;NA;NA
"EVL";"CZ0210734";"5130";NA;NA;NA
"EVL";"CZ0420059";"6210";NA;NA;NA
"EVL";"CZ0624020";"6110";NA;NA;NA
"EVL";"CZ0624020";"6190";NA;NA;NA
"EVL";"CZ0624020";"6210";NA;NA;NA
"EVL";"CZ0624020";"6240";NA;NA;NA
"EVL";"CZ0624020";"8210";NA;NA;NA
"EVL";"CZ0624020";"8310";NA;NA;NA
"EVL";"CZ0624068";"3150";NA;NA;NA
"EVL";"CZ0624068";"3270";NA;NA;NA
"EVL";"CZ0624068";"6430";NA;NA;NA
"EVL";"CZ0624068";"91E0";0,079992868394689;0;3
"EVL";"CZ0624068";"91F0";15,9914074043811;12,9039506802627;13
"EVL";"CZ0420063";"6210";NA;NA;NA
"EVL";"CZ0210053";"4030";NA;NA;NA
"EVL";"CZ0210053";"6190";NA;NA;NA
"EVL";"CZ0210053";"8150";NA;NA;NA
"EVL";"CZ0210053";"8220";NA;NA;NA
"EVL";"CZ0210053";"9170";0,552180893800619;0;3
"EVL";"CZ0210053";"9180";0,463634406350376;0;5
"EVL";"CZ0532132";"6210";NA;NA;NA
"EVL";"CZ0532132";"6510";NA;NA;NA
"EVL";"CZ0210708";"6190";NA;NA;NA
"EVL";"CZ0210708";"8160";NA;NA;NA
"EVL";"CZ0210708";"9130";0,0104868729773717;0;3
"EVL";"CZ0210708";"9170";0,409425865294529;0;4
"EVL";"CZ0210708";"9180";0,00328617008967809;0;2
"EVL";"CZ0210708";"40A0";NA;NA;NA
"EVL";"CZ0420082";"8220";NA;NA;NA
"EVL";"CZ0420082";"9110";7,9050004906005;4,73202756788824;10
"EVL";"CZ0420082";"9130";1,17176566537347;0;8
"EVL";"CZ0420082";"9180";0;0;0
"EVL";"CZ0610513";"6230";NA;NA;NA
"EVL";"CZ0612149";"8220";NA;NA;NA
"EVL";"CZ0514041";"4030";NA;NA;NA
"EVL";"CZ0514041";"8220";NA;NA;NA
"EVL";"CZ0514041";"8310";NA;NA;NA
"EVL";"CZ0514041";"9110";8,02009177672719;3,64328539203182;11
"EVL";"CZ0514041";"9130";0;0;0
"EVL";"CZ0320437";"6510";NA;NA;NA
"EVL";"CZ0624234";"6190";NA;NA;NA
"EVL";"CZ0624234";"6240";NA;NA;NA
"EVL";"CZ0624097";"6210";NA;NA;NA
"EVL";"CZ0410046";"4030";NA;NA;NA
"EVL";"CZ0410046";"8220";NA;NA;NA
"EVL";"CZ0310611";"7140";NA;NA;NA
"EVL";"CZ0310611";"91D0";0;0;0
"EVL";"CZ0620051";"6110";NA;NA;NA
"EVL";"CZ0620051";"6240";NA;NA;NA
"EVL";"CZ0624112";"6250";NA;NA;NA
"EVL";"CZ0624116";"6250";NA;NA;NA
"EVL";"CZ0714080";"6110";NA;NA;NA
"EVL";"CZ0714080";"8210";NA;NA;NA
"EVL";"CZ0714080";"8310";NA;NA;NA
"EVL";"CZ0714080";"9130";0,308218241934283;0;4
"EVL";"CZ0714080";"9150";7,70897776819766e-05;0;1
"EVL";"CZ0714080";"9180";0;0;0
"EVL";"CZ0614059";"6230";NA;NA;NA
"EVL";"CZ0614059";"6410";NA;NA;NA
"EVL";"CZ0614059";"7140";NA;NA;NA
"EVL";"CZ0614059";"7230";NA;NA;NA
"EVL";"CZ0410047";"3140";NA;NA;NA
"EVL";"CZ0410047";"3150";NA;NA;NA
"EVL";"CZ0410047";"6430";NA;NA;NA
"EVL";"CZ0410047";"7140";NA;NA;NA
"EVL";"CZ0810036";"6110";NA;NA;NA
"EVL";"CZ0810036";"6190";NA;NA;NA
"EVL";"CZ0810036";"6210";NA;NA;NA
"EVL";"CZ0810036";"6510";NA;NA;NA
"EVL";"CZ0810036";"7220";NA;NA;NA
"EVL";"CZ0810036";"8210";NA;NA;NA
"EVL";"CZ0810036";"9180";0,575097891435129;0;4
"EVL";"CZ0810036";"6210p";NA;NA;NA
"EVL";"CZ0314024";"3130";NA;NA;NA
"EVL";"CZ0314024";"3150";NA;NA;NA
"EVL";"CZ0314024";"3160";NA;NA;NA
"EVL";"CZ0314024";"3260";NA;NA;NA
"EVL";"CZ0314024";"4030";NA;NA;NA
"EVL";"CZ0314024";"5130";NA;NA;NA
"EVL";"CZ0314024";"6230";NA;NA;NA
"EVL";"CZ0314024";"6410";NA;NA;NA
"EVL";"CZ0314024";"6430";NA;NA;NA
"EVL";"CZ0314024";"6510";NA;NA;NA
"EVL";"CZ0314024";"6520";NA;NA;NA
"EVL";"CZ0314024";"7110";NA;NA;NA
"EVL";"CZ0314024";"7120";NA;NA;NA
"EVL";"CZ0314024";"7140";NA;NA;NA
"EVL";"CZ0314024";"8220";NA;NA;NA
"EVL";"CZ0314024";"9110";844,295878530573;429,508451015992;1430
"EVL";"CZ0314024";"9130";55,4734490670321;27,6617844430976;105
"EVL";"CZ0314024";"9180";59,9230622449558;27,7482640698178;152
"EVL";"CZ0314024";"9410";706,708287335007;381,374938087497;1002
"EVL";"CZ0314024";"91D0";43,5205835513062;9,30785816082807;222
"EVL";"CZ0314024";"91E0";50,3623052535724;19,0416000602902;190
"EVL";"CZ0610056";"6210";NA;NA;NA
"EVL";"CZ0610056";"6510";NA;NA;NA
"EVL";"CZ0610056";"6210p";NA;NA;NA
"EVL";"CZ0320022";"9130";6,40432447081478;0;24
"EVL";"CZ0320022";"9170";0,167060254948354;0;1
"EVL";"CZ0320022";"9180";1,55054836701721;0;4
"EVL";"CZ0324029";"6210";NA;NA;NA
"EVL";"CZ0324029";"7140";NA;NA;NA
"EVL";"CZ0314636";"6230";NA;NA;NA
"EVL";"CZ0314636";"6510";NA;NA;NA
"EVL";"CZ0210062";"6230";NA;NA;NA
"EVL";"CZ0210062";"6410";NA;NA;NA
"EVL";"CZ0210062";"6430";NA;NA;NA
"EVL";"CZ0210062";"6510";NA;NA;NA
"EVL";"CZ0410001";"4030";NA;NA;NA
"EVL";"CZ0210054";"4030";NA;NA;NA
"EVL";"CZ0210054";"7110";NA;NA;NA
"EVL";"CZ0210054";"7140";NA;NA;NA
"EVL";"CZ0210054";"8220";NA;NA;NA
"EVL";"CZ0623046";"91E0";0,00173206012821465;0;2
"EVL";"CZ0520600";"9110";4,99947447604199;3,30863020826625;7
"EVL";"CZ0520600";"9130";0,329955803752091;0;3
"EVL";"CZ0520600";"9410";0,336666569748439;0;2
"EVL";"CZ0622037";"3130";NA;NA;NA
"EVL";"CZ0613334";"3260";NA;NA;NA
"EVL";"CZ0720153";"9130";0,473950786683522;0;1
"EVL";"CZ0720153";"9170";8,44655934989498;1,02392352894587;13
"EVL";"CZ0210056";"6410";NA;NA;NA
"EVL";"CZ0210056";"6430";NA;NA;NA
"EVL";"CZ0210056";"6510";NA;NA;NA
"EVL";"CZ0314023";"2330";NA;NA;NA
"EVL";"CZ0314023";"3150";NA;NA;NA
"EVL";"CZ0314023";"3160";NA;NA;NA
"EVL";"CZ0314023";"3260";NA;NA;NA
"EVL";"CZ0314023";"7140";NA;NA;NA
"EVL";"CZ0314023";"7150";NA;NA;NA
"EVL";"CZ0314023";"9190";1,27137026215879;0;8
"EVL";"CZ0314023";"91E0";0;0;0
"EVL";"CZ0314023";"91F0";0,128241766745048;0;1
"EVL";"CZ0210047";"8220";NA;NA;NA
"EVL";"CZ0210047";"9110";0,00420997587321021;0;1
"EVL";"CZ0210047";"9180";0;0;0
"EVL";"CZ0420460";"6210";NA;NA;NA
"EVL";"CZ0624098";"8310";NA;NA;NA
"EVL";"CZ0624106";"9170";31,9422630482858;15,2184544452469;68
"EVL";"CZ0624106";"91G0";17,8376823260025;10,0919656460686;28
"EVL";"CZ0523290";"3150";NA;NA;NA
"EVL";"CZ0214011";"6190";NA;NA;NA
"EVL";"CZ0214011";"6510";NA;NA;NA
"EVL";"CZ0214011";"8150";NA;NA;NA
"EVL";"CZ0214011";"8220";NA;NA;NA
"EVL";"CZ0214011";"9110";4,77553887685644e-07;0;2
"EVL";"CZ0214011";"9130";2,52724064743115;0;13
"EVL";"CZ0214011";"9170";0,82018415080234;0;7
"EVL";"CZ0214011";"9180";0;0;0
"EVL";"CZ0214011";"40A0";NA;NA;NA
"EVL";"CZ0214011";"91E0";0;0;0
"EVL";"CZ0610005";"5130";NA;NA;NA
"EVL";"CZ0610005";"9150";0,311082119918871;0;1
"EVL";"CZ0622223";"6240";NA;NA;NA
"EVL";"CZ0614135";"7140";NA;NA;NA
"EVL";"CZ0714772";"8220";NA;NA;NA
"EVL";"CZ0714772";"9110";3,68941569478536;2,24959041317537;4
"EVL";"CZ0714772";"9130";30,5820608320702;19,6292884935975;36
"EVL";"CZ0714772";"9180";0,385452890088906;0;2
"EVL";"CZ0624095";"3150";NA;NA;NA
"EVL";"CZ0624095";"3260";NA;NA;NA
"EVL";"CZ0624095";"3270";NA;NA;NA
"EVL";"CZ0624095";"6190";NA;NA;NA
"EVL";"CZ0624095";"6510";NA;NA;NA
"EVL";"CZ0624095";"8150";NA;NA;NA
"EVL";"CZ0624095";"8210";NA;NA;NA
"EVL";"CZ0624095";"8220";NA;NA;NA
"EVL";"CZ0624095";"8230";NA;NA;NA
"EVL";"CZ0624095";"9170";20,2912758208833;10,4833785061328;50
"EVL";"CZ0624095";"9180";0,826579641692833;0;10
"EVL";"CZ0624095";"40A0";NA;NA;NA
"EVL";"CZ0624095";"91H0";0,32206804189028;0;3
"EVL";"CZ0624095";"91U0";0;0;0
"EVL";"CZ0420171";"6430";NA;NA;NA
"EVL";"CZ0420171";"91E0";0;0;0
"EVL";"CZ0620132";"6510";NA;NA;NA
"EVL";"CZ0620132";"8220";NA;NA;NA
"EVL";"CZ0620132";"9130";0,0204320348414779;0;2
"EVL";"CZ0620132";"9180";0,0899259674510768;0;1
"EVL";"CZ0420507";"3150";NA;NA;NA
"EVL";"CZ0420507";"7140";NA;NA;NA
"EVL";"CZ0420507";"8220";NA;NA;NA
"EVL";"CZ0420507";"8310";NA;NA;NA
"EVL";"CZ0420507";"9110";1,98335357843371;0;9
"EVL";"CZ0420507";"9130";0,147549841526929;0;3
"EVL";"CZ0420507";"91E0";0,146292472249491;0;2
"EVL";"CZ0614134";"3260";NA;NA;NA
"EVL";"CZ0614134";"6190";NA;NA;NA
"EVL";"CZ0614134";"6210";NA;NA;NA
"EVL";"CZ0614134";"6240";NA;NA;NA
"EVL";"CZ0614134";"8220";NA;NA;NA
"EVL";"CZ0614134";"9170";1,11252654501717;0;20
"EVL";"CZ0614134";"9180";0,108081367016631;0;6
"EVL";"CZ0614134";"91I0";0,0106649563092878;0;2
"EVL";"CZ0514672";"3220";NA;NA;NA
"EVL";"CZ0514672";"3260";NA;NA;NA
"EVL";"CZ0514672";"4030";NA;NA;NA
"EVL";"CZ0514672";"6430";NA;NA;NA
"EVL";"CZ0514672";"8220";NA;NA;NA
"EVL";"CZ0514672";"9110";0,169106320552155;0;1
"EVL";"CZ0514672";"9130";7,77459252800327e-05;0;1
"EVL";"CZ0514672";"9180";0,8085282633335;0;4
"EVL";"CZ0310033";"8220";NA;NA;NA
"EVL";"CZ0310033";"9170";0,242708474169951;0;1
"EVL";"CZ0310033";"9180";0,312205213138787;0;1
"EVL";"CZ0813474";"9130";0;0;0
"EVL";"CZ0614131";"3260";NA;NA;NA
"EVL";"CZ0614131";"6190";NA;NA;NA
"EVL";"CZ0614131";"6210";NA;NA;NA
"EVL";"CZ0614131";"8150";NA;NA;NA
"EVL";"CZ0614131";"8220";NA;NA;NA
"EVL";"CZ0614131";"9170";13,0834617892009;1,07254989186734;80
"EVL";"CZ0614131";"9180";0,24977468309954;0;3
"EVL";"CZ0614131";"91I0";0;0;0
"EVL";"CZ0214025";"8310";NA;NA;NA
"EVL";"CZ0420073";"6210";NA;NA;NA
"EVL";"CZ0420073";"9170";0;0;0
"EVL";"CZ0420073";"9180";0;0;0
"EVL";"CZ0420073";"91H0";0;0;0
"EVL";"CZ0420073";"91I0";0;0;0
"EVL";"CZ0624132";"8220";NA;NA;NA
"EVL";"CZ0624132";"9130";27,6903508405595;14,5917630772167;47
"EVL";"CZ0624132";"9170";10,2622229220104;1,27275741212156;35
"EVL";"CZ0624132";"9180";2,38521297138653;0;11
"EVL";"CZ0724087";"9170";3,99818428275377;1,11726984795742;9
"EVL";"CZ0724087";"91I0";0;0;0
"EVL";"CZ0414026";"4030";NA;NA;NA
"EVL";"CZ0414026";"6230";NA;NA;NA
"EVL";"CZ0414026";"6410";NA;NA;NA
"EVL";"CZ0414026";"6430";NA;NA;NA
"EVL";"CZ0414026";"7140";NA;NA;NA
"EVL";"CZ0414026";"8220";NA;NA;NA
"EVL";"CZ0414026";"9410";0,397451028246118;0;4
"EVL";"CZ0210186";"3150";NA;NA;NA
"EVL";"CZ0210186";"6430";NA;NA;NA
"EVL";"CZ0210186";"6440";NA;NA;NA
"EVL";"CZ0210186";"6510";NA;NA;NA
"EVL";"CZ0210186";"91E0";0,303624772449401;0;3
"EVL";"CZ0210186";"91F0";4,32858608750256;0;18
"EVL";"CZ0213802";"6190";NA;NA;NA
"EVL";"CZ0213802";"8220";NA;NA;NA
"EVL";"CZ0213802";"9170";1,54559456186315;1,17244964061998;1
"EVL";"CZ0213802";"9180";0,0234923101204215;0;1
"EVL";"CZ0213802";"40A0";NA;NA;NA
"EVL";"CZ0420013";"6190";NA;NA;NA
"EVL";"CZ0420013";"8160";NA;NA;NA
"EVL";"CZ0420013";"9170";0;0;0
"EVL";"CZ0420013";"9180";0;0;0
"EVL";"CZ0420013";"40A0";NA;NA;NA
"EVL";"CZ0210118";"3140";NA;NA;NA
"EVL";"CZ0210118";"6430";NA;NA;NA
"EVL";"CZ0210118";"7230";NA;NA;NA
"EVL";"CZ0614056";"6230";NA;NA;NA
"EVL";"CZ0614056";"7140";NA;NA;NA
"EVL";"CZ0324032";"6230";NA;NA;NA
"EVL";"CZ0324032";"6410";NA;NA;NA
"EVL";"CZ0320005";"6410";NA;NA;NA
"EVL";"CZ0530028";"8210";NA;NA;NA
"EVL";"CZ0530028";"9130";2,91954523658888;2,0074356562377;5
"EVL";"CZ0720437";"6210";NA;NA;NA
"EVL";"CZ0720437";"6430";NA;NA;NA
"EVL";"CZ0720437";"6510";NA;NA;NA
"EVL";"CZ0720437";"7220";NA;NA;NA
"EVL";"CZ0720437";"9130";2,60671095499996;2,20099654207839;4
"EVL";"CZ0720437";"9170";0,648456010146612;0;2
"EVL";"CZ0720437";"9180";0,082472928105714;0;1
"EVL";"CZ0720437";"91E0";0;0;0
"EVL";"CZ0620181";"91E0";0;0;0
"EVL";"CZ0620181";"91F0";2,29181513412021;1,09782904910159;3
"EVL";"CZ0720422";"6510";NA;NA;NA
"EVL";"CZ0720422";"9170";19,7125497925463;1,26069044628851;69
"EVL";"CZ0720422";"9180";0;0;0
"EVL";"CZ0720422";"91E0";0,385957087364502;0;3
"EVL";"CZ0514668";"6230";NA;NA;NA
"EVL";"CZ0514668";"6520";NA;NA;NA
"EVL";"CZ0514668";"9110";0;0;0
"EVL";"CZ0514668";"9180";0;0;0
"EVL";"CZ0210726";"91U0";1,17229451636793;0;2
"EVL";"CZ0620024";"2330";NA;NA;NA
"EVL";"CZ0620024";"6260";NA;NA;NA
"EVL";"CZ0720192";"7220";NA;NA;NA
"EVL";"CZ0720192";"9130";17,1127633730761;13,3079244200492;8
"EVL";"CZ0720192";"9170";1,37907834371762;1,37907834371762;1
"EVL";"CZ0720192";"91E0";0;0;0
"EVL";"CZ0514243";"8220";NA;NA;NA
"EVL";"CZ0514243";"8310";NA;NA;NA
"EVL";"CZ0514243";"9110";0,972627457018881;0;3
"EVL";"CZ0310020";"9110";0;0;0
"EVL";"CZ0314019";"3140";NA;NA;NA
"EVL";"CZ0310009";"3150";NA;NA;NA
"EVL";"CZ0420166";"6230";NA;NA;NA
"EVL";"CZ0420166";"6410";NA;NA;NA
"EVL";"CZ0420166";"6430";NA;NA;NA
"EVL";"CZ0420166";"7140";NA;NA;NA
"EVL";"CZ0610159";"9130";1,71832669698839;0;8
"EVL";"CZ0610159";"9180";0;0;0
"EVL";"CZ0420165";"6210";NA;NA;NA
"EVL";"CZ0420165";"91I0";0;0;0
"EVL";"CZ0520184";"9170";0,944107288012168;0;2
"EVL";"CZ0520184";"9190";0;0;0
"EVL";"CZ0620103";"9170";6,91401777474846;0;19
"EVL";"CZ0620103";"91G0";19,1409676825117;0;42
"EVL";"CZ0620103";"91I0";3,77015791687862;0;9
"EVL";"CZ0620018";"6210";NA;NA;NA
"EVL";"CZ0620018";"6240";NA;NA;NA
"EVL";"CZ0210729";"4030";NA;NA;NA
"EVL";"CZ0210729";"6110";NA;NA;NA
"EVL";"CZ0210729";"6190";NA;NA;NA
"EVL";"CZ0210729";"6210";NA;NA;NA
"EVL";"CZ0210729";"8220";NA;NA;NA
"EVL";"CZ0210729";"8230";NA;NA;NA
"EVL";"CZ0410151";"6210";NA;NA;NA
"EVL";"CZ0410151";"9170";0;0;0
"EVL";"CZ0410151";"9180";0,353968754903449;0;1
"EVL";"CZ0410151";"6210p";NA;NA;NA
"EVL";"CZ0724430";"6210";NA;NA;NA
"EVL";"CZ0724430";"6510";NA;NA;NA
"EVL";"CZ0724430";"7220";NA;NA;NA
"EVL";"CZ0724430";"9130";13,7196766516541;2,93038020836093;22
"EVL";"CZ0724430";"9170";0,735380781489742;0;6
"EVL";"CZ0724430";"9180";0,413445029952759;0;3
"EVL";"CZ0724430";"6210p";NA;NA;NA
"EVL";"CZ0724430";"91E0";0;0;0
"EVL";"CZ0213009";"3260";NA;NA;NA
"EVL";"CZ0310035";"3150";NA;NA;NA
"EVL";"CZ0310035";"3260";NA;NA;NA
"EVL";"CZ0210027";"3130";NA;NA;NA
"EVL";"CZ0210027";"9110";0;0;0
"EVL";"CZ0210027";"9130";0;0;0
"EVL";"CZ0314638";"3130";NA;NA;NA
"EVL";"CZ0620084";"3150";NA;NA;NA
"EVL";"CZ0620084";"91E0";0,751523078751391;0;4
"EVL";"CZ0620084";"91F0";13,1022285748599;7,82582307943666;15
"EVL";"CZ0313138";"3150";NA;NA;NA
"EVL";"CZ0313138";"6410";NA;NA;NA
"EVL";"CZ0620055";"91G0";14,0617081132051;9,2700327688117;12
"EVL";"CZ0420004";"6210";NA;NA;NA
"EVL";"CZ0420004";"9170";0;0;0
"EVL";"CZ0623030";"3130";NA;NA;NA
"EVL";"CZ0210034";"7210";NA;NA;NA
"EVL";"CZ0214015";"8150";NA;NA;NA
"EVL";"CZ0214015";"8220";NA;NA;NA
"EVL";"CZ0214015";"9130";0,0406615435024258;0;1
"EVL";"CZ0214015";"9170";0,619875837877072;0;2
"EVL";"CZ0214015";"9180";0,0137531275203405;0;1
"EVL";"CZ0214015";"91E0";6,03889115154743e-09;0;1
"EVL";"CZ0214015";"91I0";0;0;0
"EVL";"CZ0424127";"4030";NA;NA;NA
"EVL";"CZ0424127";"6230";NA;NA;NA
"EVL";"CZ0424127";"6430";NA;NA;NA
"EVL";"CZ0424127";"6520";NA;NA;NA
"EVL";"CZ0424127";"8220";NA;NA;NA
"EVL";"CZ0424127";"9110";310,711454084104;196,779827270282;403
"EVL";"CZ0424127";"9130";118,469706246372;76,5896492311556;149
"EVL";"CZ0424127";"9180";6,9019820075259;5,67046604018146;8
"EVL";"CZ0424127";"9410";18,6960774588795;16,0999236649855;16
"EVL";"CZ0424127";"91D0";10,079141108521;7,48181895891211;11
"EVL";"CZ0424127";"91E0";4,86893114993917;2,90414833428352;24
"EVL";"CZ0620056";"6210";NA;NA;NA
"EVL";"CZ0620413";"8150";NA;NA;NA
"EVL";"CZ0620413";"8220";NA;NA;NA
"EVL";"CZ0310022";"8220";NA;NA;NA
"EVL";"CZ0410168";"6230";NA;NA;NA
"EVL";"CZ0410168";"6520";NA;NA;NA
"EVL";"CZ0410168";"7140";NA;NA;NA
"EVL";"CZ0410168";"9410";3,24662838823703;0;9
"EVL";"CZ0410168";"91D0";0,404502838260937;0;5
"EVL";"CZ0410176";"4030";NA;NA;NA
"EVL";"CZ0410176";"8220";NA;NA;NA
"EVL";"CZ0610003";"9130";15,370964779656;5,81423047779446;23
"EVL";"CZ0712225";"6210";NA;NA;NA
"EVL";"CZ0210029";"6210";NA;NA;NA
"EVL";"CZ0210008";"7230";NA;NA;NA
"EVL";"CZ0210008";"91F0";0;0;0
"EVL";"CZ0523267";"6520";NA;NA;NA
"EVL";"CZ0523267";"91E0";0,774243612174668;0;2
"EVL";"CZ0514667";"8310";NA;NA;NA
"EVL";"CZ0524045";"6410";NA;NA;NA
"EVL";"CZ0524045";"91E0";0;0;0
"EVL";"CZ0524045";"91F0";0;0;0
"EVL";"CZ0520604";"8220";NA;NA;NA
"EVL";"CZ0520604";"9110";13,2094061910357;8,01587519371578;26
"EVL";"CZ0520604";"9130";1,05703052828556;0;9
"EVL";"CZ0520604";"9180";0,890586189574515;0;11
"EVL";"CZ0310019";"3130";NA;NA;NA
"EVL";"CZ0310019";"3150";NA;NA;NA
"EVL";"CZ0610170";"3130";NA;NA;NA
"EVL";"CZ0610170";"6230";NA;NA;NA
"EVL";"CZ0610170";"7140";NA;NA;NA
"EVL";"CZ0624108";"6250";NA;NA;NA
"EVL";"CZ0214003";"5130";NA;NA;NA
"EVL";"CZ0214003";"6110";NA;NA;NA
"EVL";"CZ0214003";"6210";NA;NA;NA
"EVL";"CZ0214003";"8310";NA;NA;NA
"EVL";"CZ0214003";"9170";1,00819213492846;0;6
"EVL";"CZ0314641";"6410";NA;NA;NA
"EVL";"CZ0314641";"6430";NA;NA;NA
"EVL";"CZ0314641";"6510";NA;NA;NA
"EVL";"CZ0314641";"7140";NA;NA;NA
"EVL";"CZ0314641";"91E0";0;0;0
"EVL";"CZ0620120";"6210";NA;NA;NA
"EVL";"CZ0620120";"9170";0,0093215789709182;0;1
"EVL";"CZ0620120";"91I0";0;0;0
"EVL";"CZ0614057";"3130";NA;NA;NA
"EVL";"CZ0620076";"1340";NA;NA;NA
"EVL";"CZ0530504";"6230";NA;NA;NA
"EVL";"CZ0210153";"6190";NA;NA;NA
"EVL";"CZ0210153";"8220";NA;NA;NA
"EVL";"CZ0210153";"9170";0,336446856644699;0;3
"EVL";"CZ0210153";"9180";4,78639567726091e-08;0;1
"EVL";"CZ0210153";"40A0";NA;NA;NA
"EVL";"CZ0610401";"9110";4,56953856568816e-05;0;1
"EVL";"CZ0610401";"9130";0,00135319721640903;0;1
"EVL";"CZ0520511";"6510";NA;NA;NA
"EVL";"CZ0520511";"9110";1,65560428741441;1,29165613390833;5
"EVL";"CZ0520511";"9130";0;0;0
"EVL";"CZ0520511";"91E0";0,149906514334586;0;1
"EVL";"CZ0214050";"3150";NA;NA;NA
"EVL";"CZ0214050";"6210";NA;NA;NA
"EVL";"CZ0214050";"6410";NA;NA;NA
"EVL";"CZ0214050";"6440";NA;NA;NA
"EVL";"CZ0214050";"6510";NA;NA;NA
"EVL";"CZ0214050";"7230";NA;NA;NA
"EVL";"CZ0214050";"6210p";NA;NA;NA
"EVL";"CZ0214050";"91H0";0;0;0
"EVL";"CZ0214050";"91I0";1,19034146869881;0;3
"EVL";"CZ0420012";"3260";NA;NA;NA
"EVL";"CZ0420012";"3270";NA;NA;NA
"EVL";"CZ0420012";"4030";NA;NA;NA
"EVL";"CZ0420012";"5130";NA;NA;NA
"EVL";"CZ0420012";"6190";NA;NA;NA
"EVL";"CZ0420012";"6210";NA;NA;NA
"EVL";"CZ0420012";"8220";NA;NA;NA
"EVL";"CZ0420012";"8230";NA;NA;NA
"EVL";"CZ0420012";"40A0";NA;NA;NA
"EVL";"CZ0420012";"91E0";2,22019385229396e-06;0;1
"EVL";"CZ0210066";"6210";NA;NA;NA
"EVL";"CZ0810425";"3140";NA;NA;NA
"EVL";"CZ0530021";"3150";NA;NA;NA
"EVL";"CZ0530021";"7140";NA;NA;NA
"EVL";"CZ0530021";"9170";0,955270845767227;0;2
"EVL";"CZ0530021";"9190";0;0;0
"EVL";"CZ0210175";"9170";10,7835892496567;0;44
"EVL";"CZ0210175";"9190";10,4766006316133;3,67096929008009;33
"EVL";"CZ0210175";"91I0";0,0353249647491402;0;2
"EVL";"CZ0310605";"91D0";3,44311183405364;2,99334396807345;2
"EVL";"CZ0310163";"9110";1,35041594049969;1,02634628749657;5
"EVL";"CZ0310163";"9130";0,0125141980894419;0;1
"EVL";"CZ0310163";"9410";2,77309286513508;1,08373842646233;8
