kod_chu,DRUH,POLE,POSLEDNI_NALEZ
CZ0114001,Cottus gobio,6051b,2023-08-17
CZ0210172,Misgurnus fossilis,5754d,2013-10-24
CZ0212006,Cottus gobio,5556a,2022-06-22
CZ0212020,Cottus gobio,5555a,2012-08-17
CZ0212020,Lampetra planeri,5555a,2012-08-17
CZ0213009,Cottus gobio,6355a,2023-10-16
CZ0213009,Cottus gobio,6355c,2023-10-16
CZ0213009,Lampetra planeri,6355a,2023-11-14
CZ0213009,Lampetra planeri,6355c,2023-08-15
CZ0213009,Lampetra planeri,6454d,2023-08-15
CZ0213009,Rhodeus amarus,6355a,2014-10-11
CZ0213016,Cottus gobio,5851a,2014-09-23
CZ0213016,Cottus gobio,5851c,2014-09-23
CZ0213016,Lampetra planeri,5851a,2014-09-23
CZ0213016,Lampetra planeri,5851c,2014-09-23
CZ0213039,Rhodeus amarus,5652b,2022-09-22
CZ0213042,Cottus gobio,6256a,2016-11-11
CZ0213042,Lampetra planeri,6256a,2023-10-22
CZ0213048,Rhodeus amarus,5855b,2023-08-29
CZ0213050,Lampetra planeri,6249b,2025-03-26
CZ0213067,Cottus gobio,6257c,2016-10-01
CZ0213067,Rhodeus amarus,6256d,2015-08-18
CZ0213067,Rhodeus amarus,6257c,2016-10-01
CZ0213067,Rhodeus amarus,6357b,2015-08-17
CZ0213068,Rhodeus amarus,6152b,2023-08-27
CZ0213068,Rhodeus amarus,6153a,2022-10-26
CZ0213068,Rhodeus amarus,6153b,2023-09-06
CZ0213068,Rhodeus amarus,6153c,2023-08-27
CZ0213068,Rhodeus amarus,6153d,2012-09-18
CZ0213068,Rhodeus amarus,6154b,2023-08-27
CZ0213068,Rhodeus amarus,6154c,2023-08-27
CZ0213068,Rhodeus amarus,6155a,2023-08-27
CZ0213068,Rhodeus amarus,6155d,2023-08-27
CZ0213069,Lampetra planeri,6354b,2023-09-07
CZ0213069,Lampetra planeri,6354d,2023-09-08
CZ0213069,Misgurnus fossilis,6354b,2023-09-07
CZ0213076,Cottus gobio,6256a,2015-09-01
CZ0213076,Lampetra planeri,6256a,2023-10-22
CZ0213076,Lampetra planeri,6256c,2023-10-22
CZ0213076,Rhodeus amarus,6256a,2019-06-20
CZ0213814,Cottus gobio,6248c,2023-09-03
CZ0213814,Lampetra planeri,6248c,2016-07-12
CZ0213817,Lampetra planeri,6249d,2023-09-03
CZ0213818,Lampetra planeri,6249d,2023-09-03
CZ0214007,Misgurnus fossilis,5854b,2014-09-16
CZ0214008,Cottus gobio,5849c,2024-07-11
CZ0214008,Cottus gobio,5949a,2024-07-11
CZ0214008,Cottus gobio,5949b,2022-07-11
CZ0214008,Lampetra planeri,5849c,2024-07-11
CZ0214008,Lampetra planeri,5949a,2024-07-11
CZ0214009,Rhodeus amarus,5856d,2012-07-23
CZ0214011,Cottus gobio,6048b,2022-11-05
CZ0214011,Cottus gobio,6049a,2022-08-09
CZ0214013,Cobitis elongatoides,5553c,2023-09-22
CZ0214013,Cobitis elongatoides,5653a,2024-12-04
CZ0214013,Cottus gobio,5653c,2014-09-23
CZ0214013,Lampetra planeri,5653c,2014-09-23
CZ0214013,Misgurnus fossilis,5452d,2021-08-19
CZ0214013,Misgurnus fossilis,5453c,2021-08-19
CZ0214013,Misgurnus fossilis,5552b,2023-09-10
CZ0214013,Misgurnus fossilis,5552d,2021-08-19
CZ0214013,Misgurnus fossilis,5653a,2023-09-10
CZ0214013,Misgurnus fossilis,5653c,2023-09-10
CZ0214013,Rhodeus amarus,5653a,2024-12-04
CZ0214017,Cottus gobio,6050b,2023-08-17
CZ0214017,Cottus gobio,6050d,2020-07-31
CZ0214017,Rhodeus amarus,6050b,2012-09-14
CZ0214039,Cottus gobio,6049c,2021-10-26
CZ0214039,Cottus gobio,6149a,2019-11-09
CZ0214039,Cottus gobio,6149b,2022-11-24
CZ0214041,Cottus gobio,6348d,2018-10-05
CZ0214041,Lampetra planeri,6348d,2023-09-03
CZ0214041,Lampetra planeri,6448b,2016-06-05
CZ0214042,Cottus gobio,6248d,2020-06-17
CZ0214042,Cottus gobio,6348b,2019-11-20
CZ0214045,Misgurnus fossilis,5849c,2015-03-21
CZ0214050,Misgurnus fossilis,5857b,2020-08-08
CZ0214050,Misgurnus fossilis,5858c,2021-10-15
CZ0214050,Rhodeus amarus,5857d,2018-10-17
CZ0214050,Rhodeus amarus,5858c,2023-08-19
CZ0310010,Misgurnus fossilis,6751c,2024-09-11
CZ0310035,Cottus gobio,7251b,2019-10-25
CZ0310035,Cottus gobio,7251d,2019-10-25
CZ0310035,Cottus gobio,7352a,2019-10-25
CZ0310035,Lampetra planeri,7251b,2019-10-25
CZ0310035,Lampetra planeri,7251d,2019-10-25
CZ0310035,Lampetra planeri,7352a,2019-10-25
CZ0310163,Cottus gobio,7354a,2015-08-24
CZ0313092,Lampetra planeri,7254a,2023-10-22
CZ0313092,Lampetra planeri,7254c,2012-09-20
CZ0313101,Cobitis elongatoides,6856d,2019-11-01
CZ0313101,Rhodeus amarus,6856d,2013-05-19
CZ0313106,Cottus gobio,6752b,2012-07-27
CZ0313106,Cottus gobio,6854a,2015-08-17
CZ0313106,Cottus gobio,6854b,2014-01-07
CZ0313106,Misgurnus fossilis,6754c,2023-08-07
CZ0313106,Misgurnus fossilis,6854b,2023-08-08
CZ0313106,Misgurnus fossilis,6854d,2023-08-08
CZ0313110,Rhodeus amarus,6958b,2023-08-21
CZ0313110,Rhodeus amarus,6958d,2023-08-21
CZ0313110,Rhodeus amarus,7058b,2023-08-21
CZ0313110,Romanogobio vladykovi,7058b,2012-07-15
CZ0313123,Misgurnus fossilis,7154a,2019-09-28
CZ0313123,Misgurnus fossilis,7154c,2012-08-03
CZ0313128,Misgurnus fossilis,6854c,2024-07-05
CZ0313137,Lampetra planeri,7254b,2023-10-08
CZ0313140,Cottus gobio,6448d,2012-09-20
CZ0313140,Cottus gobio,6449c,2022-11-12
CZ0313140,Lampetra planeri,6448d,2012-09-20
CZ0313805,Cottus gobio,6949d,2024-11-18
CZ0313805,Lampetra planeri,6949d,2022-10-26
CZ0313822,Lampetra planeri,6956c,2019-11-17
CZ0314019,Cobitis elongatoides,6954a,2019-09-07
CZ0314019,Misgurnus fossilis,6954a,2022-11-15
CZ0314019,Misgurnus fossilis,6954c,2019-05-25
CZ0314022,Cottus gobio,7252d,2024-04-24
CZ0314022,Cottus gobio,7253c,2012-09-07
CZ0314022,Cottus gobio,7352b,2024-04-24
CZ0314022,Cottus gobio,7352d,2024-04-24
CZ0314022,Cottus gobio,7353c,2024-04-24
CZ0314022,Cottus gobio,7353d,2024-04-24
CZ0314022,Lampetra planeri,7252d,2024-04-24
CZ0314022,Lampetra planeri,7253c,2012-09-07
CZ0314022,Lampetra planeri,7352b,2024-04-24
CZ0314022,Lampetra planeri,7352d,2024-04-24
CZ0314022,Lampetra planeri,7353c,2024-04-24
CZ0314022,Lampetra planeri,7353d,2012-09-07
CZ0314023,Cobitis elongatoides,6954b,2014-10-21
CZ0314023,Cobitis elongatoides,6954d,2022-09-21
CZ0314023,Cobitis elongatoides,6955c,2022-06-16
CZ0314023,Cobitis elongatoides,7055a,2019-01-23
CZ0314023,Cobitis elongatoides,7155a,2023-08-16
CZ0314023,Cobitis elongatoides,7155d,2022-06-20
CZ0314023,Cottus gobio,6954d,2015-05-29
CZ0314023,Cottus gobio,7055a,2019-09-22
CZ0314023,Cottus gobio,7055c,2013-10-01
CZ0314023,Cottus gobio,7155a,2018-08-30
CZ0314023,Cottus gobio,7155b,2019-09-04
CZ0314023,Lampetra planeri,6954d,2021-10-13
CZ0314023,Lampetra planeri,7055a,2019-10-06
CZ0314023,Lampetra planeri,7055c,2021-09-20
CZ0314023,Lampetra planeri,7155a,2021-10-13
CZ0314023,Lampetra planeri,7155d,2019-09-21
CZ0314023,Misgurnus fossilis,6954d,2022-08-29
CZ0314023,Misgurnus fossilis,6955c,2023-08-09
CZ0314023,Misgurnus fossilis,7055a,2023-08-10
CZ0314023,Misgurnus fossilis,7155a,2023-08-16
CZ0314023,Misgurnus fossilis,7155c,2023-08-10
CZ0314023,Misgurnus fossilis,7155d,2023-08-11
CZ0314024,Cottus gobio,6744a,2022-10-26
CZ0314024,Cottus gobio,6744b,2022-10-26
CZ0314024,Cottus gobio,6744d,2023-09-05
CZ0314024,Cottus gobio,6745a,2023-09-06
CZ0314024,Cottus gobio,6745b,2020-09-26
CZ0314024,Cottus gobio,6745c,2023-09-06
CZ0314024,Cottus gobio,6745d,2023-09-12
CZ0314024,Cottus gobio,6746a,2019-09-23
CZ0314024,Cottus gobio,6746c,2023-09-06
CZ0314024,Cottus gobio,6746d,2022-10-28
CZ0314024,Cottus gobio,6845a,2023-09-05
CZ0314024,Cottus gobio,6845b,2023-10-01
CZ0314024,Cottus gobio,6845c,2023-09-05
CZ0314024,Cottus gobio,6845d,2023-09-05
CZ0314024,Cottus gobio,6846a,2023-09-07
CZ0314024,Cottus gobio,6846b,2022-10-27
CZ0314024,Cottus gobio,6846c,2024-08-06
CZ0314024,Cottus gobio,6846d,2023-09-12
CZ0314024,Cottus gobio,6847a,2023-09-07
CZ0314024,Cottus gobio,6847c,2023-09-12
CZ0314024,Cottus gobio,6946a,2023-09-11
CZ0314024,Cottus gobio,6946b,2021-09-18
CZ0314024,Cottus gobio,6946d,2023-09-13
CZ0314024,Cottus gobio,6947b,2020-10-28
CZ0314024,Cottus gobio,6947d,2023-09-14
CZ0314024,Cottus gobio,6948a,2023-09-07
CZ0314024,Cottus gobio,6948c,2023-09-14
CZ0314024,Cottus gobio,6948d,2024-01-18
CZ0314024,Cottus gobio,6949c,2023-09-22
CZ0314024,Cottus gobio,6949d,2024-12-06
CZ0314024,Cottus gobio,7047b,2023-09-14
CZ0314024,Cottus gobio,7048a,2024-01-18
CZ0314024,Cottus gobio,7048b,2023-09-18
CZ0314024,Cottus gobio,7048c,2023-11-17
CZ0314024,Cottus gobio,7048d,2024-11-05
CZ0314024,Cottus gobio,7049a,2023-06-26
CZ0314024,Cottus gobio,7049b,2023-06-27
CZ0314024,Cottus gobio,7049d,2023-06-27
CZ0314024,Cottus gobio,7050c,2024-07-22
CZ0314024,Cottus gobio,7050d,2024-10-07
CZ0314024,Cottus gobio,7148a,2023-09-19
CZ0314024,Cottus gobio,7148b,2023-09-20
CZ0314024,Cottus gobio,7148d,2023-09-20
CZ0314024,Cottus gobio,7149a,2022-09-11
CZ0314024,Cottus gobio,7149b,2024-11-04
CZ0314024,Cottus gobio,7149d,2022-10-28
CZ0314024,Cottus gobio,7249b,2023-10-06
CZ0314024,Cottus gobio,7249d,2022-10-28
CZ0314024,Cottus gobio,7250a,2023-09-01
CZ0314024,Cottus gobio,7250c,2022-10-28
CZ0314024,Cottus gobio,7350a,2022-10-28
CZ0314024,Cottus gobio,7350b,2020-10-30
CZ0314024,Cottus gobio,7350c,2023-09-26
CZ0314024,Cottus gobio,7350d,2023-09-26
CZ0314024,Cottus gobio,7450b,2023-09-26
CZ0314024,Cottus gobio,7451a,2021-10-29
CZ0314024,Lampetra planeri,6744a,2023-09-04
CZ0314024,Lampetra planeri,6744b,2023-09-04
CZ0314024,Lampetra planeri,6744d,2023-09-04
CZ0314024,Lampetra planeri,6745a,2023-09-06
CZ0314024,Lampetra planeri,6745b,2022-10-18
CZ0314024,Lampetra planeri,6745c,2023-09-06
CZ0314024,Lampetra planeri,6745d,2023-09-12
CZ0314024,Lampetra planeri,6746a,2022-10-18
CZ0314024,Lampetra planeri,6746d,2023-09-06
CZ0314024,Lampetra planeri,6747c,2015-05-03
CZ0314024,Lampetra planeri,6845a,2021-10-27
CZ0314024,Lampetra planeri,6845b,2021-09-19
CZ0314024,Lampetra planeri,6845c,2021-10-27
CZ0314024,Lampetra planeri,6845d,2021-10-27
CZ0314024,Lampetra planeri,6846a,2022-08-19
CZ0314024,Lampetra planeri,6846b,2023-09-07
CZ0314024,Lampetra planeri,6846c,2021-09-19
CZ0314024,Lampetra planeri,6846d,2021-09-19
CZ0314024,Lampetra planeri,6847a,2020-09-28
CZ0314024,Lampetra planeri,6847c,2023-09-12
CZ0314024,Lampetra planeri,6946b,2021-09-18
CZ0314024,Lampetra planeri,6947b,2020-10-28
CZ0314024,Lampetra planeri,6947d,2023-09-14
CZ0314024,Lampetra planeri,6948a,2020-10-28
CZ0314024,Lampetra planeri,6948c,2021-10-27
CZ0314024,Lampetra planeri,6948d,2021-10-27
CZ0314024,Lampetra planeri,6949c,2023-09-22
CZ0314024,Lampetra planeri,6949d,2024-12-06
CZ0314024,Lampetra planeri,7047b,2024-07-03
CZ0314024,Lampetra planeri,7048a,2023-09-18
CZ0314024,Lampetra planeri,7048c,2024-01-18
CZ0314024,Lampetra planeri,7048d,2024-05-06
CZ0314024,Lampetra planeri,7049a,2023-10-13
CZ0314024,Lampetra planeri,7049b,2024-04-13
CZ0314024,Lampetra planeri,7049d,2023-09-27
CZ0314024,Lampetra planeri,7050c,2023-10-13
CZ0314024,Lampetra planeri,7050d,2023-10-03
CZ0314024,Lampetra planeri,7148b,2023-06-04
CZ0314024,Lampetra planeri,7148d,2024-06-21
CZ0314024,Lampetra planeri,7149a,2024-06-20
CZ0314024,Lampetra planeri,7149b,2023-09-27
CZ0314024,Lampetra planeri,7149d,2023-10-04
CZ0314024,Lampetra planeri,7249b,2020-10-28
CZ0314024,Lampetra planeri,7249d,2023-10-05
CZ0314024,Lampetra planeri,7250a,2020-10-29
CZ0314024,Lampetra planeri,7250c,2023-10-06
CZ0314024,Lampetra planeri,7250d,2012-06-25
CZ0314024,Lampetra planeri,7350a,2023-10-05
CZ0314024,Lampetra planeri,7350b,2020-10-30
CZ0314024,Lampetra planeri,7350c,2021-10-29
CZ0314024,Lampetra planeri,7350d,2021-10-29
CZ0314024,Lampetra planeri,7450b,2021-10-29
CZ0314024,Lampetra planeri,7451a,2021-10-29
CZ0314123,Cottus gobio,7149b,2023-09-05
CZ0314123,Cottus gobio,7149d,2023-10-13
CZ0314123,Cottus gobio,7150a,2023-09-05
CZ0314123,Cottus gobio,7150b,2023-08-23
CZ0314123,Cottus gobio,7150c,2023-09-01
CZ0314123,Cottus gobio,7150d,2023-10-06
CZ0314123,Cottus gobio,7151a,2023-08-22
CZ0314123,Cottus gobio,7151c,2023-08-22
CZ0314123,Cottus gobio,7250a,2022-10-28
CZ0314123,Lampetra planeri,7149d,2022-06-02
CZ0314123,Lampetra planeri,7151a,2014-10-17
CZ0314124,Cottus gobio,7050d,2023-10-27
CZ0314124,Cottus gobio,7051a,2023-09-04
CZ0314124,Cottus gobio,7051c,2023-10-27
CZ0314124,Cottus gobio,7051d,2023-10-28
CZ0314124,Cottus gobio,7052c,2023-10-29
CZ0314124,Cottus gobio,7151a,2023-10-28
CZ0314124,Cottus gobio,7151b,2023-10-28
CZ0314124,Cottus gobio,7151c,2023-10-28
CZ0314124,Cottus gobio,7151d,2023-10-28
CZ0314124,Cottus gobio,7152a,2024-03-25
CZ0314124,Cottus gobio,7152c,2023-10-28
CZ0314124,Lampetra planeri,7050d,2022-10-28
CZ0314124,Lampetra planeri,7051c,2023-10-28
CZ0314124,Lampetra planeri,7051d,2023-10-28
CZ0314124,Lampetra planeri,7052c,2023-10-29
CZ0314124,Lampetra planeri,7151a,2023-10-28
CZ0314124,Lampetra planeri,7151c,2023-10-28
CZ0314124,Lampetra planeri,7151d,2023-10-28
CZ0314124,Lampetra planeri,7152a,2024-03-25
CZ0314124,Lampetra planeri,7152c,2023-10-28
CZ0314126,Cottus gobio,6953a,2012-09-26
CZ0314126,Lampetra planeri,6953a,2012-09-26
CZ0314641,Cottus gobio,6950c,2019-10-18
CZ0314641,Cottus gobio,7050a,2024-08-12
CZ0314641,Lampetra planeri,6950c,2022-09-09
CZ0314641,Lampetra planeri,7050a,2024-08-12
CZ0320053,Cottus gobio,6048c,2023-06-26
CZ0320053,Cottus gobio,6048d,2023-09-02
CZ0320180,Cottus gobio,6642b,2015-11-15
CZ0320180,Cottus gobio,6642d,2023-06-28
CZ0320180,Cottus gobio,6643a,2023-06-28
CZ0323142,Rhodeus amarus,6048a,2014-10-08
CZ0323145,Cottus gobio,6347d,2020-06-18
CZ0323145,Cottus gobio,6348c,2020-06-18
CZ0323145,Lampetra planeri,6347d,2016-07-07
CZ0323145,Lampetra planeri,6348c,2016-07-08
CZ0323151,Cottus gobio,6341b,2023-06-29
CZ0323151,Cottus gobio,6341c,2023-06-29
CZ0323151,Cottus gobio,6341d,2019-04-06
CZ0323151,Lampetra planeri,6341b,2020-11-16
CZ0323159,Cottus gobio,6246b,2013-09-10
CZ0323165,Cottus gobio,6443c,2018-10-03
CZ0323165,Lampetra planeri,6442b,2024-10-22
CZ0323165,Lampetra planeri,6443a,2024-10-22
CZ0323165,Lampetra planeri,6443c,2022-09-24
CZ0323166,Cottus gobio,6441b,2023-06-29
CZ0323166,Cottus gobio,6442c,2023-06-29
CZ0323166,Lampetra planeri,6441b,2015-10-25
CZ0323166,Lampetra planeri,6442c,2022-05-04
CZ0323812,Cottus gobio,6248c,2022-11-11
CZ0323812,Lampetra planeri,6248c,2023-10-09
CZ0323824,Cottus gobio,6746a,2019-09-23
CZ0323824,Lampetra planeri,6746a,2023-10-27
CZ0323824,Lampetra planeri,6746b,2020-09-27
CZ0323824,Lampetra planeri,6747a,2020-09-27
CZ0323825,Cottus gobio,6043c,2018-11-01
CZ0323825,Cottus gobio,6143b,2018-11-01
CZ0323825,Lampetra planeri,6143b,2021-11-16
CZ0324025,Cottus gobio,6046d,2015-11-17
CZ0324025,Lampetra planeri,6046d,2015-11-17
CZ0324026,Cottus gobio,6542a,2016-09-23
CZ0324026,Cottus gobio,6542c,2016-09-23
CZ0324026,Lampetra planeri,6542a,2022-09-24
CZ0324026,Lampetra planeri,6542c,2022-09-24
CZ0410020,Lampetra planeri,5841c,2021-06-05
CZ0410020,Misgurnus fossilis,5840d,2017-10-19
CZ0410020,Misgurnus fossilis,5841c,2015-10-22
CZ0410413,Cottus gobio,5742d,2021-05-18
CZ0410413,Cottus gobio,5842b,2021-05-18
CZ0413177,Cottus gobio,5638d,2013-10-04
CZ0413177,Cottus gobio,5738b,2013-10-04
CZ0413177,Lampetra planeri,5638d,2023-08-16
CZ0413177,Lampetra planeri,5738b,2023-08-13
CZ0413191,Cottus gobio,5843b,2021-10-12
CZ0413194,Cottus gobio,5945a,2015-09-21
CZ0413194,Lampetra planeri,5945a,2015-09-21
CZ0413194,Lampetra planeri,5945b,2023-08-11
CZ0413195,Cottus gobio,5942b,2023-08-13
CZ0413195,Cottus gobio,5942d,2023-08-13
CZ0413195,Cottus gobio,5943a,2013-09-06
CZ0413195,Cottus gobio,5943c,2020-09-13
CZ0414110,Cottus gobio,5542d,2015-09-01
CZ0414110,Lampetra planeri,5542d,2015-09-01
CZ0414127,Cottus gobio,5745a,2021-05-28
CZ0414127,Cottus gobio,5745c,2021-05-28
CZ0414127,Cottus gobio,5844b,2013-12-16
CZ0414127,Lampetra planeri,5745a,2015-09-01
CZ0414127,Salmo salar,5744a,2023-11-12
CZ0414127,Salmo salar,5744c,2023-11-12
CZ0414127,Salmo salar,5745a,2023-11-12
CZ0414127,Salmo salar,5844b,2022-10-15
CZ0420035,Rhodeus amarus,5544b,2014-09-04
CZ0420083,Cottus gobio,5152b,2022-08-18
CZ0420144,Cottus gobio,5445a,2015-09-01
CZ0420144,Lampetra planeri,5445a,2015-09-01
CZ0420528,Cottus gobio,5544c,2024-08-24
CZ0423507,Cottus gobio,5152c,2024-11-06
CZ0423507,Cottus gobio,5152d,2022-08-17
CZ0423507,Salmo salar,5152c,2024-11-06
CZ0423507,Salmo salar,5152d,2023-11-05
CZ0423507,Salmo salar,5252a,2023-11-05
CZ0423510,Cottus gobio,5550b,2024-07-21
CZ0423510,Cottus gobio,5550d,2021-09-03
CZ0423510,Cottus gobio,5647c,2015-09-01
CZ0423510,Cottus gobio,5648a,2015-09-01
CZ0423510,Cottus gobio,5648b,2015-09-01
CZ0423510,Cottus gobio,5649a,2024-07-14
CZ0423510,Lampetra planeri,5647c,2015-09-01
CZ0423510,Lampetra planeri,5648a,2015-09-01
CZ0423510,Lampetra planeri,5648b,2015-09-01
CZ0423510,Rhodeus amarus,5450d,2012-09-21
CZ0423510,Salmo salar,5450d,2013-03-18
CZ0424030,Cottus gobio,5445d,2015-09-01
CZ0424030,Cottus gobio,5546a,2015-09-01
CZ0424030,Lampetra planeri,5445d,2015-09-01
CZ0424030,Lampetra planeri,5546a,2015-09-01
CZ0424031,Cottus gobio,5052c,2023-07-13
CZ0424031,Cottus gobio,5052d,2012-11-01
CZ0424031,Cottus gobio,5151b,2023-07-10
CZ0424031,Cottus gobio,5152a,2022-07-18
CZ0424031,Cottus gobio,5152b,2022-08-18
CZ0424031,Cottus gobio,5152c,2023-07-12
CZ0424031,Cottus gobio,5152d,2015-09-27
CZ0424031,Lampetra planeri,5052c,2023-10-07
CZ0424031,Lampetra planeri,5052d,2012-11-01
CZ0424031,Lampetra planeri,5151b,2020-07-24
CZ0424031,Lampetra planeri,5152a,2024-04-27
CZ0424031,Lampetra planeri,5152b,2020-10-17
CZ0424031,Lampetra planeri,5152c,2023-10-07
CZ0424031,Lampetra planeri,5152d,2014-04-13
CZ0424031,Rhodeus amarus,5151b,2021-07-19
CZ0424031,Rhodeus amarus,5152a,2021-07-19
CZ0424031,Rhodeus amarus,5152b,2021-07-19
CZ0424031,Salmo salar,5151b,2023-10-20
CZ0424031,Salmo salar,5152a,2023-10-21
CZ0424031,Salmo salar,5152c,2023-10-28
CZ0424031,Salmo salar,5152d,2015-09-27
CZ0424111,Rhodeus amarus,5151c,2014-10-22
CZ0424111,Salmo salar,5151a,2020-12-13
CZ0424111,Salmo salar,5151b,2015-10-22
CZ0424125,Cottus gobio,5644a,2017-10-19
CZ0424125,Cottus gobio,5644c,2023-09-07
CZ0424125,Cottus gobio,5743b,2017-10-18
CZ0424125,Cottus gobio,5743d,2017-10-18
CZ0424125,Cottus gobio,5744a,2017-10-18
CZ0424125,Cottus gobio,5745a,2013-06-22
CZ0424125,Salmo salar,5646d,2023-10-29
CZ0424125,Salmo salar,5745a,2023-10-29
CZ0424125,Salmo salar,5745b,2023-10-29
CZ0424127,Cottus gobio,5446d,2015-09-01
CZ0424127,Lampetra planeri,5446d,2015-09-01
CZ0424141,Cottus gobio,5251a,2021-09-08
CZ0424141,Cottus gobio,5251c,2021-09-02
CZ0424141,Cottus gobio,5350a,2017-05-24
CZ0424141,Cottus gobio,5350b,2021-09-03
CZ0424141,Cottus gobio,5350c,2021-08-25
CZ0424141,Cottus gobio,5450a,2021-08-25
CZ0424141,Cottus gobio,5450c,2021-08-25
CZ0424141,Rhodeus amarus,5251c,2022-10-29
CZ0424141,Rhodeus amarus,5350a,2017-05-24
CZ0424141,Rhodeus amarus,5350b,2013-09-11
CZ0424141,Rhodeus amarus,5451c,2013-09-11
CZ0510191,Cottus gobio,5357c,2024-07-04
CZ0510191,Lampetra planeri,5357c,2015-10-23
CZ0510400,Lampetra planeri,5156b,2014-09-26
CZ0510400,Lampetra planeri,5157a,2014-09-26
CZ0510402,Lampetra planeri,5157d,2014-09-26
CZ0510415,Lampetra planeri,5157b,2014-10-04
CZ0510441,Cottus gobio,5352a,2021-08-12
CZ0513251,Cottus gobio,5255b,2023-09-09
CZ0513254,Lampetra planeri,5256c,2023-08-13
CZ0513256,Cottus gobio,4956c,2022-10-22
CZ0513256,Cottus gobio,5056a,2023-11-10
CZ0513256,Cottus gobio,5056c,2022-10-22
CZ0513256,Lampetra planeri,4956c,2023-09-09
CZ0513256,Lampetra planeri,5056a,2023-09-09
CZ0513256,Lampetra planeri,5056c,2023-09-09
CZ0513505,Cottus gobio,5251a,2022-10-26
CZ0513505,Cottus gobio,5252c,2021-09-07
CZ0513505,Salmo salar,5251a,2023-10-22
CZ0513505,Salmo salar,5251d,2023-10-22
CZ0513505,Salmo salar,5252c,2023-10-22
CZ0513505,Salmo salar,5252d,2021-11-21
CZ0513505,Salmo salar,5352b,2023-10-22
CZ0513505,Salmo salar,5353a,2022-10-16
CZ0513506,Cottus gobio,5353b,2023-08-31
CZ0513506,Cottus gobio,5353d,2023-08-31
CZ0513506,Cottus gobio,5354c,2023-08-31
CZ0513506,Lampetra planeri,5254d,2016-06-21
CZ0513506,Lampetra planeri,5255c,2014-09-14
CZ0513506,Lampetra planeri,5353b,2015-07-21
CZ0513506,Lampetra planeri,5354c,2015-09-12
CZ0513506,Salmo salar,5254c,2023-10-15
CZ0513506,Salmo salar,5254d,2021-11-21
CZ0513506,Salmo salar,5255c,2021-10-16
CZ0513506,Salmo salar,5353a,2023-10-08
CZ0513506,Salmo salar,5353b,2023-10-08
CZ0513506,Salmo salar,5353d,2023-10-08
CZ0513506,Salmo salar,5354a,2023-10-15
CZ0513506,Salmo salar,5354c,2023-10-15
CZ0513509,Cottus gobio,5153d,2022-08-16
CZ0513509,Cottus gobio,5154c,2022-08-17
CZ0513509,Cottus gobio,5254a,2022-10-25
CZ0513509,Lampetra planeri,5153d,2022-08-16
CZ0513509,Lampetra planeri,5154c,2022-08-17
CZ0513509,Lampetra planeri,5254a,2023-11-02
CZ0514042,Cottus gobio,5353c,2023-09-11
CZ0514042,Cottus gobio,5353d,2023-10-11
CZ0514042,Cottus gobio,5454a,2023-09-11
CZ0514113,Cobitis elongatoides,5457c,2022-10-28
CZ0514670,Cottus gobio,5352d,2023-08-31
CZ0514672,Cottus gobio,5357b,2023-09-23
CZ0514672,Cottus gobio,5357d,2023-09-24
CZ0514672,Cottus gobio,5358c,2023-09-24
CZ0514672,Cottus gobio,5358d,2023-09-23
CZ0514672,Cottus gobio,5458a,2023-09-24
CZ0514672,Lampetra planeri,5357b,2012-09-18
CZ0514672,Lampetra planeri,5357d,2022-10-29
CZ0514672,Lampetra planeri,5358c,2022-10-22
CZ0514672,Lampetra planeri,5358d,2021-07-31
CZ0514672,Lampetra planeri,5458a,2022-10-22
CZ0520028,Cottus gobio,5562c,2020-09-18
CZ0520028,Lampetra planeri,5562c,2020-09-18
CZ0520519,Cottus gobio,5362d,2013-10-19
CZ0520519,Cottus gobio,5462b,2023-07-12
CZ0520603,Cottus gobio,5663b,2023-07-27
CZ0520604,Cottus gobio,5864a,2023-07-24
CZ0520604,Cottus gobio,5864b,2023-10-24
CZ0520604,Lampetra planeri,5864a,2024-09-11
CZ0523007,Cottus gobio,5762b,2022-10-06
CZ0523007,Cottus gobio,5763a,2023-10-17
CZ0523007,Lampetra planeri,5762b,2023-10-17
CZ0523007,Lampetra planeri,5763a,2023-10-17
CZ0523267,Cottus gobio,5764b,2022-08-10
CZ0523267,Cottus gobio,5765c,2023-10-23
CZ0523267,Cottus gobio,5865a,2023-10-23
CZ0523267,Cottus gobio,5865c,2021-09-21
CZ0523267,Lampetra planeri,5764b,2021-09-15
CZ0523267,Lampetra planeri,5765c,2021-09-21
CZ0523267,Lampetra planeri,5865a,2015-09-22
CZ0523267,Lampetra planeri,5865c,2021-09-21
CZ0523277,Cottus gobio,5459b,2023-09-24
CZ0523277,Cottus gobio,5460a,2014-09-30
CZ0523277,Cottus gobio,5460c,2023-09-24
CZ0523277,Lampetra planeri,5460a,2014-09-30
CZ0523277,Lampetra planeri,5460c,2015-09-03
CZ0523280,Cottus gobio,5362d,2018-10-19
CZ0523280,Cottus gobio,5462b,2018-10-19
CZ0523280,Cottus gobio,5462d,2022-10-25
CZ0523280,Cottus gobio,5463a,2018-10-19
CZ0523280,Cottus gobio,5463c,2019-09-24
CZ0523280,Cottus gobio,5563a,2019-09-24
CZ0523280,Lampetra planeri,5362d,2018-10-19
CZ0523280,Lampetra planeri,5462b,2018-10-19
CZ0523280,Lampetra planeri,5462d,2023-09-16
CZ0523280,Lampetra planeri,5463a,2023-09-16
CZ0523280,Lampetra planeri,5463c,2023-09-16
CZ0523280,Lampetra planeri,5563a,2020-10-10
CZ0523823,Cottus gobio,5460a,2023-09-21
CZ0523823,Cottus gobio,5460b,2021-09-27
CZ0524044,Cottus gobio,5258c,2020-09-02
CZ0524044,Cottus gobio,5258d,2023-08-31
CZ0524044,Cottus gobio,5259c,2015-09-01
CZ0524044,Cottus gobio,5259d,2015-09-01
CZ0524044,Cottus gobio,5260d,2023-09-21
CZ0524044,Cottus gobio,5358b,2023-08-31
CZ0524044,Cottus gobio,5358d,2023-09-01
CZ0524044,Cottus gobio,5359a,2023-09-07
CZ0524044,Cottus gobio,5359b,2023-09-08
CZ0524044,Cottus gobio,5359c,2023-09-01
CZ0524044,Cottus gobio,5359d,2023-09-08
CZ0524044,Cottus gobio,5360b,2023-10-19
CZ0524044,Cottus gobio,5360c,2023-09-08
CZ0524044,Cottus gobio,5360d,2024-11-05
CZ0524044,Cottus gobio,5361a,2015-09-01
CZ0524044,Cottus gobio,5361c,2023-10-29
CZ0524044,Cottus gobio,5460a,2023-09-08
CZ0524044,Cottus gobio,5460b,2013-09-01
CZ0524044,Cottus gobio,5461a,2020-09-08
CZ0524044,Lampetra planeri,5258c,2013-09-23
CZ0524044,Lampetra planeri,5258d,2013-09-01
CZ0524044,Lampetra planeri,5259c,2015-09-01
CZ0524044,Lampetra planeri,5259d,2015-09-01
CZ0524044,Lampetra planeri,5260d,2013-09-01
CZ0524044,Lampetra planeri,5358b,2013-09-23
CZ0524044,Lampetra planeri,5358d,2017-06-17
CZ0524044,Lampetra planeri,5359a,2013-09-23
CZ0524044,Lampetra planeri,5359b,2013-09-01
CZ0524044,Lampetra planeri,5359c,2013-09-01
CZ0524044,Lampetra planeri,5359d,2017-05-29
CZ0524044,Lampetra planeri,5360b,2015-09-01
CZ0524044,Lampetra planeri,5360c,2013-09-01
CZ0524044,Lampetra planeri,5360d,2013-09-01
CZ0524044,Lampetra planeri,5361a,2015-09-01
CZ0524044,Lampetra planeri,5361c,2018-10-09
CZ0524044,Lampetra planeri,5460a,2018-10-09
CZ0524044,Lampetra planeri,5460b,2013-09-01
CZ0524044,Lampetra planeri,5461a,2013-09-01
CZ0524047,Cottus gobio,5663a,2015-09-16
CZ0524049,Cottus gobio,5862c,2014-11-15
CZ0524049,Cottus gobio,5862d,2020-08-28
CZ0524049,Misgurnus fossilis,5862a,2014-10-31
CZ0524049,Misgurnus fossilis,5962b,2014-10-31
CZ0524049,Rhodeus amarus,5862a,2012-09-19
CZ0524049,Rhodeus amarus,5862d,2019-07-31
CZ0524049,Rhodeus amarus,5960b,2024-10-23
CZ0530033,Cottus gobio,6266d,2013-09-23
CZ0530033,Lampetra planeri,6266d,2013-09-23
CZ0530034,Cottus gobio,6065d,2013-09-23
CZ0530034,Lampetra planeri,6065d,2013-09-23
CZ0533012,Cobitis elongatoides,5859d,2023-05-23
CZ0533301,Cottus gobio,6261d,2022-08-05
CZ0533301,Lampetra planeri,6261d,2023-10-15
CZ0533303,Cobitis elongatoides,6260b,2013-09-06
CZ0533303,Cottus gobio,6160a,2019-11-04
CZ0533303,Cottus gobio,6160c,2022-10-05
CZ0533303,Cottus gobio,6160d,2022-08-03
CZ0533303,Cottus gobio,6260b,2022-08-17
CZ0533308,Cobitis elongatoides,5859d,2019-09-25
CZ0533308,Cobitis elongatoides,5959b,2020-11-29
CZ0533308,Cobitis elongatoides,5960a,2024-05-15
CZ0533308,Rhodeus amarus,5960a,2016-11-01
CZ0533314,Cottus gobio,5965b,2023-10-03
CZ0533314,Cottus gobio,5965c,2016-10-22
CZ0533314,Cottus gobio,5965d,2023-10-03
CZ0533314,Cottus gobio,5966a,2014-09-23
CZ0533314,Lampetra planeri,5965b,2023-10-02
CZ0533314,Lampetra planeri,5965c,2022-10-15
CZ0533314,Lampetra planeri,5965d,2020-10-10
CZ0533314,Lampetra planeri,5966a,2023-10-02
CZ0533314,Lampetra planeri,5966b,2022-10-08
CZ0533698,Cobitis elongatoides,5958b,2024-08-29
CZ0534053,Cottus gobio,6160b,2023-10-15
CZ0534053,Lampetra planeri,6160b,2018-10-17
CZ0534053,Rhodeus amarus,6160b,2022-08-01
CZ0613004,Cottus gobio,6359d,2023-10-25
CZ0613005,Cottus gobio,6456a,2023-10-22
CZ0613005,Cottus gobio,6456b,2023-10-22
CZ0613005,Cottus gobio,6457a,2023-10-22
CZ0613005,Lampetra planeri,6456a,2015-11-02
CZ0613005,Lampetra planeri,6456b,2021-08-13
CZ0613005,Lampetra planeri,6457a,2021-08-13
CZ0613010,Cottus gobio,6363a,2013-09-24
CZ0613321,Cottus gobio,6558a,2023-09-19
CZ0613321,Lampetra planeri,6558a,2023-09-19
CZ0613327,Cobitis elongatoides,6859a,2017-06-26
CZ0613332,Rhodeus amarus,6459b,2015-09-17
CZ0613332,Rhodeus amarus,6460c,2015-09-17
CZ0613333,Cottus gobio,6461b,2022-09-01
CZ0613333,Cottus gobio,6462a,2023-10-15
CZ0613333,Lampetra planeri,6461b,2022-09-01
CZ0613333,Lampetra planeri,6462a,2019-11-06
CZ0613334,Cottus gobio,6455d,2013-08-21
CZ0613334,Cottus gobio,6456d,2013-08-21
CZ0613334,Cottus gobio,6556a,2013-08-21
CZ0613334,Lampetra planeri,6456d,2013-08-21
CZ0614059,Cottus gobio,6361a,2015-09-17
CZ0614131,Cottus gobio,6862b,2023-10-14
CZ0614131,Cottus gobio,6863a,2023-10-14
CZ0614131,Cottus gobio,6863c,2023-10-14
CZ0614131,Cottus gobio,6863d,2023-10-14
CZ0614134,Cottus gobio,6963a,2022-08-04
CZ0623010,Misgurnus fossilis,7264a,2022-04-26
CZ0623019,Cobitis elongatoides,7063d,2020-04-28
CZ0623019,Misgurnus fossilis,7063d,2013-10-18
CZ0623022,Misgurnus fossilis,7164b,2023-10-06
CZ0623022,Misgurnus fossilis,7164d,2023-10-06
CZ0623022,Misgurnus fossilis,7165a,2020-09-09
CZ0623022,Misgurnus fossilis,7165c,2016-10-14
CZ0623041,Cobitis elongatoides,7163a,2013-10-18
CZ0623041,Rhodeus amarus,7063c,2016-10-14
CZ0623041,Rhodeus amarus,7163d,2015-09-21
CZ0623041,Rhodeus amarus,7164d,2015-09-16
CZ0623046,Misgurnus fossilis,7164d,2023-08-22
CZ0623046,Misgurnus fossilis,7264b,2023-08-22
CZ0623324,Cottus gobio,6563d,2023-10-14
CZ0623324,Cottus gobio,6663b,2023-10-14
CZ0623797,Misgurnus fossilis,7169b,2017-09-26
CZ0623797,Rhodeus amarus,7069d,2017-09-26
CZ0623797,Romanogobio vladykovi,7069d,2017-09-26
CZ0623798,Misgurnus fossilis,7163d,2015-04-16
CZ0623800,Misgurnus fossilis,7065b,2021-05-12
CZ0623819,Rhodeus amarus,6963b,2019-09-12
CZ0623819,Rhodeus amarus,6963c,2019-09-11
CZ0623819,Rhodeus amarus,6963d,2019-09-11
CZ0623819,Rhodeus amarus,6964a,2015-09-17
CZ0623819,Romanogobio vladykovi,6963b,2023-08-24
CZ0623819,Romanogobio vladykovi,6963c,2023-08-24
CZ0623819,Romanogobio vladykovi,6963d,2023-08-24
CZ0623819,Romanogobio vladykovi,6964a,2023-08-24
CZ0624001,Cottus gobio,7162d,2014-10-30
CZ0624001,Cottus gobio,7163c,2015-10-12
CZ0624001,Rhodeus amarus,7162d,2015-10-12
CZ0624001,Rhodeus amarus,7163c,2024-09-03
CZ0624001,Rhodeus amarus,7263a,2020-10-07
CZ0624001,Romanogobio vladykovi,7263a,2014-10-30
CZ0624068,Misgurnus fossilis,7069d,2023-08-23
CZ0624068,Misgurnus fossilis,7169a,2023-08-23
CZ0624068,Misgurnus fossilis,7169b,2023-08-23
CZ0624068,Rhodeus amarus,7169a,2023-05-28
CZ0624068,Rhodeus amarus,7169b,2013-06-21
CZ0624071,Misgurnus fossilis,7169a,2014-09-03
CZ0624071,Rhodeus amarus,7168b,2014-09-05
CZ0624071,Rhodeus amarus,7168d,2023-10-16
CZ0624071,Rhodeus amarus,7169a,2022-09-19
CZ0624095,Rhodeus amarus,7159b,2022-08-22
CZ0624095,Romanogobio vladykovi,7159b,2023-09-24
CZ0624096,Cottus gobio,7160b,2023-10-12
CZ0624096,Cottus gobio,7161a,2023-10-12
CZ0624096,Cottus gobio,7161c,2023-10-12
CZ0624096,Cottus gobio,7161d,2023-10-12
CZ0624099,Cottus gobio,7166a,2022-09-20
CZ0624099,Cottus gobio,7166c,2022-09-20
CZ0624099,Misgurnus fossilis,7166a,2023-08-24
CZ0624099,Misgurnus fossilis,7166c,2013-10-21
CZ0624099,Misgurnus fossilis,7166d,2023-10-18
CZ0624099,Misgurnus fossilis,7167c,2022-09-23
CZ0624099,Misgurnus fossilis,7267a,2023-08-24
CZ0624099,Rhodeus amarus,7166a,2021-09-22
CZ0624099,Rhodeus amarus,7166c,2013-10-21
CZ0624099,Rhodeus amarus,7166d,2023-10-18
CZ0624099,Rhodeus amarus,7167c,2023-08-23
CZ0624099,Rhodeus amarus,7266b,2016-06-01
CZ0624099,Rhodeus amarus,7267a,2023-08-24
CZ0624099,Romanogobio vladykovi,7166d,2014-05-15
CZ0624099,Romanogobio vladykovi,7167c,2015-09-15
CZ0624099,Romanogobio vladykovi,7267a,2015-08-27
CZ0624103,Rhodeus amarus,7065a,2019-09-26
CZ0624103,Rhodeus amarus,7065c,2019-09-26
CZ0624103,Romanogobio vladykovi,7065a,2023-10-05
CZ0624103,Romanogobio vladykovi,7065c,2023-10-05
CZ0624103,Sabanejewia balcanica,7065c,2019-09-26
CZ0624119,Cobitis elongatoides,7267c,2014-06-13
CZ0624119,Cobitis elongatoides,7367b,2015-06-12
CZ0624119,Cobitis elongatoides,7367d,2019-10-31
CZ0624119,Gymnocephalus baloni,7267c,2015-06-12
CZ0624119,Gymnocephalus baloni,7367a,2018-09-19
CZ0624119,Gymnocephalus baloni,7367b,2018-09-19
CZ0624119,Gymnocephalus baloni,7367d,2019-11-08
CZ0624119,Misgurnus fossilis,7267c,2023-06-05
CZ0624119,Misgurnus fossilis,7267d,2022-05-16
CZ0624119,Misgurnus fossilis,7268a,2020-05-23
CZ0624119,Misgurnus fossilis,7268c,2023-05-02
CZ0624119,Misgurnus fossilis,7367b,2023-09-08
CZ0624119,Misgurnus fossilis,7367d,2023-07-03
CZ0624119,Pelecus cultratus,7367d,2012-08-28
CZ0624119,Rhodeus amarus,7267a,2020-10-10
CZ0624119,Rhodeus amarus,7267c,2023-09-12
CZ0624119,Rhodeus amarus,7267d,2023-06-05
CZ0624119,Rhodeus amarus,7268a,2021-04-23
CZ0624119,Rhodeus amarus,7268b,2014-07-28
CZ0624119,Rhodeus amarus,7268c,2021-05-23
CZ0624119,Rhodeus amarus,7367a,2019-08-28
CZ0624119,Rhodeus amarus,7367b,2023-09-12
CZ0624119,Rhodeus amarus,7367d,2023-07-03
CZ0624119,Romanogobio vladykovi,7267c,2022-04-21
CZ0624119,Romanogobio vladykovi,7267d,2023-06-05
CZ0624119,Romanogobio vladykovi,7268a,2020-05-12
CZ0624119,Romanogobio vladykovi,7268c,2020-05-12
CZ0624119,Romanogobio vladykovi,7367b,2023-06-05
CZ0624119,Romanogobio vladykovi,7367d,2022-09-07
CZ0624119,Zingel streber,7367d,2019-10-31
CZ0624119,Zingel zingel,7267a,2020-11-15
CZ0624119,Zingel zingel,7267c,2014-05-14
CZ0624119,Zingel zingel,7367a,2018-09-19
CZ0624119,Zingel zingel,7367b,2019-01-03
CZ0624119,Zingel zingel,7367d,2012-08-28
CZ0624130,Cottus gobio,6665d,2025-03-08
CZ0624130,Cottus gobio,6666a,2023-10-27
CZ0624130,Cottus gobio,6666b,2022-10-27
CZ0624130,Cottus gobio,6666c,2025-03-08
CZ0624130,Cottus gobio,6766a,2022-10-27
CZ0624130,Cottus gobio,6766c,2023-10-27
CZ0624130,Cottus gobio,6766d,2022-10-01
CZ0624238,Rhodeus amarus,6964b,2016-07-19
CZ0624238,Rhodeus amarus,6964d,2016-07-19
CZ0624238,Rhodeus amarus,6965c,2019-10-21
CZ0624238,Romanogobio vladykovi,6964b,2023-10-05
CZ0624238,Romanogobio vladykovi,6964d,2015-08-24
CZ0624238,Romanogobio vladykovi,6965c,2023-10-05
CZ0624238,Sabanejewia balcanica,6965c,2019-10-21
CZ0712186,Misgurnus fossilis,6569a,2020-09-20
CZ0713004,Cottus gobio,5968c,2017-09-29
CZ0713004,Eudontomyzon mariae,5968c,2023-10-01
CZ0713004,Lampetra planeri,5968c,2013-09-23
CZ0713374,Cottus gobio,6067c,2021-09-07
CZ0713374,Cottus gobio,6067d,2021-09-07
CZ0713374,Lampetra planeri,6067c,2023-10-23
CZ0713374,Lampetra planeri,6067d,2023-10-23
CZ0713398,Lampetra planeri,5770a,2020-09-07
CZ0714073,Cottus gobio,6167a,2018-07-01
CZ0714073,Cottus gobio,6167b,2018-07-11
CZ0714073,Cottus gobio,6167d,2013-09-23
CZ0714073,Cottus gobio,6267b,2023-10-05
CZ0714073,Cottus gobio,6267d,2023-10-05
CZ0714073,Cottus gobio,6268c,2023-10-04
CZ0714073,Cottus gobio,6368b,2023-10-05
CZ0714073,Cottus gobio,6369a,2023-10-04
CZ0714073,Cottus gobio,6369c,2023-10-02
CZ0714073,Lampetra planeri,6167b,2013-09-23
CZ0714073,Lampetra planeri,6167d,2013-09-23
CZ0714073,Lampetra planeri,6267b,2013-09-23
CZ0714073,Lampetra planeri,6267d,2015-09-01
CZ0714073,Lampetra planeri,6268c,2015-09-01
CZ0714073,Misgurnus fossilis,6267b,2020-09-16
CZ0714073,Misgurnus fossilis,6267d,2022-09-01
CZ0714073,Misgurnus fossilis,6369a,2020-05-01
CZ0714073,Misgurnus fossilis,6369c,2020-05-10
CZ0714073,Rhodeus amarus,6268c,2018-09-23
CZ0714073,Rhodeus amarus,6268d,2013-10-29
CZ0714073,Rhodeus amarus,6368a,2022-10-19
CZ0714073,Rhodeus amarus,6368b,2018-09-23
CZ0714073,Rhodeus amarus,6369a,2018-09-23
CZ0714073,Rhodeus amarus,6369c,2023-11-04
CZ0714081,Lampetra planeri,5769d,2021-06-11
CZ0714082,Rhodeus amarus,6471c,2015-09-14
CZ0714082,Rhodeus amarus,6471d,2020-11-14
CZ0714082,Rhodeus amarus,6570b,2022-09-01
CZ0714085,Misgurnus fossilis,6469d,2020-05-06
CZ0714085,Misgurnus fossilis,6569d,2013-10-30
CZ0714085,Misgurnus fossilis,6669b,2013-10-14
CZ0714085,Misgurnus fossilis,6670a,2016-05-29
CZ0714085,Rhodeus amarus,6469d,2021-08-18
CZ0714085,Rhodeus amarus,6569b,2021-06-08
CZ0714085,Rhodeus amarus,6569d,2022-09-01
CZ0714085,Rhodeus amarus,6669b,2022-09-01
CZ0714085,Rhodeus amarus,6670a,2016-05-29
CZ0714085,Romanogobio vladykovi,6469d,2021-08-18
CZ0714085,Romanogobio vladykovi,6569b,2019-09-30
CZ0714085,Romanogobio vladykovi,6569d,2022-09-01
CZ0714085,Romanogobio vladykovi,6669b,2022-09-01
CZ0714133,Cottus gobio,6271d,2023-10-21
CZ0714133,Cottus gobio,6272c,2023-10-21
CZ0714133,Cottus gobio,6370b,2016-09-23
CZ0714133,Cottus gobio,6371a,2023-10-21
CZ0714133,Cottus gobio,6371c,2016-09-23
CZ0714133,Cottus gobio,6470b,2016-09-23
CZ0714133,Cottus gobio,6471b,2016-09-23
CZ0714133,Lampetra planeri,6271c,2012-05-30
CZ0714133,Lampetra planeri,6271d,2016-09-23
CZ0714133,Lampetra planeri,6272c,2016-09-23
CZ0714133,Lampetra planeri,6371a,2016-09-23
CZ0714133,Lampetra planeri,6371c,2016-09-23
CZ0723007,Rhodeus amarus,6970b,2022-09-24
CZ0723012,Rhodeus amarus,6970c,2023-08-22
CZ0723423,Misgurnus fossilis,6770b,2020-05-16
CZ0723426,Misgurnus fossilis,6770d,2019-04-20
CZ0723426,Rhodeus amarus,6770d,2019-04-20
CZ0723434,Cottus gobio,6974a,2019-09-16
CZ0723434,Cottus gobio,6974c,2017-09-29
CZ0723434,Rhodeus amarus,6974c,2017-09-29
CZ0723434,Sabanejewia balcanica,6974c,2023-08-25
CZ0724089,Cottus gobio,6377c,2014-10-31
CZ0724089,Cottus gobio,6574b,2024-07-22
CZ0724089,Cottus gobio,6575a,2023-04-01
CZ0724089,Cottus gobio,6575c,2022-04-10
CZ0724089,Cottus gobio,6575d,2021-07-31
CZ0724089,Cottus gobio,6874a,2021-10-18
CZ0724090,Cottus gobio,7073a,2015-07-18
CZ0724107,Rhodeus amarus,6970b,2023-08-22
CZ0724107,Rhodeus amarus,6970c,2023-08-22
CZ0724107,Rhodeus amarus,6970d,2023-08-22
CZ0724120,Rhodeus amarus,6870d,2023-04-30
CZ0724120,Rhodeus amarus,6970b,2021-09-23
CZ0810004,Cottus gobio,6376d,2017-09-27
CZ0810004,Lampetra planeri,6376a,2015-07-27
CZ0810004,Lampetra planeri,6376b,2015-07-27
CZ0810004,Lampetra planeri,6376d,2017-10-02
CZ0810424,Misgurnus fossilis,6176a,2020-05-11
CZ0813439,Misgurnus fossilis,6175a,2021-10-15
CZ0813439,Rhodeus amarus,6175a,2020-10-30
CZ0813442,Misgurnus fossilis,6177a,2020-06-03
CZ0813444,Misgurnus fossilis,6175b,2019-07-30
CZ0813444,Misgurnus fossilis,6176a,2020-06-03
CZ0813456,Cottus gobio,6069b,2023-10-24
CZ0813456,Cottus gobio,6070c,2023-10-24
CZ0813456,Cottus gobio,6070d,2023-10-24
CZ0813456,Lampetra planeri,6069b,2023-10-24
CZ0813456,Lampetra planeri,6070a,2023-10-24
CZ0813456,Lampetra planeri,6070c,2023-10-24
CZ0813457,Misgurnus fossilis,6076c,2020-05-11
CZ0813457,Misgurnus fossilis,6076d,2020-06-03
CZ0813462,Cottus gobio,6275d,2023-08-18
CZ0813462,Cottus gobio,6376a,2023-08-18
CZ0813462,Cottus gobio,6376c,2023-08-18
CZ0813462,Cottus gobio,6476a,2023-08-18
CZ0813462,Cottus gobio,6476c,2022-09-30
CZ0813462,Lampetra planeri,6476a,2019-02-17
CZ0813474,Cottus gobio,6173a,2023-10-24
CZ0813474,Cottus gobio,6173c,2023-10-24
CZ0813516,Cottus gobio,6378c,2018-10-06
CZ0813516,Lampetra planeri,6378a,2023-08-18
CZ0813516,Lampetra planeri,6378c,2023-08-18
CZ0813516,Lampetra planeri,6478a,2020-03-01
CZ0813516,Lampetra planeri,6478b,2023-08-19
CZ0813810,Cottus gobio,6272c,2023-10-21
CZ0813810,Cottus gobio,6272d,2015-08-09
CZ0813810,Lampetra planeri,6272c,2018-10-12
CZ0814092,Cottus gobio,6175c,2022-10-18
CZ0814092,Cottus gobio,6274c,2022-10-19
CZ0814092,Cottus gobio,6274d,2022-10-19
CZ0814092,Cottus gobio,6275a,2022-10-19
CZ0814092,Cottus gobio,6275c,2022-10-19
CZ0814092,Cottus gobio,6373b,2022-08-17
CZ0814092,Cottus gobio,6373c,2022-08-15
CZ0814092,Cottus gobio,6373d,2022-08-17
CZ0814092,Cottus gobio,6374a,2022-08-19
CZ0814092,Lampetra planeri,6274c,2015-09-01
CZ0814092,Lampetra planeri,6274d,2015-09-01
CZ0814092,Lampetra planeri,6275c,2015-09-01
CZ0814092,Lampetra planeri,6373b,2015-09-01
CZ0814092,Lampetra planeri,6373c,2015-09-01
CZ0814092,Lampetra planeri,6373d,2015-09-01
CZ0814092,Lampetra planeri,6374a,2015-09-01
CZ0814092,Misgurnus fossilis,6175c,2014-06-11
CZ0814092,Misgurnus fossilis,6274c,2023-06-19
CZ0814092,Misgurnus fossilis,6274d,2023-07-20
CZ0814092,Misgurnus fossilis,6275a,2023-06-19
CZ0814092,Misgurnus fossilis,6275c,2014-06-27
CZ0814092,Misgurnus fossilis,6373b,2024-04-03
CZ0814092,Misgurnus fossilis,6373d,2024-05-04
CZ0814092,Misgurnus fossilis,6374a,2023-06-19
CZ0814092,Rhodeus amarus,6175c,2023-11-02
CZ0814092,Rhodeus amarus,6274d,2023-11-02
CZ0814092,Rhodeus amarus,6275a,2023-11-02
CZ0814092,Rhodeus amarus,6275c,2023-11-02
CZ0814092,Rhodeus amarus,6373b,2024-03-08
CZ0814092,Rhodeus amarus,6373c,2015-09-01
CZ0814092,Rhodeus amarus,6373d,2023-11-02
CZ0814092,Rhodeus amarus,6374a,2023-11-02
CZ0814093,Misgurnus fossilis,6076c,2020-06-03
CZ0814093,Rhodeus amarus,6075d,2023-07-18
CZ0814093,Rhodeus amarus,6076c,2023-08-22
