kod_chu,DRUH,KOD_LOKAL,POLE,POSLEDNI_NALEZ
CZ0114001,Cottus gobio,CZ0114001,6051b,2023-08-17
CZ0210172,Misgurnus fossilis,CZ0210172,5754d,2013-10-24
CZ0212006,Cottus gobio,CHKO Český Ráj,5556a,2022-06-22
CZ0212020,Cottus gobio,CZ0212020,5555a,2012-08-17
CZ0212020,Lampetra planeri,CZ0212020,5555a,2012-08-17
CZ0213009,Cottus gobio,CHKO Blaník,6355a,2023-10-16
CZ0213009,Cottus gobio,CHKO Blaník,6355c,2023-10-16
CZ0213009,Lampetra planeri,CZ0213009,6355a,2014-09-04
CZ0213009,Lampetra planeri,Polánecký potok,6355a,2023-11-14
CZ0213009,Lampetra planeri,Vlašimská Blanice,6355a,2023-08-15
CZ0213009,Lampetra planeri,Vlašimská Blanice,6355c,2023-08-15
CZ0213009,Lampetra planeri,Vlašimská Blanice,6454d,2023-08-15
CZ0213009,Lampetra planeri,Vlašmská Blanice,6454d,2022-08-30
CZ0213009,Lampetra planeri,Vlašímská Blanice,6355c,2022-08-30
CZ0213009,Rhodeus amarus,CZ0213009,6355a,2014-10-11
CZ0213016,Cottus gobio,CZ0213016,5851a,2014-09-23
CZ0213016,Cottus gobio,CZ0213016,5851c,2014-09-23
CZ0213016,Lampetra planeri,CZ0213016,5851a,2014-09-23
CZ0213016,Lampetra planeri,CZ0213016,5851c,2014-09-23
CZ0213039,Rhodeus amarus,CZ0213039,5652b,2015-10-03
CZ0213039,Rhodeus amarus,Labe - Liběchov,5652b,2022-09-22
CZ0213042,Cottus gobio,CZ0213042,6256a,2016-11-11
CZ0213042,Lampetra planeri,CZ0213042,6256a,2016-11-11
CZ0213042,Lampetra planeri,LOP_002_Losinský potok,6256a,2023-10-22
CZ0213048,Rhodeus amarus,MYL_002_Mydlovarský luh,5855b,2023-08-22
CZ0213048,Rhodeus amarus,MYL_003_Mydlovarský luh,5855b,2023-08-29
CZ0213050,Lampetra planeri,CZ0213050,6249b,2025-03-26
CZ0213067,Cottus gobio,CZ0213067,6257c,2016-10-01
CZ0213067,Rhodeus amarus,CZ0213067,6256d,2015-08-18
CZ0213067,Rhodeus amarus,CZ0213067,6257c,2016-10-01
CZ0213067,Rhodeus amarus,CZ0213067,6357b,2015-08-17
CZ0213068,Rhodeus amarus,CZ0213068,6152b,2014-08-25
CZ0213068,Rhodeus amarus,CZ0213068,6153b,2023-09-06
CZ0213068,Rhodeus amarus,CZ0213068,6153c,2012-09-17
CZ0213068,Rhodeus amarus,CZ0213068,6153d,2012-09-18
CZ0213068,Rhodeus amarus,DSA_001_Dolní Sázava,6152b,2023-08-27
CZ0213068,Rhodeus amarus,DSA_002_Dolní Sázava,6153c,2023-08-27
CZ0213068,Rhodeus amarus,DSA_003_Dolní Sázava,6154c,2023-08-27
CZ0213068,Rhodeus amarus,DSA_004_Dolní Sázava,6154b,2023-08-27
CZ0213068,Rhodeus amarus,DSA_005_Dolní Sázava,6155a,2023-08-27
CZ0213068,Rhodeus amarus,DSA_006_Dolní Sázava,6155a,2021-07-28
CZ0213068,Rhodeus amarus,DSA_007_Dolní Sázava,6155d,2023-08-27
CZ0213068,Rhodeus amarus,DSA_008_Dolní Sázava,6155d,2023-08-27
CZ0213068,Rhodeus amarus,Dolní Sázava,6153a,2022-10-26
CZ0213068,Rhodeus amarus,Dolní Sázava,6154b,2022-10-26
CZ0213068,Rhodeus amarus,Dolní Sázava,6155d,2022-10-21
CZ0213069,Lampetra planeri,SEP_001_Sedlečský potok,6354d,2022-09-09
CZ0213069,Lampetra planeri,Sedlečský potok,6354b,2023-09-07
CZ0213069,Lampetra planeri,Sedlečský potok,6354d,2023-09-08
CZ0213069,Misgurnus fossilis,Sedlečský potok,6354b,2023-09-07
CZ0213076,Cottus gobio,CZ0213076,6256a,2015-09-01
CZ0213076,Lampetra planeri,CZ0213076,6256a,2015-09-01
CZ0213076,Lampetra planeri,CZ0213076,6256c,2022-10-13
CZ0213076,Lampetra planeri,STP_001_Štěpánovský potok,6256a,2023-10-22
CZ0213076,Lampetra planeri,STP_002_Štěpánovský potok,6256c,2023-10-22
CZ0213076,Lampetra planeri,STP_003_Štěpánovský potok,6256c,2023-10-22
CZ0213076,Lampetra planeri,Štěpánovský potok,6256a,2019-06-19
CZ0213076,Rhodeus amarus,CZ0213076,6256a,2019-06-20
CZ0213814,Cottus gobio,CZ0213814,6248c,2023-05-06
CZ0213814,Cottus gobio,LED_001_Ledný potok,6248c,2023-09-03
CZ0213814,Cottus gobio,LED_003_Ledný potok,6248c,2020-10-25
CZ0213814,Lampetra planeri,CZ0213814,6248c,2016-07-12
CZ0213817,Lampetra planeri,OBP_001_Obecnický potok,6249d,2023-09-03
CZ0213817,Lampetra planeri,OBP_002 _Obecnický potok,6249d,2023-09-03
CZ0213818,Lampetra planeri,CZ0213818,6249d,2016-08-09
CZ0213818,Lampetra planeri,OCT_001_Octárna,6249d,2021-11-08
CZ0213818,Lampetra planeri,OCT_002_Octárna,6249d,2023-09-03
CZ0213818,Lampetra planeri,OCT_003_Octárna,6249d,2023-09-03
CZ0214007,Misgurnus fossilis,CZ0214007,5854b,2014-09-16
CZ0214008,Cottus gobio,CHKO Křivoklátsko,5949a,2022-07-11
CZ0214008,Cottus gobio,CHKO Křivoklátsko,5949b,2022-07-11
CZ0214008,Cottus gobio,CZ0214008,5849c,2024-07-11
CZ0214008,Cottus gobio,CZ0214008,5949a,2024-07-11
CZ0214008,Cottus gobio,CZ0214008,5949b,2015-09-23
CZ0214008,Cottus gobio,Klíčava,5849c,2018-08-20
CZ0214008,Lampetra planeri,CZ0214008,5849c,2024-07-11
CZ0214008,Lampetra planeri,CZ0214008,5949a,2024-07-11
CZ0214008,Lampetra planeri,Klíčava,5849c,2018-08-20
CZ0214009,Rhodeus amarus,CZ0214009,5856d,2012-07-23
CZ0214011,Cottus gobio,CZ0214011,6048b,2022-11-05
CZ0214011,Cottus gobio,CZ0214011,6049a,2016-08-23
CZ0214011,Cottus gobio,Úpořský potok,6048b,2022-08-09
CZ0214011,Cottus gobio,Úpořský potok,6049a,2022-08-09
CZ0214013,Cobitis elongatoides,CZ0214013,5553c,2023-09-22
CZ0214013,Cobitis elongatoides,CZ0214013,5653a,2024-12-04
CZ0214013,Cottus gobio,CZ0214013,5653c,2014-09-23
CZ0214013,Lampetra planeri,CZ0214013,5653c,2014-09-23
CZ0214013,Misgurnus fossilis,Hleďsebe,5653a,2013-09-02
CZ0214013,Misgurnus fossilis,Kokořínsko,5452d,2021-08-19
CZ0214013,Misgurnus fossilis,Kokořínsko,5453c,2021-08-19
CZ0214013,Misgurnus fossilis,Kokořínsko,5552b,2023-09-10
CZ0214013,Misgurnus fossilis,Kokořínsko,5552d,2021-08-19
CZ0214013,Misgurnus fossilis,Kokořínsko,5653a,2023-09-10
CZ0214013,Misgurnus fossilis,Kokořínsko,5653c,2023-09-10
CZ0214013,Misgurnus fossilis,Pšovka 1,5653a,2013-10-03
CZ0214013,Rhodeus amarus,CZ0214013,5653a,2024-12-04
CZ0214017,Cottus gobio,CZ0214017,6050b,2023-08-17
CZ0214017,Cottus gobio,CZ0214017,6050d,2020-07-31
CZ0214017,Rhodeus amarus,CZ0214017,6050b,2012-09-14
CZ0214039,Cottus gobio,CHKO Křivoklátsko,6049c,2021-10-26
CZ0214039,Cottus gobio,CZ0214039,6049c,2015-08-06
CZ0214039,Cottus gobio,SRP_001_Stroupínský potok,6149b,2022-11-24
CZ0214039,Cottus gobio,STP_002_Stroupínský potok,6149a,2019-11-09
CZ0214039,Cottus gobio,STP_003_Stroupínský potok,6049c,2019-11-09
CZ0214041,Cottus gobio,CZ0214041,6348d,2016-08-23
CZ0214041,Cottus gobio,Kotelský potok,6348d,2018-10-05
CZ0214041,Lampetra planeri,CZ0214041,6348d,2016-08-23
CZ0214041,Lampetra planeri,CZ0214041,6448b,2016-06-05
CZ0214041,Lampetra planeri,KOT_002_Niva Kotelského potoka,6348d,2023-09-03
CZ0214041,Lampetra planeri,Kotelský a Nový potok,6348d,2018-10-05
CZ0214041,Lampetra planeri,Niva Kotelského potoka,6348d,2023-09-03
CZ0214042,Cottus gobio,CZ0214042,6248d,2020-06-17
CZ0214042,Cottus gobio,CZ0214042,6348b,2019-11-20
CZ0214045,Misgurnus fossilis,CZ0214045,5849c,2015-03-21
CZ0214050,Misgurnus fossilis,CZ0214050,5857b,2020-08-08
CZ0214050,Misgurnus fossilis,CZ0214050,5858c,2021-10-15
CZ0214050,Rhodeus amarus,540,5857d,2018-10-17
CZ0214050,Rhodeus amarus,CZ0214050,5858c,2023-08-19
CZ0310010,Misgurnus fossilis,CZ0310010,6751c,2024-09-11
CZ0310035,Cottus gobio,CZ0310035,7251b,2019-10-25
CZ0310035,Cottus gobio,CZ0310035,7251d,2019-10-25
CZ0310035,Cottus gobio,CZ0310035,7352a,2019-10-25
CZ0310035,Lampetra planeri,CZ0310035,7251b,2019-10-25
CZ0310035,Lampetra planeri,CZ0310035,7251d,2019-10-25
CZ0310035,Lampetra planeri,CZ0310035,7352a,2019-10-25
CZ0310163,Cottus gobio,CZ0310163,7354a,2015-08-24
CZ0313092,Lampetra planeri,BEP_001_Bedřichovský potok,7254a,2022-10-23
CZ0313092,Lampetra planeri,BEP_002_Bedřichovský potok,7254a,2023-10-22
CZ0313092,Lampetra planeri,BEP_003_Bedřichovský potok,7254a,2023-10-22
CZ0313092,Lampetra planeri,CZ0313092,7254a,2022-06-11
CZ0313092,Lampetra planeri,CZ0313092,7254c,2012-09-20
CZ0313101,Cobitis elongatoides,CZ0313101,6856d,2019-11-01
CZ0313101,Rhodeus amarus,CZ0313101,6856d,2013-05-19
CZ0313106,Cottus gobio,CZ0313106,6752b,2012-07-27
CZ0313106,Cottus gobio,CZ0313106,6854a,2015-08-17
CZ0313106,Cottus gobio,CZ0313106,6854b,2014-01-07
CZ0313106,Misgurnus fossilis,CZ0313106,6754c,2018-04-04
CZ0313106,Misgurnus fossilis,CZ0313106,6854d,2018-05-10
CZ0313106,Misgurnus fossilis,LNE_001_Lužnice a Nežárka,6754c,2023-08-07
CZ0313106,Misgurnus fossilis,LNE_002_Lužnice a Nežárka,6754c,2023-08-07
CZ0313106,Misgurnus fossilis,LNE_003_Lužnice a Nežárka,6754c,2023-08-07
CZ0313106,Misgurnus fossilis,LNE_004_Lužnice a Nežárka,6754c,2023-08-07
CZ0313106,Misgurnus fossilis,LNE_005_Lužnice a Nežárka,6754c,2023-08-07
CZ0313106,Misgurnus fossilis,LNE_006_Lužnice a Nežárka,6854d,2023-08-08
CZ0313106,Misgurnus fossilis,LNE_007_Lužnice a Nežárka,6854b,2023-08-08
CZ0313106,Misgurnus fossilis,LNE_008_Lužnice a Nežárka,6854d,2023-08-08
CZ0313106,Misgurnus fossilis,LNE_009_Lužnice a Nežárka,6854d,2023-08-08
CZ0313106,Misgurnus fossilis,LNE_010_Lužnice a Nežárka,6854d,2023-08-08
CZ0313106,Misgurnus fossilis,Lužnice a Nežárka,6754c,2022-08-24
CZ0313106,Misgurnus fossilis,Lužnice a Nežárka,6854b,2022-08-24
CZ0313106,Misgurnus fossilis,Lužnice a Nežárka,6854d,2022-08-23
CZ0313110,Rhodeus amarus,CZ0313110,7058b,2021-09-06
CZ0313110,Rhodeus amarus,MDY 002_Moravská Dyje,7058b,2023-08-21
CZ0313110,Rhodeus amarus,MDY 004 Moravská Dyje,6958d,2023-08-21
CZ0313110,Rhodeus amarus,MDY_001_Moravská Dyje,7058b,2023-08-21
CZ0313110,Rhodeus amarus,MDY_003_Moravská Dyje,6958d,2023-08-21
CZ0313110,Rhodeus amarus,MDY_005_Moravská Dyje,6958b,2023-08-21
CZ0313110,Rhodeus amarus,MDY_006_Moravská Dyje,6958b,2023-08-21
CZ0313110,Romanogobio vladykovi,CZ0313110,7058b,2012-07-15
CZ0313123,Misgurnus fossilis,CZ0313123,7154a,2019-09-28
CZ0313123,Misgurnus fossilis,CZ0313123,7154c,2012-08-03
CZ0313128,Misgurnus fossilis,CZ0313128,6854c,2024-07-05
CZ0313128,Misgurnus fossilis,Třeboňsko - střed,6854c,2021-08-03
CZ0313137,Lampetra planeri,CZ0313137,7254b,2015-11-22
CZ0313137,Lampetra planeri,VEP_002 Veveřský potok,7254b,2023-10-08
CZ0313137,Lampetra planeri,VEP_002_Veveřský potok,7254b,2022-09-17
CZ0313137,Lampetra planeri,VEP_003 Veveřský potok,7254b,2023-10-08
CZ0313137,Lampetra planeri,VEP_003_Veveřský potok,7254b,2022-09-17
CZ0313140,Cottus gobio,CZ0313140,6448d,2012-09-20
CZ0313140,Cottus gobio,CZ0313140,6449c,2012-09-20
CZ0313140,Cottus gobio,ZAV_001_Závišínský potok,6449c,2022-11-12
CZ0313140,Lampetra planeri,CZ0313140,6448d,2012-09-20
CZ0313805,Cottus gobio,BLA_001_Blanice,6949d,2023-10-27
CZ0313805,Cottus gobio,BLA_002_Blanice,6949d,2023-10-27
CZ0313805,Cottus gobio,BLA_003_Blanice,6949d,2023-10-27
CZ0313805,Cottus gobio,CZ0313805,6949d,2024-11-18
CZ0313805,Lampetra planeri,BLA_001_Blanice,6949d,2022-10-26
CZ0313805,Lampetra planeri,BLA_002_Blanice,6949d,2022-10-26
CZ0313805,Lampetra planeri,BLA_003_Blanice,6949d,2022-10-26
CZ0313805,Lampetra planeri,Blanice,6949d,2019-10-26
CZ0313805,Lampetra planeri,CZ0313805,6949d,2014-09-04
CZ0313822,Lampetra planeri,CZ0313822,6956c,2019-11-17
CZ0314019,Cobitis elongatoides,CZ0314019,6954a,2019-09-07
CZ0314019,Misgurnus fossilis,7140_1890,6954c,2019-05-25
CZ0314019,Misgurnus fossilis,CZ0314019,6954a,2022-11-15
CZ0314022,Cottus gobio,CZ0314022,7252d,2024-04-24
CZ0314022,Cottus gobio,CZ0314022,7253c,2012-09-07
CZ0314022,Cottus gobio,CZ0314022,7352b,2024-04-24
CZ0314022,Cottus gobio,CZ0314022,7352d,2024-04-24
CZ0314022,Cottus gobio,CZ0314022,7353c,2024-04-24
CZ0314022,Cottus gobio,CZ0314022,7353d,2024-04-24
CZ0314022,Cottus gobio,Malše,7352d,2021-11-01
CZ0314022,Cottus gobio,Malše,7353c,2021-11-01
CZ0314022,Lampetra planeri,CZ0314022,7252d,2024-04-24
CZ0314022,Lampetra planeri,CZ0314022,7253c,2012-09-07
CZ0314022,Lampetra planeri,CZ0314022,7352b,2024-04-24
CZ0314022,Lampetra planeri,CZ0314022,7352d,2024-04-24
CZ0314022,Lampetra planeri,CZ0314022,7353c,2024-04-24
CZ0314022,Lampetra planeri,CZ0314022,7353d,2012-09-07
CZ0314023,Cobitis elongatoides,CZ0314023,6954b,2014-10-21
CZ0314023,Cobitis elongatoides,CZ0314023,6954d,2022-09-21
CZ0314023,Cobitis elongatoides,CZ0314023,6955c,2022-06-16
CZ0314023,Cobitis elongatoides,CZ0314023,7055a,2019-01-23
CZ0314023,Cobitis elongatoides,CZ0314023,7155a,2023-08-16
CZ0314023,Cobitis elongatoides,CZ0314023,7155d,2022-06-20
CZ0314023,Cottus gobio,CZ0314023,6954d,2015-05-29
CZ0314023,Cottus gobio,CZ0314023,7055a,2019-09-22
CZ0314023,Cottus gobio,CZ0314023,7055c,2013-10-01
CZ0314023,Cottus gobio,CZ0314023,7155a,2018-08-30
CZ0314023,Cottus gobio,CZ0314023,7155b,2018-05-11
CZ0314023,Cottus gobio,Dračice,7155b,2019-09-04
CZ0314023,Cottus gobio,Lužnice,7055a,2018-09-04
CZ0314023,Lampetra planeri,CZ0314023,6954d,2015-05-29
CZ0314023,Lampetra planeri,CZ0314023,7055a,2019-10-06
CZ0314023,Lampetra planeri,CZ0314023,7055c,2015-09-08
CZ0314023,Lampetra planeri,CZ0314023,7155a,2019-09-21
CZ0314023,Lampetra planeri,CZ0314023,7155d,2019-09-21
CZ0314023,Lampetra planeri,Lužnice,6954d,2021-10-13
CZ0314023,Lampetra planeri,Lužnice,7055c,2021-09-20
CZ0314023,Lampetra planeri,Lužnice,7155a,2021-10-13
CZ0314023,Misgurnus fossilis,CZ0314023,6954d,2021-08-19
CZ0314023,Misgurnus fossilis,CZ0314023,6955c,2021-06-10
CZ0314023,Misgurnus fossilis,CZ0314023,7055a,2023-05-22
CZ0314023,Misgurnus fossilis,CZ0314023,7155a,2023-08-16
CZ0314023,Misgurnus fossilis,CZ0314023,7155d,2023-08-11
CZ0314023,Misgurnus fossilis,Lužnice a Nežárka,7155a,2019-05-29
CZ0314023,Misgurnus fossilis,TRE_MF_002_Třeboňsko - střed,7055a,2023-08-08
CZ0314023,Misgurnus fossilis,TRE_MF_003_Třeboňsko - střed,7055a,2023-08-09
CZ0314023,Misgurnus fossilis,TRE_MF_004_Třeboňsko - střed,7055a,2023-08-09
CZ0314023,Misgurnus fossilis,TRE_MF_005_Třeboňsko - střed,7155c,2023-08-10
CZ0314023,Misgurnus fossilis,TRE_MF_006_Třeboňsko - střed,7155d,2023-08-10
CZ0314023,Misgurnus fossilis,TRE_MF_007_Třeboňsko - střed,6955c,2023-08-09
CZ0314023,Misgurnus fossilis,Třeboňsko - střed,6954d,2022-08-29
CZ0314023,Misgurnus fossilis,Třeboňsko - střed,7055a,2023-08-10
CZ0314023,Misgurnus fossilis,Třeboňsko - střed,7155a,2021-08-04
CZ0314024,Cottus gobio,BOL_010_Boletice,7050d,2019-10-28
CZ0314024,Cottus gobio,BOL_011_Boletice,7050d,2023-08-23
CZ0314024,Cottus gobio,BOL_016_Boletice,7250a,2023-09-01
CZ0314024,Cottus gobio,CZ0314024,6744b,2016-08-02
CZ0314024,Cottus gobio,CZ0314024,6744d,2016-08-02
CZ0314024,Cottus gobio,CZ0314024,6745b,2016-10-20
CZ0314024,Cottus gobio,CZ0314024,6746a,2016-10-20
CZ0314024,Cottus gobio,CZ0314024,6845a,2022-10-12
CZ0314024,Cottus gobio,CZ0314024,6845b,2023-10-01
CZ0314024,Cottus gobio,CZ0314024,6845c,2022-10-12
CZ0314024,Cottus gobio,CZ0314024,6846a,2022-08-19
CZ0314024,Cottus gobio,CZ0314024,6846c,2024-08-06
CZ0314024,Cottus gobio,CZ0314024,6846d,2023-09-11
CZ0314024,Cottus gobio,CZ0314024,6847a,2018-04-27
CZ0314024,Cottus gobio,CZ0314024,6847c,2018-04-27
CZ0314024,Cottus gobio,CZ0314024,6946a,2022-10-11
CZ0314024,Cottus gobio,CZ0314024,6946b,2020-11-25
CZ0314024,Cottus gobio,CZ0314024,6947d,2023-09-14
CZ0314024,Cottus gobio,CZ0314024,6949c,2023-09-22
CZ0314024,Cottus gobio,CZ0314024,6949d,2024-12-06
CZ0314024,Cottus gobio,CZ0314024,7047b,2023-09-14
CZ0314024,Cottus gobio,CZ0314024,7048a,2023-09-18
CZ0314024,Cottus gobio,CZ0314024,7048b,2023-09-18
CZ0314024,Cottus gobio,CZ0314024,7048c,2023-11-17
CZ0314024,Cottus gobio,CZ0314024,7048d,2024-11-05
CZ0314024,Cottus gobio,CZ0314024,7049a,2023-06-26
CZ0314024,Cottus gobio,CZ0314024,7049b,2023-06-27
CZ0314024,Cottus gobio,CZ0314024,7049d,2023-06-27
CZ0314024,Cottus gobio,CZ0314024,7050c,2024-07-22
CZ0314024,Cottus gobio,CZ0314024,7050d,2024-10-07
CZ0314024,Cottus gobio,CZ0314024,7148a,2023-09-19
CZ0314024,Cottus gobio,CZ0314024,7148b,2023-08-21
CZ0314024,Cottus gobio,CZ0314024,7148d,2020-11-05
CZ0314024,Cottus gobio,CZ0314024,7149a,2018-08-16
CZ0314024,Cottus gobio,CZ0314024,7149b,2024-11-04
CZ0314024,Cottus gobio,CZ0314024,7149d,2015-05-19
CZ0314024,Cottus gobio,CZ0314024,7350a,2012-05-25
CZ0314024,Cottus gobio,CZ0314024,7350d,2012-05-21
CZ0314024,Cottus gobio,Křemelná a Slatinný potok,6845b,2018-10-14
CZ0314024,Cottus gobio,Křemelná a Slatinný potok,6846a,2018-10-14
CZ0314024,Cottus gobio,Křemelná a Slatinný potok,6846c,2018-10-14
CZ0314024,Cottus gobio,Ostružná,6745b,2019-09-23
CZ0314024,Cottus gobio,Ostružná,6746a,2019-09-23
CZ0314024,Cottus gobio,SUM_CG_001_Šumava,6744d,2023-09-05
CZ0314024,Cottus gobio,SUM_CG_002_Šumava,6845a,2023-09-05
CZ0314024,Cottus gobio,SUM_CG_003_Šumava,6745c,2023-09-06
CZ0314024,Cottus gobio,SUM_CG_004_Šumava,6745a,2023-09-06
CZ0314024,Cottus gobio,SUM_CG_006_Šumava,6845c,2023-09-05
CZ0314024,Cottus gobio,SUM_CG_007_Šumava,6845d,2023-09-05
CZ0314024,Cottus gobio,SUM_CG_008_Šumava,6845c,2023-09-05
CZ0314024,Cottus gobio,SUM_CG_009_Šumava,6745d,2023-09-12
CZ0314024,Cottus gobio,SUM_CG_010_Šumava,6746c,2023-09-06
CZ0314024,Cottus gobio,SUM_CG_010_Šumava,6746d,2020-09-27
CZ0314024,Cottus gobio,SUM_CG_011_Šumava,6846a,2023-09-07
CZ0314024,Cottus gobio,SUM_CG_012_Šumava,6847a,2023-09-07
CZ0314024,Cottus gobio,SUM_CG_014_Šumava,6847c,2023-09-12
CZ0314024,Cottus gobio,SUM_CG_015_Šumava,6946d,2023-09-13
CZ0314024,Cottus gobio,SUM_CG_016_Šumava,7048c,2021-09-18
CZ0314024,Cottus gobio,SUM_CG_017_Šumava,6946d,2023-09-13
CZ0314024,Cottus gobio,SUM_CG_018_Šumava,6846d,2023-09-12
CZ0314024,Cottus gobio,SUM_CG_019_Šumava,6846d,2023-09-11
CZ0314024,Cottus gobio,SUM_CG_020_Šumava,6846c,2023-09-11
CZ0314024,Cottus gobio,SUM_CG_021_Šumava,6846a,2023-09-05
CZ0314024,Cottus gobio,SUM_CG_022_Šumava,6845b,2023-09-05
CZ0314024,Cottus gobio,SUM_CG_023,6846c,2021-09-19
CZ0314024,Cottus gobio,SUM_CG_023_Šumava,6846c,2023-09-11
CZ0314024,Cottus gobio,SUM_CG_024_Šumava,6845b,2023-09-05
CZ0314024,Cottus gobio,SUM_CG_025_Šumava,6846c,2023-09-11
CZ0314024,Cottus gobio,SUM_CG_026_Šumava,6948d,2023-09-18
CZ0314024,Cottus gobio,SUM_CG_027_Šumava,6948c,2023-09-14
CZ0314024,Cottus gobio,SUM_CG_028_Šumava,6948d,2024-01-18
CZ0314024,Cottus gobio,SUM_CG_029_Šumava,6948d,2024-01-18
CZ0314024,Cottus gobio,SUM_CG_030_Šumava,6948a,2023-09-07
CZ0314024,Cottus gobio,SUM_CG_031_Šumava,7149b,2023-09-27
CZ0314024,Cottus gobio,SUM_CG_032_Šumava,6949d,2023-09-22
CZ0314024,Cottus gobio,SUM_CG_033_Šumava,7148b,2023-09-20
CZ0314024,Cottus gobio,SUM_CG_034_Šumava,7148d,2023-09-20
CZ0314024,Cottus gobio,SUM_CG_035_Šumava,7148d,2023-09-20
CZ0314024,Cottus gobio,SUM_CG_036_Šumava,7148d,2023-09-20
CZ0314024,Cottus gobio,SUM_CG_037_Šumava,7350c,2023-09-26
CZ0314024,Cottus gobio,SUM_CG_038_Šumava,6947d,2023-09-14
CZ0314024,Cottus gobio,SUM_CG_039_Šumava,7048c,2023-09-19
CZ0314024,Cottus gobio,SUM_CG_040_Šumava,7048a,2024-01-18
CZ0314024,Cottus gobio,SUM_CG_041_Šumava,7249b,2023-10-04
CZ0314024,Cottus gobio,SUM_CG_042_Šumava,7350a,2020-10-30
CZ0314024,Cottus gobio,SUM_CG_042_Šumava,7450b,2020-10-30
CZ0314024,Cottus gobio,SUM_CG_043_Šumava,7249b,2023-10-06
CZ0314024,Cottus gobio,SUM_CG_044_Šumava,7450b,2023-09-26
CZ0314024,Cottus gobio,SUM_CG_045_Šumava,7450b,2023-09-26
CZ0314024,Cottus gobio,SUM_CG_046_Šumava,7350d,2023-09-26
CZ0314024,Cottus gobio,SUM_CG_047_Šumava,7350d,2023-09-26
CZ0314024,Cottus gobio,SUM_LP_027_Šumava,7048a,2023-09-19
CZ0314024,Cottus gobio,Teplá Vltava a Zelenohorský p.,7047b,2018-10-15
CZ0314024,Cottus gobio,Teplá Vltava a Zelenohorský p.,7048a,2018-10-15
CZ0314024,Cottus gobio,Teplá Vltava a Zelenohorský p.,7048c,2018-10-15
CZ0314024,Cottus gobio,Šumava,6744a,2022-10-26
CZ0314024,Cottus gobio,Šumava,6744b,2022-10-26
CZ0314024,Cottus gobio,Šumava,6744d,2022-10-26
CZ0314024,Cottus gobio,Šumava,6745a,2022-10-26
CZ0314024,Cottus gobio,Šumava,6745b,2020-09-26
CZ0314024,Cottus gobio,Šumava,6745c,2022-10-26
CZ0314024,Cottus gobio,Šumava,6745d,2022-10-28
CZ0314024,Cottus gobio,Šumava,6746d,2022-10-28
CZ0314024,Cottus gobio,Šumava,6845a,2020-09-28
CZ0314024,Cottus gobio,Šumava,6845c,2021-10-27
CZ0314024,Cottus gobio,Šumava,6846b,2022-10-27
CZ0314024,Cottus gobio,Šumava,6847c,2022-10-27
CZ0314024,Cottus gobio,Šumava,6946a,2023-09-11
CZ0314024,Cottus gobio,Šumava,6946b,2021-09-18
CZ0314024,Cottus gobio,Šumava,6947b,2020-10-28
CZ0314024,Cottus gobio,Šumava,6947d,2022-09-11
CZ0314024,Cottus gobio,Šumava,6949c,2022-10-27
CZ0314024,Cottus gobio,Šumava,7047b,2022-09-11
CZ0314024,Cottus gobio,Šumava,7048a,2020-10-29
CZ0314024,Cottus gobio,Šumava,7048c,2022-10-27
CZ0314024,Cottus gobio,Šumava,7048d,2022-10-27
CZ0314024,Cottus gobio,Šumava,7049a,2022-10-26
CZ0314024,Cottus gobio,Šumava,7049b,2022-10-26
CZ0314024,Cottus gobio,Šumava,7049d,2022-10-26
CZ0314024,Cottus gobio,Šumava,7050c,2022-10-28
CZ0314024,Cottus gobio,Šumava,7050d,2022-10-28
CZ0314024,Cottus gobio,Šumava,7149a,2022-09-11
CZ0314024,Cottus gobio,Šumava,7149b,2022-10-27
CZ0314024,Cottus gobio,Šumava,7149d,2022-10-28
CZ0314024,Cottus gobio,Šumava,7249b,2020-10-28
CZ0314024,Cottus gobio,Šumava,7249d,2022-10-28
CZ0314024,Cottus gobio,Šumava,7250a,2020-10-29
CZ0314024,Cottus gobio,Šumava,7250c,2022-10-28
CZ0314024,Cottus gobio,Šumava,7350a,2022-10-28
CZ0314024,Cottus gobio,Šumava,7350b,2020-10-30
CZ0314024,Cottus gobio,Šumava,7350c,2020-10-30
CZ0314024,Cottus gobio,Šumava,7350d,2020-10-30
CZ0314024,Cottus gobio,Šumava,7451a,2021-10-29
CZ0314024,Lampetra planeri,CZ0314024,6744b,2016-01-12
CZ0314024,Lampetra planeri,CZ0314024,6744d,2016-08-02
CZ0314024,Lampetra planeri,CZ0314024,6745b,2021-12-18
CZ0314024,Lampetra planeri,CZ0314024,6746a,2016-10-20
CZ0314024,Lampetra planeri,CZ0314024,6747c,2015-05-03
CZ0314024,Lampetra planeri,CZ0314024,6845b,2015-09-01
CZ0314024,Lampetra planeri,CZ0314024,6846a,2022-08-19
CZ0314024,Lampetra planeri,CZ0314024,6846b,2019-06-21
CZ0314024,Lampetra planeri,CZ0314024,6846c,2015-09-01
CZ0314024,Lampetra planeri,CZ0314024,6847a,2018-04-27
CZ0314024,Lampetra planeri,CZ0314024,6847c,2021-08-11
CZ0314024,Lampetra planeri,CZ0314024,6947d,2023-09-14
CZ0314024,Lampetra planeri,CZ0314024,6949d,2024-12-06
CZ0314024,Lampetra planeri,CZ0314024,7047b,2024-07-03
CZ0314024,Lampetra planeri,CZ0314024,7048a,2023-09-18
CZ0314024,Lampetra planeri,CZ0314024,7048c,2023-09-19
CZ0314024,Lampetra planeri,CZ0314024,7048d,2024-05-06
CZ0314024,Lampetra planeri,CZ0314024,7049a,2023-06-26
CZ0314024,Lampetra planeri,CZ0314024,7049b,2024-04-13
CZ0314024,Lampetra planeri,CZ0314024,7049d,2023-08-23
CZ0314024,Lampetra planeri,CZ0314024,7050c,2023-10-13
CZ0314024,Lampetra planeri,CZ0314024,7050d,2023-10-03
CZ0314024,Lampetra planeri,CZ0314024,7148b,2023-06-04
CZ0314024,Lampetra planeri,CZ0314024,7148d,2024-06-21
CZ0314024,Lampetra planeri,CZ0314024,7149a,2024-06-20
CZ0314024,Lampetra planeri,CZ0314024,7149b,2023-06-27
CZ0314024,Lampetra planeri,CZ0314024,7149d,2021-04-16
CZ0314024,Lampetra planeri,CZ0314024,7249b,2020-04-27
CZ0314024,Lampetra planeri,CZ0314024,7250d,2012-06-25
CZ0314024,Lampetra planeri,CZ0314024,7350a,2015-05-05
CZ0314024,Lampetra planeri,CZ0314024,7350d,2012-07-11
CZ0314024,Lampetra planeri,OST_007_Ostružná,6746a,2020-09-27
CZ0314024,Lampetra planeri,Ostružná,6745b,2022-10-18
CZ0314024,Lampetra planeri,Ostružná,6746a,2022-10-18
CZ0314024,Lampetra planeri,SUM_CG_042_Šumava,7350a,2023-10-05
CZ0314024,Lampetra planeri,SUM_LP_001_Šumava,6744a,2023-09-04
CZ0314024,Lampetra planeri,SUM_LP_002_Šumava,6744b,2023-09-04
CZ0314024,Lampetra planeri,SUM_LP_003_Šumava,6744b,2023-09-04
CZ0314024,Lampetra planeri,SUM_LP_004_Šumava,6744b,2023-09-04
CZ0314024,Lampetra planeri,SUM_LP_005_Šumava,6744d,2023-09-04
CZ0314024,Lampetra planeri,SUM_LP_006_Šumava,6744d,2023-09-04
CZ0314024,Lampetra planeri,SUM_LP_007_Šumava,6745a,2023-09-06
CZ0314024,Lampetra planeri,SUM_LP_008_Šumava,6745a,2023-09-06
CZ0314024,Lampetra planeri,SUM_LP_009_Šumava,6745c,2023-09-06
CZ0314024,Lampetra planeri,SUM_LP_010_Šumava,7049b,2023-09-22
CZ0314024,Lampetra planeri,SUM_LP_011_Šumava,7049a,2023-10-13
CZ0314024,Lampetra planeri,SUM_LP_012_Šumava,7049b,2023-09-27
CZ0314024,Lampetra planeri,SUM_LP_013_Šumava,7049d,2023-09-27
CZ0314024,Lampetra planeri,SUM_LP_014_Šumava,7149a,2023-10-04
CZ0314024,Lampetra planeri,SUM_LP_015_Šumava,7049b,2023-09-27
CZ0314024,Lampetra planeri,SUM_LP_016_Šumava,7049d,2023-09-27
CZ0314024,Lampetra planeri,SUM_LP_017_Šumava,7149b,2023-09-27
CZ0314024,Lampetra planeri,SUM_LP_018_Šumava,6949c,2023-09-22
CZ0314024,Lampetra planeri,SUM_LP_019_Šumava,7050d,2023-10-03
CZ0314024,Lampetra planeri,SUM_LP_020_Šumava,7050c,2023-10-03
CZ0314024,Lampetra planeri,SUM_LP_021_Šumava,7050c,2023-10-03
CZ0314024,Lampetra planeri,SUM_LP_022_Šumava,7050c,2023-10-13
CZ0314024,Lampetra planeri,SUM_LP_023_Šumava,7050d,2023-10-03
CZ0314024,Lampetra planeri,SUM_LP_024_Šumava,7050c,2023-10-13
CZ0314024,Lampetra planeri,SUM_LP_025_Šumava,7149d,2023-10-04
CZ0314024,Lampetra planeri,SUM_LP_026_Šumava,7048d,2023-09-21
CZ0314024,Lampetra planeri,SUM_LP_027_Šumava,7048a,2020-10-29
CZ0314024,Lampetra planeri,SUM_LP_027_Šumava,7048c,2024-01-18
CZ0314024,Lampetra planeri,SUM_LP_028_Šumava,7149a,2023-09-20
CZ0314024,Lampetra planeri,SUM_LP_029_Šumava,7149d,2023-10-04
CZ0314024,Lampetra planeri,SUM_LP_030_Šumava,7047b,2023-09-14
CZ0314024,Lampetra planeri,SUM_LP_031_Šumava,6947d,2023-09-14
CZ0314024,Lampetra planeri,SUM_LP_032_Šumava,7048d,2023-09-21
CZ0314024,Lampetra planeri,SUM_LP_033_Šumava,7048d,2023-09-21
CZ0314024,Lampetra planeri,SUM_LP_034_Šumava,7048c,2023-09-19
CZ0314024,Lampetra planeri,SUM_LP_035_Šumava,7250c,2023-10-06
CZ0314024,Lampetra planeri,SUM_LP_036_Šumava,7249d,2023-10-05
CZ0314024,Lampetra planeri,SUM_LP_037,7250c,2023-10-05
CZ0314024,Lampetra planeri,SUM_LP_037_Šumava,7250c,2022-10-28
CZ0314024,Lampetra planeri,SUM_LP_037Šumava,7250c,2020-10-30
CZ0314024,Lampetra planeri,SUM_LP_038_Šumava,6847c,2023-09-07
CZ0314024,Lampetra planeri,SUM_LP_039_Šumava,6746d,2023-09-06
CZ0314024,Lampetra planeri,SUM_LP_040_Šumava,6846b,2023-09-07
CZ0314024,Lampetra planeri,SUM_LP_041_Šumava,6847c,2023-09-07
CZ0314024,Lampetra planeri,SUM_LP_042_Šumava,6847c,2023-09-12
CZ0314024,Lampetra planeri,SUM_LP_043_Šumava,7350a,2023-10-05
CZ0314024,Lampetra planeri,SUM_LP_044_Šumava,7350a,2023-10-05
CZ0314024,Lampetra planeri,SUM_LP_045_Ostružná,6745d,2023-09-12
CZ0314024,Lampetra planeri,SUM_LP_046_Šumava,7050d,2023-10-03
CZ0314024,Lampetra planeri,SUM_LP_047_Šumava,7050d,2023-10-03
CZ0314024,Lampetra planeri,Teplá Vltava a Zelenohorský p.,7047b,2018-10-15
CZ0314024,Lampetra planeri,Teplá Vltava a Zelenohorský p.,7048a,2018-10-15
CZ0314024,Lampetra planeri,Teplá Vltava a Zelenohorský p.,7048c,2018-10-15
CZ0314024,Lampetra planeri,Šumava,6744d,2021-10-27
CZ0314024,Lampetra planeri,Šumava,6745a,2021-10-27
CZ0314024,Lampetra planeri,Šumava,6745b,2020-09-26
CZ0314024,Lampetra planeri,Šumava,6745c,2020-09-26
CZ0314024,Lampetra planeri,Šumava,6745d,2021-10-27
CZ0314024,Lampetra planeri,Šumava,6746d,2020-09-27
CZ0314024,Lampetra planeri,Šumava,6845a,2021-10-27
CZ0314024,Lampetra planeri,Šumava,6845b,2021-09-19
CZ0314024,Lampetra planeri,Šumava,6845c,2021-10-27
CZ0314024,Lampetra planeri,Šumava,6845d,2021-10-27
CZ0314024,Lampetra planeri,Šumava,6846a,2021-10-27
CZ0314024,Lampetra planeri,Šumava,6846c,2021-09-19
CZ0314024,Lampetra planeri,Šumava,6846d,2021-09-19
CZ0314024,Lampetra planeri,Šumava,6847a,2020-09-28
CZ0314024,Lampetra planeri,Šumava,6847c,2021-10-27
CZ0314024,Lampetra planeri,Šumava,6946b,2021-09-18
CZ0314024,Lampetra planeri,Šumava,6947b,2020-10-28
CZ0314024,Lampetra planeri,Šumava,6947d,2021-09-18
CZ0314024,Lampetra planeri,Šumava,6948a,2020-10-28
CZ0314024,Lampetra planeri,Šumava,6948c,2021-10-27
CZ0314024,Lampetra planeri,Šumava,6948d,2021-10-27
CZ0314024,Lampetra planeri,Šumava,6949c,2020-10-28
CZ0314024,Lampetra planeri,Šumava,6949d,2020-10-28
CZ0314024,Lampetra planeri,Šumava,7048a,2021-10-28
CZ0314024,Lampetra planeri,Šumava,7048c,2021-09-18
CZ0314024,Lampetra planeri,Šumava,7048d,2020-10-29
CZ0314024,Lampetra planeri,Šumava,7050d,2020-10-29
CZ0314024,Lampetra planeri,Šumava,7148b,2021-09-18
CZ0314024,Lampetra planeri,Šumava,7149a,2021-09-18
CZ0314024,Lampetra planeri,Šumava,7149b,2022-10-26
CZ0314024,Lampetra planeri,Šumava,7149d,2022-09-11
CZ0314024,Lampetra planeri,Šumava,7249b,2020-10-28
CZ0314024,Lampetra planeri,Šumava,7249d,2020-10-30
CZ0314024,Lampetra planeri,Šumava,7250a,2020-10-29
CZ0314024,Lampetra planeri,Šumava,7350a,2020-10-30
CZ0314024,Lampetra planeri,Šumava,7350b,2020-10-30
CZ0314024,Lampetra planeri,Šumava,7350c,2021-10-29
CZ0314024,Lampetra planeri,Šumava,7350d,2021-10-29
CZ0314024,Lampetra planeri,Šumava,7450b,2021-10-29
CZ0314024,Lampetra planeri,Šumava,7451a,2021-10-29
CZ0314123,Cottus gobio,BOL_001_Boletice,7149b,2023-09-05
CZ0314123,Cottus gobio,BOL_002_Boletice,7149b,2023-09-05
CZ0314123,Cottus gobio,BOL_003_Boletice,7150a,2023-09-05
CZ0314123,Cottus gobio,BOL_004_Boletice,7150a,2023-09-04
CZ0314123,Cottus gobio,BOL_005_Boletice,7150a,2023-09-04
CZ0314123,Cottus gobio,BOL_006_Boletice,7150d,2023-08-31
CZ0314123,Cottus gobio,BOL_007_Boletice,7150d,2023-09-01
CZ0314123,Cottus gobio,BOL_008_Boletice,7150d,2023-08-31
CZ0314123,Cottus gobio,BOL_009_Boletice,7150c,2023-09-01
CZ0314123,Cottus gobio,BOL_010_Boletice,7150b,2023-08-23
CZ0314123,Cottus gobio,BOL_012_Boletice,7151a,2023-08-22
CZ0314123,Cottus gobio,BOL_013_Boletice,7150b,2023-08-23
CZ0314123,Cottus gobio,BOL_014_Boletice,7151a,2023-08-22
CZ0314123,Cottus gobio,BOL_015_Boletice,7149d,2023-08-31
CZ0314123,Cottus gobio,BOL_016_Boletice,7250a,2022-10-28
CZ0314123,Cottus gobio,BOL_017_Boletice,7149d,2023-08-31
CZ0314123,Cottus gobio,BOL_018_Boletice,7151c,2023-08-22
CZ0314123,Cottus gobio,BOL_019_Boletice,7150d,2023-08-31
CZ0314123,Cottus gobio,Boletice,7150a,2021-09-27
CZ0314123,Cottus gobio,Boletice,7150b,2022-10-28
CZ0314123,Cottus gobio,Boletice,7150c,2022-10-27
CZ0314123,Cottus gobio,Boletice,7150d,2022-10-28
CZ0314123,Cottus gobio,Boletice,7151c,2021-09-16
CZ0314123,Cottus gobio,CZ0314123,7149d,2023-10-13
CZ0314123,Cottus gobio,CZ0314123,7150a,2020-08-16
CZ0314123,Cottus gobio,CZ0314123,7150c,2014-10-16
CZ0314123,Cottus gobio,CZ0314123,7150d,2023-10-06
CZ0314123,Cottus gobio,CZ0314123,7151a,2014-10-17
CZ0314123,Cottus gobio,CZ0314123,7151c,2014-10-15
CZ0314123,Lampetra planeri,CZ0314123,7149d,2022-06-02
CZ0314123,Lampetra planeri,CZ0314123,7151a,2014-10-17
CZ0314124,Cottus gobio,BLL_CG_001_Blanský les,7052c,2023-10-29
CZ0314124,Cottus gobio,BLL_CG_002_Blankský les,7152a,2022-11-06
CZ0314124,Cottus gobio,BLL_CG_003_Blanský les,7152a,2023-10-29
CZ0314124,Cottus gobio,BLL_CG_004_Blanský les,7152c,2023-10-28
CZ0314124,Cottus gobio,BLL_CG_005_Blanský les,7152c,2023-10-28
CZ0314124,Cottus gobio,BLL_CG_006_Blanský les,7152a,2023-10-29
CZ0314124,Cottus gobio,BLL_CG_006_Blanský_les,7152a,2021-10-13
CZ0314124,Cottus gobio,BLL_CG_007_Blanský les,7051c,2023-10-27
CZ0314124,Cottus gobio,BLL_CG_008_Blanský les,7050d,2023-10-27
CZ0314124,Cottus gobio,BLL_CG_009_Blanský les,7051d,2023-10-28
CZ0314124,Cottus gobio,BLL_CG_010_Blanský les,7051d,2023-10-28
CZ0314124,Cottus gobio,BLL_CG_011_Blanský les,7151b,2023-10-28
CZ0314124,Cottus gobio,BLL_CG_012_Blanský les,7151d,2023-10-28
CZ0314124,Cottus gobio,BLL_CG_014_Blanský les,7151c,2023-10-28
CZ0314124,Cottus gobio,BLL_CG_015_Blanský les,7151c,2021-09-16
CZ0314124,Cottus gobio,BLL_CG_016_Blanský les,7151a,2022-10-28
CZ0314124,Cottus gobio,BLL_CG_016_Blanský les_Blanský les,7151a,2023-10-28
CZ0314124,Cottus gobio,Blanký les,7151b,2021-09-15
CZ0314124,Cottus gobio,Blanký les,7151d,2021-09-17
CZ0314124,Cottus gobio,Blanský les,7051c,2022-10-28
CZ0314124,Cottus gobio,Blanský les,7051d,2022-10-28
CZ0314124,Cottus gobio,Blanský les,7052c,2022-11-06
CZ0314124,Cottus gobio,Blanský les,7151a,2022-10-28
CZ0314124,Cottus gobio,Blanský les,7151c,2023-10-28
CZ0314124,Cottus gobio,Blanský les,7151d,2022-11-06
CZ0314124,Cottus gobio,Blanský les,7152a,2023-11-06
CZ0314124,Cottus gobio,Blanský les,7152c,2022-11-05
CZ0314124,Cottus gobio,CHKO Blanský les,7051a,2023-09-04
CZ0314124,Cottus gobio,CHKO Blanský les,7051d,2023-09-06
CZ0314124,Cottus gobio,CHKO Blanský les,7151a,2023-09-04
CZ0314124,Cottus gobio,CHKO Blanský les,7151b,2023-09-06
CZ0314124,Cottus gobio,CHKO Blanský les,7151c,2023-09-05
CZ0314124,Cottus gobio,CHKO Blanský les,7151d,2023-09-05
CZ0314124,Cottus gobio,CHKO Blanský les,7152a,2023-09-06
CZ0314124,Cottus gobio,CHKO Blanský les,7152c,2023-09-05
CZ0314124,Cottus gobio,CZ0314124,7051c,2023-08-20
CZ0314124,Cottus gobio,CZ0314124,7052c,2012-08-31
CZ0314124,Cottus gobio,CZ0314124,7151a,2021-03-31
CZ0314124,Cottus gobio,CZ0314124,7151c,2012-10-16
CZ0314124,Cottus gobio,CZ0314124,7152a,2024-03-25
CZ0314124,Cottus gobio,CZ0314124,7152c,2015-10-14
CZ0314124,Lampetra planeri,BLL_LP_001_Blanský les,7052c,2023-10-29
CZ0314124,Lampetra planeri,BLL_LP_002_Blanský les,7152a,2023-10-29
CZ0314124,Lampetra planeri,BLL_LP_003_Blanský les,7152a,2023-10-29
CZ0314124,Lampetra planeri,BLL_LP_004_Blanský les,7152a,2023-10-29
CZ0314124,Lampetra planeri,BLL_LP_005_Blanský les,7152c,2023-10-28
CZ0314124,Lampetra planeri,BLL_LP_006_Blanský les,7152c,2023-10-28
CZ0314124,Lampetra planeri,BLL_LP_007_Blanský les,7151d,2023-10-28
CZ0314124,Lampetra planeri,BLL_LP_008_Blanský les,7051d,2023-10-28
CZ0314124,Lampetra planeri,BLL_LP_009_Blanský les,7051c,2023-10-28
CZ0314124,Lampetra planeri,BLL_LP_010_Blanský les,7051c,2023-10-27
CZ0314124,Lampetra planeri,BLL_LP_011_Blanský les,7051c,2023-10-27
CZ0314124,Lampetra planeri,BLL_LP_012_Blanský les,7051c,2023-10-27
CZ0314124,Lampetra planeri,BLL_LP_013_Blanský les,7051c,2023-10-27
CZ0314124,Lampetra planeri,BLL_LP_014_Blanský les,7151d,2023-10-28
CZ0314124,Lampetra planeri,BLL_LP_015_Blanský les,7151c,2023-10-28
CZ0314124,Lampetra planeri,BLL_LP_016_Blanský les,7151a,2023-10-28
CZ0314124,Lampetra planeri,Blanský les,7050d,2022-10-28
CZ0314124,Lampetra planeri,Blanský les,7051c,2022-10-28
CZ0314124,Lampetra planeri,Blanský les,7051d,2022-10-28
CZ0314124,Lampetra planeri,Blanský les,7052c,2022-11-06
CZ0314124,Lampetra planeri,Blanský les,7151a,2022-10-28
CZ0314124,Lampetra planeri,Blanský les,7151c,2022-10-28
CZ0314124,Lampetra planeri,Blanský les,7151d,2022-11-05
CZ0314124,Lampetra planeri,Blanský les,7152a,2019-10-28
CZ0314124,Lampetra planeri,Blanský_les,7152a,2019-10-28
CZ0314124,Lampetra planeri,CZ0314124,7051c,2014-09-03
CZ0314124,Lampetra planeri,CZ0314124,7151a,2021-03-31
CZ0314124,Lampetra planeri,CZ0314124,7151c,2022-03-25
CZ0314124,Lampetra planeri,CZ0314124,7152a,2024-03-25
CZ0314124,Lampetra planeri,CZ0314124,7152c,2012-08-31
CZ0314126,Cottus gobio,CZ0314126,6953a,2012-09-26
CZ0314126,Lampetra planeri,CZ0314126,6953a,2012-09-26
CZ0314641,Cottus gobio,CZ0314641,6950c,2019-10-18
CZ0314641,Cottus gobio,CZ0314641,7050a,2024-08-12
CZ0314641,Lampetra planeri,CZ0314641,6950c,2017-11-09
CZ0314641,Lampetra planeri,CZ0314641,7050a,2024-08-12
CZ0314641,Lampetra planeri,Zlatý potok,6950c,2022-09-09
CZ0314641,Lampetra planeri,Zlatý potok,7050a,2022-09-09
CZ0320053,Cottus gobio,CHKO Křivoklátsko,6048c,2023-06-26
CZ0320053,Cottus gobio,CZ0320053,6048c,2016-08-18
CZ0320053,Cottus gobio,CZ0320053,6048d,2023-09-02
CZ0320180,Cottus gobio,CHKO Český les,6642d,2023-06-28
CZ0320180,Cottus gobio,CHKO Český les,6643a,2023-06-28
CZ0320180,Cottus gobio,CZ0320180,6642b,2015-11-15
CZ0320180,Cottus gobio,CZ0320180,6642d,2015-11-15
CZ0323142,Rhodeus amarus,CZ0323142,6048a,2014-10-08
CZ0323145,Cottus gobio,CZ0323145,6347d,2020-06-18
CZ0323145,Cottus gobio,CZ0323145,6348c,2020-06-18
CZ0323145,Lampetra planeri,CZ0323145,6347d,2016-07-07
CZ0323145,Lampetra planeri,CZ0323145,6348c,2016-07-08
CZ0323151,Cottus gobio,CHKO Český les,6341b,2023-06-29
CZ0323151,Cottus gobio,CHKO Český les,6341c,2023-06-29
CZ0323151,Cottus gobio,CZ0323151,6341b,2018-12-12
CZ0323151,Cottus gobio,CZ0323151,6341d,2019-04-06
CZ0323151,Lampetra planeri,CZ0323151,6341b,2020-11-16
CZ0323159,Cottus gobio,CZ0323159,6246b,2013-09-10
CZ0323165,Cottus gobio,CZ0323165,6443c,2018-10-03
CZ0323165,Lampetra planeri,CZ0323165,6443c,2015-10-19
CZ0323165,Lampetra planeri,RAD_001_Radbuza,6443c,2022-09-24
CZ0323165,Lampetra planeri,Radbuza,6442b,2024-10-22
CZ0323165,Lampetra planeri,Radbuza,6443a,2024-10-22
CZ0323165,Lampetra planeri,Radbuza,6443c,2018-10-02
CZ0323166,Cottus gobio,CHKO Český les,6441b,2023-06-29
CZ0323166,Cottus gobio,CHKO Český les,6442c,2023-06-29
CZ0323166,Cottus gobio,CZ0323166,6441b,2017-09-27
CZ0323166,Cottus gobio,CZ0323166,6442c,2017-09-27
CZ0323166,Lampetra planeri,CZ0323166,6441b,2015-10-25
CZ0323166,Lampetra planeri,CZ0323166,6442c,2022-05-04
CZ0323812,Cottus gobio,CZ0323812,6248c,2017-10-10
CZ0323812,Cottus gobio,KLB_001_Klabava,6248c,2022-11-11
CZ0323812,Cottus gobio,KLB_002_Klabava,6248c,2022-11-11
CZ0323812,Cottus gobio,KLB_003_Klabava,6248c,2022-11-03
CZ0323812,Lampetra planeri,CZ0323812,6248c,2017-10-10
CZ0323812,Lampetra planeri,Klabava,6248c,2023-10-09
CZ0323824,Cottus gobio,CZ0323824,6746a,2015-11-18
CZ0323824,Cottus gobio,Ostružná,6746a,2019-09-23
CZ0323824,Lampetra planeri,CZ0323824,6746a,2015-11-18
CZ0323824,Lampetra planeri,CZ0323824,6746b,2015-11-18
CZ0323824,Lampetra planeri,CZ0323824,6747a,2015-09-24
CZ0323824,Lampetra planeri,OST_002_Ostružná,6747a,2020-09-27
CZ0323824,Lampetra planeri,OST_003_Ostružná,6746b,2020-09-27
CZ0323824,Lampetra planeri,OST_006_Ostružná,6746a,2020-09-27
CZ0323824,Lampetra planeri,OST_007_Ostružná,6746a,2023-10-27
CZ0323825,Cottus gobio,CZ0323825,6043c,2018-11-01
CZ0323825,Cottus gobio,CZ0323825,6143b,2018-11-01
CZ0323825,Lampetra planeri,CZ0323825,6143b,2021-11-16
CZ0324025,Cottus gobio,CZ0324025,6046d,2015-11-17
CZ0324025,Lampetra planeri,CZ0324025,6046d,2015-11-17
CZ0324026,Cottus gobio,CZ0324026,6542a,2016-09-23
CZ0324026,Cottus gobio,CZ0324026,6542c,2016-09-23
CZ0324026,Lampetra planeri,CZ0324026,6542a,2016-09-23
CZ0324026,Lampetra planeri,CZ0324026,6542c,2016-09-23
CZ0324026,Lampetra planeri,Niva Nemanického potoka,6542a,2022-09-24
CZ0324026,Lampetra planeri,Niva Nemanického potoka,6542c,2022-09-24
CZ0410020,Lampetra planeri,CZ0410020,5841c,2021-06-05
CZ0410020,Misgurnus fossilis,CZ0410020,5840d,2017-10-19
CZ0410020,Misgurnus fossilis,CZ0410020,5841c,2015-10-22
CZ0410020,Misgurnus fossilis,Ohře,5840d,2014-04-30
CZ0410413,Cottus gobio,CHKO Slavkovský les,5742d,2021-05-18
CZ0410413,Cottus gobio,CHKO Slavkovský les,5842b,2021-05-18
CZ0413177,Cottus gobio,CZ0413177,5638d,2013-10-04
CZ0413177,Cottus gobio,CZ0413177,5738b,2013-10-04
CZ0413177,Lampetra planeri,BLP_001_Bystřina – Lužní potok,5638d,2023-08-13
CZ0413177,Lampetra planeri,BLP_002_Bystřina – Lužní potok,5638d,2023-08-13
CZ0413177,Lampetra planeri,BLP_003_Bystřina – Lužní potok,5638d,2023-08-16
CZ0413177,Lampetra planeri,BLP_004_Bystřina – Lužní potok,5738b,2023-08-13
CZ0413177,Lampetra planeri,CZ0413177,5638d,2013-10-04
CZ0413177,Lampetra planeri,CZ0413177,5738b,2017-05-24
CZ0413191,Cottus gobio,CHKO Slavkovský les,5843b,2021-10-12
CZ0413191,Cottus gobio,CZ0413191,5843b,2014-09-24
CZ0413194,Cottus gobio,CZ0413194,5945a,2015-09-21
CZ0413194,Lampetra planeri,CZ0413194,5945a,2015-09-21
CZ0413194,Lampetra planeri,STR_001_Střela,5945b,2023-08-11
CZ0413195,Cottus gobio,CZ0413195,5942b,2015-09-22
CZ0413195,Cottus gobio,CZ0413195,5942d,2015-09-22
CZ0413195,Cottus gobio,CZ0413195,5943a,2013-09-06
CZ0413195,Cottus gobio,TOP_001_Teplá s přítoky a Otročínský potok,5942b,2023-08-13
CZ0413195,Cottus gobio,TOP_002_Teplá s přítoky a Otročínský potok,5942b,2020-09-13
CZ0413195,Cottus gobio,TOP_003_Teplá s přítoky a Otročínský potok,5942d,2023-08-13
CZ0413195,Cottus gobio,TOP_004_Teplá s přítoky a Otročínský potok,5943c,2020-09-13
CZ0413195,Cottus gobio,TOP_005_Teplá s přítoky a Otročínský potok,5942d,2023-08-13
CZ0414110,Cottus gobio,CZ0414110,5542d,2015-09-01
CZ0414110,Lampetra planeri,CZ0414110,5542d,2015-09-01
CZ0414127,Cottus gobio,CZ0414127,5745a,2021-05-28
CZ0414127,Cottus gobio,CZ0414127,5745c,2021-05-28
CZ0414127,Cottus gobio,CZ0414127,5844b,2013-12-16
CZ0414127,Lampetra planeri,CZ0414127,5745a,2015-09-01
CZ0414127,Salmo salar,CZ0414127,5745a,2015-09-01
CZ0414127,Salmo salar,HRD_001_Hradiště,5745a,2023-11-12
CZ0414127,Salmo salar,HRD_002_Hradiště,5745a,2023-11-12
CZ0414127,Salmo salar,Hradiště,5744a,2023-11-12
CZ0414127,Salmo salar,Hradiště,5744c,2023-11-12
CZ0414127,Salmo salar,Hradiště,5844b,2022-10-15
CZ0420035,Rhodeus amarus,CZ0420035,5544b,2014-09-04
CZ0420083,Cottus gobio,CHKO Lužické hory,5152b,2022-08-18
CZ0420083,Cottus gobio,CZ0420083,5152b,2022-08-18
CZ0420144,Cottus gobio,CZ0420144,5445a,2015-09-01
CZ0420144,Lampetra planeri,CZ0420144,5445a,2015-09-01
CZ0420528,Cottus gobio,CZ0420528,5544c,2024-08-24
CZ0423507,Cottus gobio,CHKO Lužické hory,5152d,2022-08-17
CZ0423507,Cottus gobio,CZ0423507,5152c,2024-11-06
CZ0423507,Salmo salar,CZ0423507,5152c,2024-11-06
CZ0423507,Salmo salar,CZ0423507,5252a,2013-11-14
CZ0423507,Salmo salar,HKA_001_Horní Kamenice,5152c,2023-11-05
CZ0423507,Salmo salar,HKA_002_Horní Kamenice,5252a,2023-11-05
CZ0423507,Salmo salar,HKA_003_Horní Kamenice,5152d,2023-11-05
CZ0423507,Salmo salar,Horní Kamenice,5152d,2022-09-17
CZ0423510,Cottus gobio,CZ0423510,5550b,2024-07-21
CZ0423510,Cottus gobio,CZ0423510,5550d,2021-09-03
CZ0423510,Cottus gobio,CZ0423510,5647c,2015-09-01
CZ0423510,Cottus gobio,CZ0423510,5648a,2015-09-01
CZ0423510,Cottus gobio,CZ0423510,5648b,2015-09-01
CZ0423510,Cottus gobio,CZ0423510,5649a,2024-07-14
CZ0423510,Lampetra planeri,CZ0423510,5647c,2015-09-01
CZ0423510,Lampetra planeri,CZ0423510,5648a,2015-09-01
CZ0423510,Lampetra planeri,CZ0423510,5648b,2015-09-01
CZ0423510,Rhodeus amarus,CZ0423510,5450d,2012-09-21
CZ0423510,Salmo salar,CZ0423510,5450d,2013-03-18
CZ0424030,Cottus gobio,CZ0424030,5445d,2015-09-01
CZ0424030,Cottus gobio,CZ0424030,5546a,2015-09-01
CZ0424030,Lampetra planeri,CZ0424030,5445d,2015-09-01
CZ0424030,Lampetra planeri,CZ0424030,5546a,2015-09-01
CZ0424031,Cottus gobio,CHKO Lužické hory,5152b,2022-08-18
CZ0424031,Cottus gobio,CZ0424031,5052c,2023-07-13
CZ0424031,Cottus gobio,CZ0424031,5052d,2012-11-01
CZ0424031,Cottus gobio,CZ0424031,5151b,2023-07-10
CZ0424031,Cottus gobio,CZ0424031,5152a,2022-07-18
CZ0424031,Cottus gobio,CZ0424031,5152c,2023-07-12
CZ0424031,Cottus gobio,CZ0424031,5152d,2015-09-27
CZ0424031,Lampetra planeri,CS_LP_001_České Švýcarsko,5052c,2023-10-07
CZ0424031,Lampetra planeri,CS_LP_002_České Švýcarsko,5152a,2023-10-07
CZ0424031,Lampetra planeri,CS_LP_003_České Švýcarsko,5152a,2023-10-07
CZ0424031,Lampetra planeri,CS_LP_004_České Švýcarsko,5052c,2023-10-07
CZ0424031,Lampetra planeri,CS_LP_005_České Švýcarsko,5052c,2023-10-07
CZ0424031,Lampetra planeri,CS_LP_006_České Švýcarsko,5052c,2023-10-07
CZ0424031,Lampetra planeri,CS_LP_007_České Švýcarsko,5152c,2023-10-07
CZ0424031,Lampetra planeri,CS_LP_008_České Švýcarsko,5152c,2023-10-07
CZ0424031,Lampetra planeri,CS_LP_009_České Švýcarsko,5152c,2023-10-07
CZ0424031,Lampetra planeri,CS_LP_010_České Švýcarsko,5152c,2023-10-07
CZ0424031,Lampetra planeri,CS_LP_011_České Švýcarsko,5152c,2023-10-07
CZ0424031,Lampetra planeri,CS_LP_012_České Švýcarsko,5152c,2023-10-07
CZ0424031,Lampetra planeri,CS_SS_010_České Švýcarsko,5152c,2022-09-28
CZ0424031,Lampetra planeri,CZ0424031,5052c,2023-07-13
CZ0424031,Lampetra planeri,CZ0424031,5052d,2012-11-01
CZ0424031,Lampetra planeri,CZ0424031,5151b,2020-07-24
CZ0424031,Lampetra planeri,CZ0424031,5152a,2024-04-27
CZ0424031,Lampetra planeri,CZ0424031,5152c,2023-07-12
CZ0424031,Lampetra planeri,CZ0424031,5152d,2014-04-13
CZ0424031,Lampetra planeri,České Švýcarsko,5052c,2022-10-15
CZ0424031,Lampetra planeri,České Švýcarsko,5152a,2021-10-25
CZ0424031,Lampetra planeri,České Švýcarsko,5152b,2020-10-17
CZ0424031,Lampetra planeri,České Švýcarsko,5152c,2020-10-18
CZ0424031,Rhodeus amarus,NP - České Švýcarsko,5151b,2021-07-19
CZ0424031,Rhodeus amarus,NP České Švýcarsko_Mapování ichtyofauny vybraných stojatých vod,5151b,2021-07-19
CZ0424031,Rhodeus amarus,NP České Švýcarsko_Mapování ichtyofauny vybraných stojatých vod,5152a,2021-07-19
CZ0424031,Rhodeus amarus,NP České Švýcarsko_Mapování ichtyofauny vybraných stojatých vod,5152b,2021-07-19
CZ0424031,Salmo salar,CHKO České Středohoří -CHŘIBSKA_KAMENICE_KOUPALIŠTĚ_2019,5152c,2021-09-14
CZ0424031,Salmo salar,CS_SS_001_České Švýcarsko,5151b,2023-10-20
CZ0424031,Salmo salar,CS_SS_002_České Švýcarsko,5151b,2022-10-28
CZ0424031,Salmo salar,CS_SS_003_České Švýcarsko,5152c,2023-10-21
CZ0424031,Salmo salar,CS_SS_004_České Švýcarsko,5152c,2023-10-28
CZ0424031,Salmo salar,CS_SS_005_České Švýcarsko,5152c,2023-10-28
CZ0424031,Salmo salar,CS_SS_006_České Švýcarsko,5152c,2022-09-27
CZ0424031,Salmo salar,CS_SS_007_České Švýcarsko,5152c,2023-10-20
CZ0424031,Salmo salar,CS_SS_008_České Švýcarsko,5152a,2023-10-21
CZ0424031,Salmo salar,CS_SS_009_České Švýcarsko,5152c,2023-10-28
CZ0424031,Salmo salar,CS_SS_010_České Švýcarsko,5152c,2023-10-21
CZ0424031,Salmo salar,CS_SS_011_České Švýcarsko,5152c,2023-10-21
CZ0424031,Salmo salar,CS_SS_012_České Švýcarsko,5152c,2023-10-27
CZ0424031,Salmo salar,CZ0424031,5151b,2023-07-10
CZ0424031,Salmo salar,CZ0424031,5152a,2012-10-01
CZ0424031,Salmo salar,CZ0424031,5152c,2023-07-12
CZ0424031,Salmo salar,CZ0424031,5152d,2015-09-27
CZ0424031,Salmo salar,České Švýcarsko,5151b,2023-10-20
CZ0424031,Salmo salar,České Švýcarsko,5152a,2022-10-29
CZ0424031,Salmo salar,České Švýcarsko,5152c,2022-09-27
CZ0424111,Rhodeus amarus,CZ0424111,5151c,2014-10-22
CZ0424111,Salmo salar,CZ0424111,5151a,2020-12-13
CZ0424111,Salmo salar,CZ0424111,5151b,2015-10-22
CZ0424125,Cottus gobio,CZ0424125,5644a,2017-10-19
CZ0424125,Cottus gobio,CZ0424125,5644c,2023-09-07
CZ0424125,Cottus gobio,CZ0424125,5743b,2017-10-18
CZ0424125,Cottus gobio,CZ0424125,5743d,2017-10-18
CZ0424125,Cottus gobio,CZ0424125,5744a,2017-10-18
CZ0424125,Cottus gobio,CZ0424125,5745a,2013-06-22
CZ0424125,Salmo salar,CZ0424125,5745a,2015-04-17
CZ0424125,Salmo salar,DOH_001_Doupovské hory,5745a,2023-10-29
CZ0424125,Salmo salar,DOH_003_Doupovské hory,5745b,2023-10-29
CZ0424125,Salmo salar,DOH_007_Doupovské hory,5646d,2023-10-29
CZ0424127,Cottus gobio,CZ0424127,5446d,2015-09-01
CZ0424127,Lampetra planeri,CZ0424127,5446d,2015-09-01
CZ0424141,Cottus gobio,CHKO České Středohoří,5251a,2021-09-08
CZ0424141,Cottus gobio,CHKO České Středohoří,5251c,2021-09-02
CZ0424141,Cottus gobio,CHKO České Středohoří,5450a,2021-08-25
CZ0424141,Cottus gobio,CHKO České středohoří,5350b,2021-09-03
CZ0424141,Cottus gobio,CHKO České středohoří,5350c,2021-08-25
CZ0424141,Cottus gobio,CHKO České středohoří,5450c,2021-08-25
CZ0424141,Cottus gobio,CZ0424141,5251a,2018-08-01
CZ0424141,Cottus gobio,CZ0424141,5251c,2015-08-26
CZ0424141,Cottus gobio,CZ0424141,5350a,2017-05-24
CZ0424141,Rhodeus amarus,CZ0424141,5251c,2022-10-29
CZ0424141,Rhodeus amarus,CZ0424141,5350a,2017-05-24
CZ0424141,Rhodeus amarus,CZ0424141,5350b,2013-09-11
CZ0424141,Rhodeus amarus,CZ0424141,5451c,2013-09-11
CZ0510191,Cottus gobio,CZ0510191,5357c,2024-07-04
CZ0510191,Lampetra planeri,CZ0510191,5357c,2015-10-23
CZ0510400,Lampetra planeri,CZ0510400,5156b,2014-09-26
CZ0510400,Lampetra planeri,CZ0510400,5157a,2014-09-26
CZ0510402,Lampetra planeri,CZ0510402,5157d,2014-09-26
CZ0510415,Lampetra planeri,CZ0510415,5157b,2014-10-04
CZ0510441,Cottus gobio,CHKO České středohoří,5352a,2021-08-12
CZ0513251,Cottus gobio,CZ0513251,5255b,2015-10-12
CZ0513251,Cottus gobio,RKT_001_Rokytka,5255b,2023-09-09
CZ0513254,Lampetra planeri,CZ0513254,5256c,2022-10-18
CZ0513254,Lampetra planeri,LUP_001_Luční potok,5256c,2023-08-13
CZ0513254,Lampetra planeri,LUP_003_Luční potok,5256c,2023-08-13
CZ0513256,Cottus gobio,CZ0513256,4956c,2022-10-22
CZ0513256,Cottus gobio,CZ0513256,5056a,2022-10-22
CZ0513256,Cottus gobio,CZ0513256,5056c,2022-10-22
CZ0513256,Cottus gobio,SME_CG_002_Smědá,5056a,2023-11-10
CZ0513256,Cottus gobio,SME_CG_003_Smědá,5056a,2023-11-10
CZ0513256,Cottus gobio,SME_CG_004_Smědá,5056c,2022-10-22
CZ0513256,Lampetra planeri,CZ0513256,4956c,2022-10-22
CZ0513256,Lampetra planeri,CZ0513256,5056a,2022-10-22
CZ0513256,Lampetra planeri,CZ0513256,5056c,2022-10-22
CZ0513256,Lampetra planeri,SME_LP_002_Smědá,4956c,2023-09-09
CZ0513256,Lampetra planeri,SME_LP_003_Smědá,5056a,2023-09-09
CZ0513256,Lampetra planeri,SME_LP_004_Smědá,5056a,2023-09-09
CZ0513256,Lampetra planeri,SME_LP_005_Smědá,5056c,2023-09-09
CZ0513505,Cottus gobio,CHKO České středohoří,5252c,2021-09-07
CZ0513505,Cottus gobio,CZ0513505,5251a,2022-10-26
CZ0513505,Salmo salar,DPL_001_Dolní Ploučnice,5251a,2023-10-22
CZ0513505,Salmo salar,DPL_002_Dolní Ploučnice,5251d,2023-10-22
CZ0513505,Salmo salar,DPL_003_Dolní Ploučnice,5251d,2023-10-22
CZ0513505,Salmo salar,DPL_004_Dolní Ploučnice,5252c,2023-10-22
CZ0513505,Salmo salar,DPL_005_Dolní Ploučnice,5252c,2023-10-22
CZ0513505,Salmo salar,DPL_006_Dolní Ploučnice,5352b,2023-10-22
CZ0513505,Salmo salar,Dolní Ploučnice,5251d,2021-11-18
CZ0513505,Salmo salar,Dolní Ploučnice,5252c,2022-10-16
CZ0513505,Salmo salar,Dolní Ploučnice,5252d,2021-11-21
CZ0513505,Salmo salar,Dolní Ploučnice,5353a,2022-10-16
CZ0513506,Cottus gobio,CHKO Kokořínsko,5353b,2023-08-31
CZ0513506,Cottus gobio,CHKO Kokořínsko,5353d,2023-08-31
CZ0513506,Cottus gobio,CHKO Kokořínsko,5354c,2023-08-31
CZ0513506,Lampetra planeri,CZ0513506,5254d,2016-06-21
CZ0513506,Lampetra planeri,CZ0513506,5255c,2014-09-14
CZ0513506,Lampetra planeri,CZ0513506,5353b,2015-07-21
CZ0513506,Lampetra planeri,CZ0513506,5354c,2015-09-12
CZ0513506,Salmo salar,CZ0513506,5254d,2016-06-21
CZ0513506,Salmo salar,CZ0513506,5255c,2015-09-13
CZ0513506,Salmo salar,DPL_007_Dolní Ploučnice,5353a,2023-10-08
CZ0513506,Salmo salar,Horní Ploučnice,5254c,2023-10-15
CZ0513506,Salmo salar,Horní Ploučnice,5254d,2021-11-21
CZ0513506,Salmo salar,Horní Ploučnice,5255c,2021-10-16
CZ0513506,Salmo salar,Horní Ploučnice,5353a,2023-10-08
CZ0513506,Salmo salar,Horní Ploučnice,5353b,2023-10-08
CZ0513506,Salmo salar,Horní Ploučnice,5353d,2023-10-08
CZ0513506,Salmo salar,Horní Ploučnice,5354a,2023-10-15
CZ0513506,Salmo salar,Horní Ploučnice,5354c,2023-10-15
CZ0513509,Cottus gobio,CHKO Lužické hory,5153d,2022-08-16
CZ0513509,Cottus gobio,CHKO Lužické hory,5154c,2022-08-17
CZ0513509,Cottus gobio,CZ0513509,5153d,2022-08-16
CZ0513509,Cottus gobio,CZ0513509,5154c,2022-08-17
CZ0513509,Cottus gobio,CZ0513509,5254a,2022-10-23
CZ0513509,Cottus gobio,Svitavka,5254a,2022-10-25
CZ0513509,Lampetra planeri,CZ0513509,5153d,2022-08-16
CZ0513509,Lampetra planeri,CZ0513509,5154c,2022-08-17
CZ0513509,Lampetra planeri,CZ0513509,5254a,2022-10-23
CZ0513509,Lampetra planeri,SVI_001_Svitavka,5254a,2023-11-02
CZ0514042,Cottus gobio,CHKO Kokořínsko,5353c,2023-09-11
CZ0514042,Cottus gobio,CHKO Kokořínsko,5353d,2023-10-11
CZ0514042,Cottus gobio,CHKO Kokořínsko,5454a,2023-09-11
CZ0514113,Cobitis elongatoides,CZ0514113,5457c,2022-10-28
CZ0514670,Cottus gobio,CHKO Kokořínsko,5352d,2023-08-31
CZ0514672,Cottus gobio,CZ0514672,5357b,2022-10-22
CZ0514672,Cottus gobio,CZ0514672,5357d,2022-10-29
CZ0514672,Cottus gobio,CZ0514672,5358c,2022-10-22
CZ0514672,Cottus gobio,CZ0514672,5358d,2021-07-31
CZ0514672,Cottus gobio,CZ0514672,5458a,2022-10-22
CZ0514672,Cottus gobio,UJK_001_Údolí Jizery a Kamenice,5357d,2023-09-24
CZ0514672,Cottus gobio,UJK_002_Údolí Jizery a Kamenice,5358c,2020-10-19
CZ0514672,Cottus gobio,UJK_002_Údolí Jizery a Kamenice,5458a,2023-09-24
CZ0514672,Cottus gobio,UJK_003_Údolí Jizery a Kamenice,5358c,2023-09-24
CZ0514672,Cottus gobio,UJK_004_Údolí Jizery a Kamenice,5358d,2023-09-23
CZ0514672,Cottus gobio,UJK_005_Údolí Jizery a Kamenice,5357d,2023-09-23
CZ0514672,Cottus gobio,UJK_006_Údolí Jizery a Kamenice,5357b,2023-09-23
CZ0514672,Lampetra planeri,CZ0514672,5357b,2012-09-18
CZ0514672,Lampetra planeri,CZ0514672,5357d,2022-10-29
CZ0514672,Lampetra planeri,CZ0514672,5358c,2022-10-22
CZ0514672,Lampetra planeri,CZ0514672,5358d,2021-07-31
CZ0514672,Lampetra planeri,CZ0514672,5458a,2022-10-22
CZ0520028,Cottus gobio,CZ0520028,5562c,2020-09-18
CZ0520028,Lampetra planeri,CZ0520028,5562c,2020-09-18
CZ0520519,Cottus gobio,CHKO Broumovsko,5462b,2023-07-12
CZ0520519,Cottus gobio,CZ0520519,5362d,2013-10-19
CZ0520519,Cottus gobio,CZ0520519,5462b,2013-10-19
CZ0520603,Cottus gobio,CHKO Orlické hory,5663b,2023-07-27
CZ0520604,Cottus gobio,CHKO Orlické hory,5864a,2023-07-24
CZ0520604,Cottus gobio,CZ0520604,5864a,2018-10-10
CZ0520604,Cottus gobio,CZ0520604,5864b,2023-10-24
CZ0520604,Lampetra planeri,CZ0520604,5864a,2018-10-10
CZ0520604,Lampetra planeri,Zdobnice,5864a,2024-09-11
CZ0523007,Cottus gobio,CZ0523007,5762b,2022-10-06
CZ0523007,Cottus gobio,CZ0523007,5763a,2022-10-06
CZ0523007,Cottus gobio,DED_CG_001_Dědina u Dobrušky,5763a,2023-10-17
CZ0523007,Cottus gobio,DED_CG_002_Dědina u Dobrušky,5763a,2023-10-17
CZ0523007,Cottus gobio,DED_CG_003_Dědina u Dobrušky,5762b,2019-09-23
CZ0523007,Cottus gobio,Dědina u Dobrušky,5762b,2021-10-31
CZ0523007,Cottus gobio,Dědina u Dobrušky,5763a,2021-10-31
CZ0523007,Lampetra planeri,CZ0523007,5762b,2022-10-06
CZ0523007,Lampetra planeri,CZ0523007,5763a,2022-10-06
CZ0523007,Lampetra planeri,DED_LP_001_Dědina u Dobrušky,5763a,2023-10-17
CZ0523007,Lampetra planeri,DED_LP_002_Dědina u Dobrušky,5763a,2023-10-17
CZ0523007,Lampetra planeri,DED_LP_003_Dědina u Dobrušky,5762b,2023-10-17
CZ0523007,Lampetra planeri,Dědina u Dobrušky,5762b,2019-09-23
CZ0523007,Lampetra planeri,Dědina u Dobrušky,5763a,2021-10-31
CZ0523267,Cottus gobio,CHKO Orlické hory,5865a,2023-07-25
CZ0523267,Cottus gobio,CZ0523267,5764b,2022-08-10
CZ0523267,Cottus gobio,CZ0523267,5765c,2021-09-21
CZ0523267,Cottus gobio,CZ0523267,5865a,2015-09-22
CZ0523267,Cottus gobio,CZ0523267,5865c,2021-09-21
CZ0523267,Cottus gobio,ZAO_001_Zaorlicko,5865a,2023-10-23
CZ0523267,Cottus gobio,ZAO_002_Zaorlicko,5765c,2023-10-23
CZ0523267,Cottus gobio,ZAO_003_Zaorlicko,5764b,2021-09-15
CZ0523267,Cottus gobio,ZAO_004_Zaorlicko,5764b,2021-09-15
CZ0523267,Cottus gobio,Zaorlicko,5765c,2020-09-21
CZ0523267,Lampetra planeri,CZ0523267,5764b,2021-09-15
CZ0523267,Lampetra planeri,CZ0523267,5765c,2021-09-21
CZ0523267,Lampetra planeri,CZ0523267,5865a,2015-09-22
CZ0523267,Lampetra planeri,CZ0523267,5865c,2021-09-21
CZ0523267,Lampetra planeri,ZAO_002_Divoká Orlice,5765c,2019-10-24
CZ0523277,Cottus gobio,CZ0523277,5459b,2015-09-03
CZ0523277,Cottus gobio,CZ0523277,5460a,2014-09-30
CZ0523277,Cottus gobio,CZ0523277,5460c,2015-09-03
CZ0523277,Cottus gobio,LAH_001_Labe – Hostinné,5460c,2023-09-24
CZ0523277,Cottus gobio,LAH_002_Labe – Hostinné,5460c,2023-09-23
CZ0523277,Cottus gobio,LAH_003_Labe – Hostinné,5459b,2023-09-24
CZ0523277,Lampetra planeri,CZ0523277,5460a,2014-09-30
CZ0523277,Lampetra planeri,CZ0523277,5460c,2015-09-03
CZ0523280,Cottus gobio,CZ0523280,5362d,2018-10-19
CZ0523280,Cottus gobio,CZ0523280,5462b,2018-10-19
CZ0523280,Cottus gobio,CZ0523280,5462d,2016-10-11
CZ0523280,Cottus gobio,CZ0523280,5463a,2018-10-19
CZ0523280,Cottus gobio,CZ0523280,5463c,2018-10-19
CZ0523280,Cottus gobio,CZ0523280,5563a,2016-10-11
CZ0523280,Cottus gobio,Dřevíč,5462d,2022-10-25
CZ0523280,Cottus gobio,Dřevíč,5463c,2019-09-24
CZ0523280,Cottus gobio,Dřevíč,5563a,2019-09-24
CZ0523280,Lampetra planeri,CZ0523280,5362d,2018-10-19
CZ0523280,Lampetra planeri,CZ0523280,5462b,2018-10-19
CZ0523280,Lampetra planeri,CZ0523280,5462d,2016-10-11
CZ0523280,Lampetra planeri,CZ0523280,5463a,2018-10-19
CZ0523280,Lampetra planeri,CZ0523280,5463c,2018-10-19
CZ0523280,Lampetra planeri,CZ0523280,5563a,2016-10-11
CZ0523280,Lampetra planeri,MED_001_Metuje a Dřevíč,5463c,2023-09-16
CZ0523280,Lampetra planeri,MED_002_Metuje a Dřevíč,5463c,2020-10-10
CZ0523280,Lampetra planeri,MED_003_Metuje a Dřevíč,5463a,2023-09-16
CZ0523280,Lampetra planeri,MED_006_Metuje a Dřevíč,5563a,2020-10-10
CZ0523280,Lampetra planeri,MED_007_Metuje a Dřevíč,5463c,2020-10-10
CZ0523280,Lampetra planeri,MED_008_Metuje a Dřevíč,5462d,2023-09-16
CZ0523280,Lampetra planeri,MED_009_Metuje a Dřevíč,5462d,2020-10-10
CZ0523823,Cottus gobio,CZ0523823,5460a,2012-07-23
CZ0523823,Cottus gobio,KRK_018_Krkonoše,5460a,2023-09-21
CZ0523823,Cottus gobio,Krkonoše,5460b,2021-09-27
CZ0524044,Cottus gobio,CZ0524044,5258c,2013-09-23
CZ0524044,Cottus gobio,CZ0524044,5258d,2013-09-01
CZ0524044,Cottus gobio,CZ0524044,5259c,2015-09-01
CZ0524044,Cottus gobio,CZ0524044,5259d,2015-09-01
CZ0524044,Cottus gobio,CZ0524044,5260d,2018-10-09
CZ0524044,Cottus gobio,CZ0524044,5358b,2013-09-23
CZ0524044,Cottus gobio,CZ0524044,5358d,2022-02-04
CZ0524044,Cottus gobio,CZ0524044,5359a,2018-10-09
CZ0524044,Cottus gobio,CZ0524044,5359b,2017-01-01
CZ0524044,Cottus gobio,CZ0524044,5359c,2018-10-09
CZ0524044,Cottus gobio,CZ0524044,5359d,2013-09-23
CZ0524044,Cottus gobio,CZ0524044,5360b,2017-10-31
CZ0524044,Cottus gobio,CZ0524044,5360c,2019-08-27
CZ0524044,Cottus gobio,CZ0524044,5360d,2024-11-05
CZ0524044,Cottus gobio,CZ0524044,5361a,2015-09-01
CZ0524044,Cottus gobio,CZ0524044,5361c,2018-10-09
CZ0524044,Cottus gobio,CZ0524044,5460a,2013-09-23
CZ0524044,Cottus gobio,CZ0524044,5460b,2013-09-01
CZ0524044,Cottus gobio,CZ0524044,5461a,2013-09-01
CZ0524044,Cottus gobio,KRK_001_Krkonoše,5358d,2023-08-31
CZ0524044,Cottus gobio,KRK_002_Krkonoše,5358b,2023-08-31
CZ0524044,Cottus gobio,KRK_003_Krkonoše,5258d,2023-08-31
CZ0524044,Cottus gobio,KRK_004_Krkonoše,5358b,2023-08-31
CZ0524044,Cottus gobio,KRK_005_Krkonoše,5358d,2023-09-01
CZ0524044,Cottus gobio,KRK_006_Krkonoše,5359c,2023-09-01
CZ0524044,Cottus gobio,KRK_007_Krkonoše,5359c,2023-09-01
CZ0524044,Cottus gobio,KRK_008_Krkonoše,5359a,2023-09-01
CZ0524044,Cottus gobio,KRK_009_Krkonoše,5359a,2023-09-01
CZ0524044,Cottus gobio,KRK_010_Krkonoše,5359b,2023-09-07
CZ0524044,Cottus gobio,KRK_011_Krkonoše,5359b,2023-09-07
CZ0524044,Cottus gobio,KRK_012_Krkonoše,5359a,2023-09-07
CZ0524044,Cottus gobio,KRK_013_Krkonoše,5359d,2023-09-08
CZ0524044,Cottus gobio,KRK_014_Krkonoše,5359b,2023-09-08
CZ0524044,Cottus gobio,KRK_015_Krkonoše,5359b,2023-09-08
CZ0524044,Cottus gobio,KRK_016_Krkonoše,5360c,2023-09-08
CZ0524044,Cottus gobio,KRK_017_Krkonoše,5460a,2023-09-08
CZ0524044,Cottus gobio,KRK_019_Krkonoše,5360b,2023-09-21
CZ0524044,Cottus gobio,KRK_020_Krkonoše,5260d,2023-09-21
CZ0524044,Cottus gobio,KRK_021_Krkonoše,5360d,2023-09-22
CZ0524044,Cottus gobio,KRK_022_Krkonoše,5360b,2023-09-22
CZ0524044,Cottus gobio,KRK_023_Krkonoše,5360b,2023-09-22
CZ0524044,Cottus gobio,KRK_024_Krkonoše,5360b,2023-10-19
CZ0524044,Cottus gobio,KRK_026_Krkonoše,5361c,2023-10-29
CZ0524044,Cottus gobio,Krkonoše,5258c,2020-09-02
CZ0524044,Cottus gobio,Krkonoše,5258d,2021-09-26
CZ0524044,Cottus gobio,Krkonoše,5358b,2022-10-14
CZ0524044,Cottus gobio,Krkonoše,5359b,2020-09-10
CZ0524044,Cottus gobio,Krkonoše,5361c,2020-09-08
CZ0524044,Cottus gobio,Krkonoše,5460a,2022-10-15
CZ0524044,Cottus gobio,Krkonoše,5461a,2020-09-08
CZ0524044,Lampetra planeri,CZ0524044,5258c,2013-09-23
CZ0524044,Lampetra planeri,CZ0524044,5258d,2013-09-01
CZ0524044,Lampetra planeri,CZ0524044,5259c,2015-09-01
CZ0524044,Lampetra planeri,CZ0524044,5259d,2015-09-01
CZ0524044,Lampetra planeri,CZ0524044,5260d,2013-09-01
CZ0524044,Lampetra planeri,CZ0524044,5358b,2013-09-23
CZ0524044,Lampetra planeri,CZ0524044,5358d,2017-06-17
CZ0524044,Lampetra planeri,CZ0524044,5359a,2013-09-23
CZ0524044,Lampetra planeri,CZ0524044,5359b,2013-09-01
CZ0524044,Lampetra planeri,CZ0524044,5359c,2013-09-01
CZ0524044,Lampetra planeri,CZ0524044,5359d,2017-05-29
CZ0524044,Lampetra planeri,CZ0524044,5360b,2015-09-01
CZ0524044,Lampetra planeri,CZ0524044,5360c,2013-09-01
CZ0524044,Lampetra planeri,CZ0524044,5360d,2013-09-01
CZ0524044,Lampetra planeri,CZ0524044,5361a,2015-09-01
CZ0524044,Lampetra planeri,CZ0524044,5361c,2018-10-09
CZ0524044,Lampetra planeri,CZ0524044,5460a,2018-10-09
CZ0524044,Lampetra planeri,CZ0524044,5460b,2013-09-01
CZ0524044,Lampetra planeri,CZ0524044,5461a,2013-09-01
CZ0524047,Cottus gobio,CZ0524047,5663a,2015-09-16
CZ0524049,Cottus gobio,CZ0524049,5862c,2014-11-15
CZ0524049,Cottus gobio,CZ0524049,5862d,2020-08-28
CZ0524049,Misgurnus fossilis,CZ0524049,5862a,2014-10-31
CZ0524049,Misgurnus fossilis,CZ0524049,5962b,2014-10-31
CZ0524049,Rhodeus amarus,CZ0524049,5862a,2012-09-19
CZ0524049,Rhodeus amarus,CZ0524049,5862d,2019-07-31
CZ0524049,Rhodeus amarus,CZ0524049,5960b,2024-10-23
CZ0530033,Cottus gobio,CZ0530033,6266d,2013-09-23
CZ0530033,Lampetra planeri,CZ0530033,6266d,2013-09-23
CZ0530034,Cottus gobio,CZ0530034,6065d,2013-09-23
CZ0530034,Lampetra planeri,CZ0530034,6065d,2013-09-23
CZ0533012,Cobitis elongatoides,CZ0533012,5859d,2023-05-23
CZ0533301,Cottus gobio,CHKO Žďárské vrchy,6261d,2022-08-05
CZ0533301,Cottus gobio,CZ0533301,6261d,2018-10-01
CZ0533301,Lampetra planeri,CZ0533301,6261d,2021-06-08
CZ0533301,Lampetra planeri,UCHR_001_Údolí Chrudimky,6261d,2023-10-15
CZ0533301,Lampetra planeri,UCHR_002_Údolí Chrudimky,6261d,2023-10-15
CZ0533303,Cobitis elongatoides,CZ0533303,6260b,2013-09-06
CZ0533303,Cottus gobio,CHKO Železné hory,6160c,2022-08-17
CZ0533303,Cottus gobio,CHKO Železné hory,6160d,2022-08-03
CZ0533303,Cottus gobio,CHKO Železné hory,6260b,2022-08-17
CZ0533303,Cottus gobio,CZ0533303,6160a,2012-10-17
CZ0533303,Cottus gobio,CZ0533303,6160c,2015-10-05
CZ0533303,Cottus gobio,CZ0533303,6160d,2015-10-06
CZ0533303,Cottus gobio,Chrudimka,6160a,2019-11-04
CZ0533303,Cottus gobio,Chrudimka,6160c,2022-10-05
CZ0533308,Cobitis elongatoides,CZ0533308,5859d,2019-09-25
CZ0533308,Cobitis elongatoides,CZ0533308,5959b,2020-11-29
CZ0533308,Cobitis elongatoides,CZ0533308,5960a,2024-05-15
CZ0533308,Rhodeus amarus,CZ0533308,5960a,2016-11-01
CZ0533314,Cottus gobio,CZ0533314,5965b,2018-10-03
CZ0533314,Cottus gobio,CZ0533314,5965c,2016-10-22
CZ0533314,Cottus gobio,CZ0533314,5965d,2018-10-03
CZ0533314,Cottus gobio,CZ0533314,5966a,2014-09-23
CZ0533314,Cottus gobio,Tichá Orlice,5965b,2023-10-03
CZ0533314,Cottus gobio,Tichá Orlice,5965d,2023-10-03
CZ0533314,Lampetra planeri,CZ0533314,5965b,2018-10-03
CZ0533314,Lampetra planeri,CZ0533314,5965c,2016-10-22
CZ0533314,Lampetra planeri,CZ0533314,5965d,2018-10-03
CZ0533314,Lampetra planeri,CZ0533314,5966a,2018-10-05
CZ0533314,Lampetra planeri,TOR_001_Tichá Orlice,5965c,2022-10-15
CZ0533314,Lampetra planeri,TOR_002_Tichá Orlice,5965d,2020-10-10
CZ0533314,Lampetra planeri,TOR_003_Tichá Orlice,5965b,2022-10-15
CZ0533314,Lampetra planeri,TOR_005_Tichá Orlice,5965b,2023-10-02
CZ0533314,Lampetra planeri,TOR_006_Tichá Orlice,5966a,2023-10-02
CZ0533314,Lampetra planeri,TOR_007_Tichá Orlice,5966b,2022-10-08
CZ0533314,Lampetra planeri,Tichá Orlice,5965b,2020-10-10
CZ0533698,Cobitis elongatoides,CZ0533698,5958b,2024-08-29
CZ0534053,Cottus gobio,CHKO Železné hory,6160b,2022-08-02
CZ0534053,Cottus gobio,CZ0534053,6160b,2022-10-26
CZ0534053,Cottus gobio,KAS_001_Krkanka a Strádovské peklo,6160b,2023-10-15
CZ0534053,Cottus gobio,KAS_002_Krkanka a Strádovské peklo,6160b,2023-10-15
CZ0534053,Cottus gobio,KAS_003_Krkanka a Strádovské peklo,6160b,2023-10-15
CZ0534053,Cottus gobio,KRK_001_Krkanka a Strádovské peklo,6160b,2019-09-24
CZ0534053,Cottus gobio,KRK_002_Krkanka a Strádovské peklo,6160b,2019-09-24
CZ0534053,Cottus gobio,KRK_003_Krkanka a Strádovské peklo,6160b,2019-09-24
CZ0534053,Cottus gobio,Krkanka a Strádovské peklo,6160b,2019-09-24
CZ0534053,Lampetra planeri,CZ0534053,6160b,2018-10-17
CZ0534053,Rhodeus amarus,CHKO Železné hory,6160b,2022-08-01
CZ0613004,Cottus gobio,BRE_001_Břevnický potok,6359d,2023-10-25
CZ0613004,Cottus gobio,BRE_002_Břevnický potok,6359d,2023-10-25
CZ0613004,Cottus gobio,BRE_003_Břevnický potok,6359d,2020-10-24
CZ0613004,Cottus gobio,CZ0613004,6359d,2022-10-27
CZ0613005,Cottus gobio,CZ0613005,6456a,2015-11-02
CZ0613005,Cottus gobio,CZ0613005,6456b,2021-08-13
CZ0613005,Cottus gobio,CZ0613005,6457a,2022-11-10
CZ0613005,Cottus gobio,MAP_001_Martinický potok,6457a,2023-10-22
CZ0613005,Cottus gobio,MAP_003_Martinický potok,6456b,2023-10-22
CZ0613005,Cottus gobio,MAP_004_Martinický potok,6456a,2023-10-22
CZ0613005,Lampetra planeri,CZ0613005,6456a,2015-11-02
CZ0613005,Lampetra planeri,CZ0613005,6456b,2021-08-13
CZ0613005,Lampetra planeri,CZ0613005,6457a,2021-08-13
CZ0613010,Cottus gobio,CZ0613010,6363a,2013-09-24
CZ0613321,Cottus gobio,CZ0613321,6558a,2017-09-21
CZ0613321,Cottus gobio,Jankovský potok,6558a,2023-09-19
CZ0613321,Lampetra planeri,CZ0613321,6558a,2017-09-21
CZ0613321,Lampetra planeri,Jankovský potok,6558a,2023-09-19
CZ0613327,Cobitis elongatoides,CZ0613327,6859a,2017-06-26
CZ0613332,Rhodeus amarus,CZ0613332,6459b,2015-09-17
CZ0613332,Rhodeus amarus,CZ0613332,6460c,2015-09-17
CZ0613333,Cottus gobio,CZ0613333,6461b,2022-09-01
CZ0613333,Cottus gobio,STA_002_Staviště,6461b,2021-10-11
CZ0613333,Cottus gobio,STA_003_Staviště,6462a,2023-10-15
CZ0613333,Lampetra planeri,CZ0613333,6461b,2022-09-01
CZ0613333,Lampetra planeri,CZ0613333,6462a,2019-11-06
CZ0613334,Cottus gobio,CZ0613334,6455d,2013-08-21
CZ0613334,Cottus gobio,CZ0613334,6456d,2013-08-21
CZ0613334,Cottus gobio,CZ0613334,6556a,2013-08-21
CZ0613334,Lampetra planeri,CZ0613334,6456d,2013-08-21
CZ0614059,Cottus gobio,CZ0614059,6361a,2015-09-17
CZ0614131,Cottus gobio,CZ0614131,6863a,2021-11-10
CZ0614131,Cottus gobio,CZ0614131,6863c,2021-11-09
CZ0614131,Cottus gobio,CZ0614131,6863d,2021-11-10
CZ0614131,Cottus gobio,UOCH_001_Údolí Oslavy a Chvojnice,6863d,2023-10-14
CZ0614131,Cottus gobio,UOCH_002_Údolí Oslavy a Chvojnice,6863c,2023-10-14
CZ0614131,Cottus gobio,UOCH_003_Údolí Oslavy a Chvojnice,6863c,2023-10-14
CZ0614131,Cottus gobio,UOCH_004_Údolí Oslavy a Chvojnice,6863a,2023-10-14
CZ0614131,Cottus gobio,UOCH_005_Údolí Oslavy a Chvojnice,6862b,2023-10-14
CZ0614131,Cottus gobio,UOCH_006_Údolí Oslavy a Chvojnice,6863c,2023-10-14
CZ0614131,Cottus gobio,UOCH_007_Údolí Oslavy a Chvojnice,6863a,2023-10-14
CZ0614131,Cottus gobio,Údolí Oslavy a Chvojnice,6863a,2019-09-27
CZ0614134,Cottus gobio,CZ0614134,6963a,2022-08-04
CZ0623010,Misgurnus fossilis,CZ0623010,7264a,2022-04-26
CZ0623019,Cobitis elongatoides,CZ0623019,7063d,2020-04-28
CZ0623019,Misgurnus fossilis,CZ0623019,7063d,2013-10-18
CZ0623022,Misgurnus fossilis,CZ0623022,7164b,2016-10-14
CZ0623022,Misgurnus fossilis,CZ0623022,7164d,2016-10-14
CZ0623022,Misgurnus fossilis,CZ0623022,7165a,2016-10-14
CZ0623022,Misgurnus fossilis,CZ0623022,7165c,2016-10-14
CZ0623022,Misgurnus fossilis,POK_002_Pokran,7164d,2023-10-06
CZ0623022,Misgurnus fossilis,POK_003_Pokran,7164d,2023-10-06
CZ0623022,Misgurnus fossilis,POK_004_Pokran,7164d,2023-10-06
CZ0623022,Misgurnus fossilis,POK_005_Pokran,7164b,2023-10-06
CZ0623022,Misgurnus fossilis,Pokran,7164b,2022-09-15
CZ0623022,Misgurnus fossilis,Pokran,7164d,2021-10-15
CZ0623022,Misgurnus fossilis,Pokran,7165a,2020-09-09
CZ0623041,Cobitis elongatoides,CZ0623041,7163a,2013-10-18
CZ0623041,Rhodeus amarus,CZ0623041,7063c,2016-10-14
CZ0623041,Rhodeus amarus,CZ0623041,7163d,2015-09-21
CZ0623041,Rhodeus amarus,CZ0623041,7164d,2015-09-16
CZ0623046,Misgurnus fossilis,CZ0623046,7164d,2015-09-19
CZ0623046,Misgurnus fossilis,CZ0623046,7264b,2015-09-19
CZ0623046,Misgurnus fossilis,Hrabětice,7264b,2013-09-06
CZ0623046,Misgurnus fossilis,TRD_001_Trávní Dvůr,7264b,2023-08-22
CZ0623046,Misgurnus fossilis,TRD_002_Trávní Dvůr,7264b,2023-08-22
CZ0623046,Misgurnus fossilis,TRD_004_Trávní Dvůr,7164d,2023-08-22
CZ0623046,Misgurnus fossilis,Trávní Dvůr,7164d,2021-10-08
CZ0623046,Misgurnus fossilis,Trávní Dvůr,7264b,2023-08-22
CZ0623324,Cottus gobio,BOB_001_Bobrůvka,6663b,2023-10-14
CZ0623324,Cottus gobio,BOB_002_Bobrůvka,6563d,2023-10-14
CZ0623324,Cottus gobio,Bobrůvka,6663b,2019-09-20
CZ0623797,Misgurnus fossilis,CZ0623797,7169b,2017-09-26
CZ0623797,Rhodeus amarus,CZ0623797,7069d,2017-09-26
CZ0623797,Romanogobio vladykovi,CZ0623797,7069d,2017-09-26
CZ0623798,Misgurnus fossilis,CZ0623798,7163d,2015-04-16
CZ0623800,Misgurnus fossilis,CZ0623800,7065b,2021-05-12
CZ0623819,Rhodeus amarus,CZ0623819,6963b,2019-09-12
CZ0623819,Rhodeus amarus,CZ0623819,6963c,2019-09-11
CZ0623819,Rhodeus amarus,CZ0623819,6963d,2019-09-11
CZ0623819,Rhodeus amarus,CZ0623819,6964a,2015-09-17
CZ0623819,Romanogobio vladykovi,CZ0623819,6963b,2019-09-12
CZ0623819,Romanogobio vladykovi,CZ0623819,6963c,2014-10-16
CZ0623819,Romanogobio vladykovi,CZ0623819,6963d,2019-09-11
CZ0623819,Romanogobio vladykovi,CZ0623819,6964a,2013-09-05
CZ0623819,Romanogobio vladykovi,RRO_001_Řeka Rokytná,6964a,2023-08-24
CZ0623819,Romanogobio vladykovi,RRO_002_Řeka Rokytná,6963b,2023-08-24
CZ0623819,Romanogobio vladykovi,RRO_003_Řeka Rokytná,6963d,2020-09-25
CZ0623819,Romanogobio vladykovi,RRO_004_Řeka Rokytná,6963d,2023-08-24
CZ0623819,Romanogobio vladykovi,RRO_005_Řeka Rokytná,6963d,2023-08-24
CZ0623819,Romanogobio vladykovi,RRO_006_Řeka Rokytná,6963c,2023-08-24
CZ0623819,Romanogobio vladykovi,Řeka Rokytná,6963b,2020-09-25
CZ0623819,Romanogobio vladykovi,Řeka Rokytná,6963c,2021-08-30
CZ0623819,Romanogobio vladykovi,Řeka Rokytná,6963d,2020-09-25
CZ0623819,Romanogobio vladykovi,Řeka Rokytná,6964a,2022-09-16
CZ0624001,Cottus gobio,CZ0624001,7162d,2014-10-30
CZ0624001,Cottus gobio,CZ0624001,7163c,2015-10-12
CZ0624001,Rhodeus amarus,CZ0624001,7162d,2015-10-12
CZ0624001,Rhodeus amarus,CZ0624001,7163c,2024-09-03
CZ0624001,Rhodeus amarus,CZ0624001,7263a,2020-10-07
CZ0624001,Romanogobio vladykovi,CZ0624001,7263a,2014-10-30
CZ0624068,Misgurnus fossilis,CZ0624068,7069d,2014-03-05
CZ0624068,Misgurnus fossilis,CZ0624068,7169a,2017-09-26
CZ0624068,Misgurnus fossilis,CZ0624068,7169b,2023-07-30
CZ0624068,Misgurnus fossilis,Petrov,7169a,2013-10-05
CZ0624068,Misgurnus fossilis,Petrov,7169b,2013-10-05
CZ0624068,Misgurnus fossilis,SMO_001_Strážnická Morava,7169b,2023-08-23
CZ0624068,Misgurnus fossilis,SMO_002_Strážnická Morava,7169b,2022-10-14
CZ0624068,Misgurnus fossilis,SMO_003_Strážnická Morava,7169b,2023-08-23
CZ0624068,Misgurnus fossilis,SMO_004_Strážnická Morava,7069d,2021-10-21
CZ0624068,Misgurnus fossilis,SMO_006_Strážnická Morava,7069d,2023-08-23
CZ0624068,Misgurnus fossilis,Strážnická Morava,7069d,2023-08-23
CZ0624068,Misgurnus fossilis,Strážnická Morava,7169a,2023-08-23
CZ0624068,Rhodeus amarus,CZ0624068,7169a,2023-05-28
CZ0624068,Rhodeus amarus,CZ0624068,7169b,2013-06-21
CZ0624071,Misgurnus fossilis,CZ0624071,7169a,2014-09-03
CZ0624071,Rhodeus amarus,CZ0624071,7168b,2014-09-05
CZ0624071,Rhodeus amarus,CZ0624071,7168d,2014-09-03
CZ0624071,Rhodeus amarus,OCV_001_Očov,7168d,2023-10-16
CZ0624071,Rhodeus amarus,OCV_002_Očov,7169a,2022-09-19
CZ0624071,Rhodeus amarus,OCV_003_Očov,7169a,2022-09-19
CZ0624071,Rhodeus amarus,Očov,7169a,2021-09-21
CZ0624095,Rhodeus amarus,CZ0624095,7159b,2019-09-09
CZ0624095,Rhodeus amarus,UDD_002_Údolí Dyje,7159b,2022-08-22
CZ0624095,Rhodeus amarus,UDD_003_Údolí Dyje,7159b,2022-08-22
CZ0624095,Romanogobio vladykovi,CZ0624095,7159b,2013-09-05
CZ0624095,Romanogobio vladykovi,UDY_002_Údolí Dyje,7159b,2023-09-24
CZ0624096,Cottus gobio,CZ0624096,7161a,2019-04-10
CZ0624096,Cottus gobio,CZ0624096,7161c,2018-08-08
CZ0624096,Cottus gobio,CZ0624096,7161d,2022-06-17
CZ0624096,Cottus gobio,PDJ_001_Podyjí,7161d,2023-10-12
CZ0624096,Cottus gobio,PDJ_002_Podyjí,7161d,2023-10-12
CZ0624096,Cottus gobio,PDJ_003_Podyjí,7161d,2023-10-12
CZ0624096,Cottus gobio,PDJ_004_Podyjí,7161c,2023-10-12
CZ0624096,Cottus gobio,PDJ_005_Podyjí,7161a,2023-10-12
CZ0624096,Cottus gobio,PDJ_006_Podyjí,7161a,2019-10-12
CZ0624096,Cottus gobio,PDJ_007_Podyjí,7161a,2023-10-12
CZ0624096,Cottus gobio,PDJ_008_Podyjí,7160b,2023-10-12
CZ0624096,Cottus gobio,Podyjí,7160b,2022-10-05
CZ0624096,Cottus gobio,Podyjí,7161a,2023-10-12
CZ0624096,Cottus gobio,Podyjí,7161d,2022-10-05
CZ0624099,Cottus gobio,CHKO Pálava,7166a,2022-09-20
CZ0624099,Cottus gobio,CHKO Pálava,7166c,2022-09-20
CZ0624099,Misgurnus fossilis,CZ0624099,7166c,2013-10-21
CZ0624099,Misgurnus fossilis,CZ0624099,7166d,2022-04-24
CZ0624099,Misgurnus fossilis,CZ0624099,7267a,2015-08-27
CZ0624099,Misgurnus fossilis,NDY_MF_001_Niva Dyje,7166a,2023-08-24
CZ0624099,Misgurnus fossilis,NDY_MF_002_Niva Dyje,7267a,2023-08-24
CZ0624099,Misgurnus fossilis,NDY_MF_003_Niva Dyje,7267a,2023-08-24
CZ0624099,Misgurnus fossilis,NDY_MF_004_Niva Dyje,7166d,2023-08-24
CZ0624099,Misgurnus fossilis,NDY_MF_005_Niva Dyje,7166d,2023-08-24
CZ0624099,Misgurnus fossilis,NDY_MF_006_Niva Dyje,7166a,2023-08-23
CZ0624099,Misgurnus fossilis,NDY_MF_007_Niva Dyje,7166d,2023-08-23
CZ0624099,Misgurnus fossilis,NDY_MF_008_Niva Dyje,7166d,2023-10-18
CZ0624099,Misgurnus fossilis,Niva Dyje,7166d,2022-11-03
CZ0624099,Misgurnus fossilis,Niva Dyje,7167c,2022-09-23
CZ0624099,Misgurnus fossilis,Niva Dyje,7267a,2022-09-23
CZ0624099,Rhodeus amarus,CZ0624099,7166c,2013-10-21
CZ0624099,Rhodeus amarus,CZ0624099,7166d,2019-10-30
CZ0624099,Rhodeus amarus,CZ0624099,7167c,2019-10-30
CZ0624099,Rhodeus amarus,CZ0624099,7266b,2016-06-01
CZ0624099,Rhodeus amarus,CZ0624099,7267a,2022-07-31
CZ0624099,Rhodeus amarus,NDY_RA_002_Niva Dyje,7166d,2023-10-18
CZ0624099,Rhodeus amarus,NDY_RA_003_Niva Dyje,7167c,2023-08-22
CZ0624099,Rhodeus amarus,NDY_RA_005_Niva Dyje,7167c,2023-08-23
CZ0624099,Rhodeus amarus,NDY_RA_006_Niva Dyje,7267a,2023-08-24
CZ0624099,Rhodeus amarus,Niva Dyje,7166a,2021-09-22
CZ0624099,Rhodeus amarus,Niva Dyje,7166d,2022-10-02
CZ0624099,Rhodeus amarus,Niva Dyje,7167c,2021-09-22
CZ0624099,Rhodeus amarus,Niva Dyje,7267a,2021-09-22
CZ0624099,Romanogobio vladykovi,CZ0624099,7166d,2014-05-15
CZ0624099,Romanogobio vladykovi,CZ0624099,7167c,2015-09-15
CZ0624099,Romanogobio vladykovi,CZ0624099,7267a,2015-08-27
CZ0624103,Rhodeus amarus,CZ0624103,7065a,2019-09-26
CZ0624103,Rhodeus amarus,CZ0624103,7065c,2019-09-26
CZ0624103,Romanogobio vladykovi,CZ0624103,7065a,2019-09-26
CZ0624103,Romanogobio vladykovi,CZ0624103,7065c,2019-09-26
CZ0624103,Romanogobio vladykovi,MUL_001_Mušovský luh,7065c,2023-10-05
CZ0624103,Romanogobio vladykovi,MUL_002_Mušovský luh,7065c,2023-10-05
CZ0624103,Romanogobio vladykovi,MUL_003_Mušovský luh,7065a,2023-10-05
CZ0624103,Romanogobio vladykovi,Mušovský luh,7065c,2020-09-30
CZ0624103,Sabanejewia balcanica,CZ0624103,7065c,2019-09-26
CZ0624119,Cobitis elongatoides,CZ0624119,7267c,2014-06-13
CZ0624119,Cobitis elongatoides,CZ0624119,7367b,2015-06-12
CZ0624119,Cobitis elongatoides,CZ0624119,7367d,2019-10-31
CZ0624119,Gymnocephalus baloni,CZ0624119,7267c,2015-06-12
CZ0624119,Gymnocephalus baloni,CZ0624119,7367a,2018-09-19
CZ0624119,Gymnocephalus baloni,CZ0624119,7367b,2018-09-19
CZ0624119,Gymnocephalus baloni,CZ0624119,7367d,2019-11-08
CZ0624119,Misgurnus fossilis,CZ0624119,7267c,2014-04-04
CZ0624119,Misgurnus fossilis,CZ0624119,7267d,2021-04-23
CZ0624119,Misgurnus fossilis,CZ0624119,7268a,2020-05-23
CZ0624119,Misgurnus fossilis,CZ0624119,7268c,2023-05-02
CZ0624119,Misgurnus fossilis,CZ0624119,7367b,2023-05-10
CZ0624119,Misgurnus fossilis,CZ0624119,7367d,2019-08-22
CZ0624119,Misgurnus fossilis,SOP_MF_001_Soutok-Podluží,7367b,2023-06-05
CZ0624119,Misgurnus fossilis,SOP_MF_002_Soutok-Podluží,7367b,2023-06-05
CZ0624119,Misgurnus fossilis,SOP_MF_003_Soutok-Podluží,7367b,2023-06-05
CZ0624119,Misgurnus fossilis,SOP_MF_004_Soutok-Podluží,7367b,2023-09-08
CZ0624119,Misgurnus fossilis,SOP_MF_005_Soutok-Podluží,7367b,2023-06-05
CZ0624119,Misgurnus fossilis,SOP_RA_004_Soutok-Podluží,7367b,2022-09-19
CZ0624119,Misgurnus fossilis,SOUTOK PODLUŽÍ,7267c,2023-06-05
CZ0624119,Misgurnus fossilis,SOUTOK PODLUŽÍ,7367d,2023-07-03
CZ0624119,Misgurnus fossilis,Soutok - Podluží,7267c,2020-11-26
CZ0624119,Misgurnus fossilis,Soutok - Podluží,7267d,2022-05-16
CZ0624119,Misgurnus fossilis,Soutok - Podluží,7367b,2023-07-28
CZ0624119,Misgurnus fossilis,Soutok - Podluží,7367d,2023-07-03
CZ0624119,Pelecus cultratus,CZ0624119,7367d,2012-08-28
CZ0624119,Rhodeus amarus,CZ0624119,7267a,2013-08-28
CZ0624119,Rhodeus amarus,CZ0624119,7267c,2023-09-12
CZ0624119,Rhodeus amarus,CZ0624119,7267d,2021-04-24
CZ0624119,Rhodeus amarus,CZ0624119,7268a,2021-04-23
CZ0624119,Rhodeus amarus,CZ0624119,7268b,2014-07-28
CZ0624119,Rhodeus amarus,CZ0624119,7268c,2021-05-23
CZ0624119,Rhodeus amarus,CZ0624119,7367a,2019-08-28
CZ0624119,Rhodeus amarus,CZ0624119,7367b,2023-09-12
CZ0624119,Rhodeus amarus,CZ0624119,7367d,2022-03-26
CZ0624119,Rhodeus amarus,SOP_RA_001_Soutok-Pdluží,7367b,2023-06-05
CZ0624119,Rhodeus amarus,SOP_RA_001_Soutok-Podluží,7367b,2023-06-05
CZ0624119,Rhodeus amarus,SOP_RA_002_Soutok-Podluží,7367b,2023-06-05
CZ0624119,Rhodeus amarus,SOP_RA_003_Soutok-Podluží,7367b,2023-06-05
CZ0624119,Rhodeus amarus,SOP_RA_004_Soutok-Podluží,7367b,2023-06-05
CZ0624119,Rhodeus amarus,SOP_RA_005_Soutok-Podluží,7267d,2023-06-05
CZ0624119,Rhodeus amarus,SOP_RV_001_Soutok-Podluží,7267d,2021-05-03
CZ0624119,Rhodeus amarus,SOUTOK PODLUŽÍ,7267d,2023-06-05
CZ0624119,Rhodeus amarus,SOUTOK PODLUŽÍ,7367b,2023-07-03
CZ0624119,Rhodeus amarus,SOUTOK PODLUŽÍ,7367d,2023-07-03
CZ0624119,Rhodeus amarus,Soutok - Podluží,7267a,2020-10-10
CZ0624119,Rhodeus amarus,Soutok - Podluží,7267c,2023-09-07
CZ0624119,Rhodeus amarus,Soutok - Podluží,7267d,2023-06-05
CZ0624119,Rhodeus amarus,Soutok - Podluží,7367b,2023-09-08
CZ0624119,Rhodeus amarus,Soutok - Podluží,7367d,2022-05-05
CZ0624119,Romanogobio vladykovi,CZ0624119,7267c,2019-10-30
CZ0624119,Romanogobio vladykovi,CZ0624119,7267d,2013-10-29
CZ0624119,Romanogobio vladykovi,CZ0624119,7268a,2012-10-05
CZ0624119,Romanogobio vladykovi,CZ0624119,7268c,2019-10-31
CZ0624119,Romanogobio vladykovi,CZ0624119,7367b,2021-08-17
CZ0624119,Romanogobio vladykovi,CZ0624119,7367d,2019-11-08
CZ0624119,Romanogobio vladykovi,SOP_RV_001_Soutok-Podluží,7267d,2023-06-05
CZ0624119,Romanogobio vladykovi,SOP_RV_002_Soutok-Podluží,7367b,2023-06-05
CZ0624119,Romanogobio vladykovi,SOP_RV_003_Soutok-Podluží,7367b,2023-06-05
CZ0624119,Romanogobio vladykovi,Soutok - PodlužÍ,7367b,2021-09-03
CZ0624119,Romanogobio vladykovi,Soutok - Podluží,7267c,2022-04-21
CZ0624119,Romanogobio vladykovi,Soutok - Podluží,7267d,2020-05-12
CZ0624119,Romanogobio vladykovi,Soutok - Podluží,7268a,2020-05-12
CZ0624119,Romanogobio vladykovi,Soutok - Podluží,7268c,2020-05-12
CZ0624119,Romanogobio vladykovi,Soutok - Podluží,7367b,2022-06-16
CZ0624119,Romanogobio vladykovi,Soutok - Podluží,7367d,2022-09-07
CZ0624119,Zingel streber,CZ0624119,7367d,2019-10-31
CZ0624119,Zingel zingel,CZ0624119,7267c,2014-05-14
CZ0624119,Zingel zingel,CZ0624119,7367a,2018-09-19
CZ0624119,Zingel zingel,CZ0624119,7367b,2019-01-03
CZ0624119,Zingel zingel,CZ0624119,7367d,2012-08-28
CZ0624119,Zingel zingel,SOP_ZZ_001_Soutok - Podluží,7267a,2020-11-15
CZ0624130,Cottus gobio,CHKO Moravský kras,6666a,2022-10-27
CZ0624130,Cottus gobio,CHKO Moravský kras,6666b,2022-10-27
CZ0624130,Cottus gobio,CHKO Moravský kras,6666c,2022-10-27
CZ0624130,Cottus gobio,CHKO Moravský kras,6766a,2022-10-27
CZ0624130,Cottus gobio,CHKO Moravský kras,6766c,2022-09-15
CZ0624130,Cottus gobio,CZ0624130,6665d,2025-03-08
CZ0624130,Cottus gobio,CZ0624130,6666a,2021-11-17
CZ0624130,Cottus gobio,CZ0624130,6666c,2025-03-08
CZ0624130,Cottus gobio,CZ0624130,6766c,2022-10-08
CZ0624130,Cottus gobio,CZ0624130,6766d,2021-09-15
CZ0624130,Cottus gobio,MOK_001_Moravský kras,6666a,2023-10-27
CZ0624130,Cottus gobio,MOK_002_Moravský kras,6666a,2023-10-27
CZ0624130,Cottus gobio,MOK_003_Moravský kras,6666a,2023-10-27
CZ0624130,Cottus gobio,MOK_004_Moravský kras,6766c,2023-10-27
CZ0624130,Cottus gobio,MOK_005_Moravský kras,6766c,2023-10-27
CZ0624130,Cottus gobio,MOK_006_Moravský kras,6766c,2023-10-27
CZ0624130,Cottus gobio,MOK_007_Moravský kras,6665d,2023-09-30
CZ0624130,Cottus gobio,MOK_008_Moravský kras,6666c,2023-09-30
CZ0624130,Cottus gobio,MOK_009_Moravský kras,6666c,2023-09-30
CZ0624130,Cottus gobio,Moravský kras,6666a,2021-11-17
CZ0624130,Cottus gobio,Moravský kras,6666c,2021-11-15
CZ0624130,Cottus gobio,Moravský kras,6766c,2021-11-15
CZ0624130,Cottus gobio,Moravský kras,6766d,2022-10-01
CZ0624238,Rhodeus amarus,CZ0624238,6964b,2016-07-19
CZ0624238,Rhodeus amarus,CZ0624238,6964d,2016-07-19
CZ0624238,Rhodeus amarus,CZ0624238,6965c,2019-10-21
CZ0624238,Romanogobio vladykovi,CZ0624238,6964b,2015-08-24
CZ0624238,Romanogobio vladykovi,CZ0624238,6964d,2015-08-24
CZ0624238,Romanogobio vladykovi,CZ0624238,6965c,2019-10-21
CZ0624238,Romanogobio vladykovi,MJI_001_Meandry Jihlavy,6965c,2023-10-05
CZ0624238,Romanogobio vladykovi,MJI_002_Meandry Jihlavy,6965c,2023-10-05
CZ0624238,Romanogobio vladykovi,MJI_003_Meandry Jihlavy,6964b,2023-10-05
CZ0624238,Romanogobio vladykovi,Meandry Jihlavy,6965c,2020-09-29
CZ0624238,Sabanejewia balcanica,CZ0624238,6965c,2019-10-21
CZ0712186,Misgurnus fossilis,CZ0712186,6569a,2020-09-20
CZ0713004,Cottus gobio,CZ0713004,5968c,2017-09-29
CZ0713004,Eudontomyzon mariae,CZ0713004,5968c,2019-08-14
CZ0713004,Eudontomyzon mariae,RAC_003_Račinka,5968c,2020-09-09
CZ0713004,Eudontomyzon mariae,RAC_004_Račinka,5968c,2023-10-01
CZ0713004,Eudontomyzon mariae,RAC_006_Račinka,5968c,2023-10-01
CZ0713004,Lampetra planeri,CZ0713004,5968c,2013-09-23
CZ0713374,Cottus gobio,CZ0713374,6067c,2021-09-07
CZ0713374,Cottus gobio,CZ0713374,6067d,2021-09-07
CZ0713374,Cottus gobio,Horní Morava,6067d,2019-11-05
CZ0713374,Lampetra planeri,CZ0713374,6067c,2021-09-07
CZ0713374,Lampetra planeri,CZ0713374,6067d,2021-09-07
CZ0713374,Lampetra planeri,HMO_002_Horní Morava,6067d,2023-10-23
CZ0713374,Lampetra planeri,HMO_003_Horní Morava,6067c,2023-10-23
CZ0713398,Lampetra planeri,CZ0713398,5770a,2020-09-07
CZ0714073,Cottus gobio,CHKO Litovelské Pomoraví,6267b,2023-10-05
CZ0714073,Cottus gobio,CHKO Litovelské Pomoraví,6267d,2023-10-05
CZ0714073,Cottus gobio,CHKO Litovelské Pomoraví,6268c,2023-10-04
CZ0714073,Cottus gobio,CHKO Litovelské Pomoraví,6368b,2023-10-05
CZ0714073,Cottus gobio,CHKO Litovelské Pomoraví,6369a,2023-10-04
CZ0714073,Cottus gobio,CHKO Litovelské Pomoraví,6369c,2023-10-02
CZ0714073,Cottus gobio,CZ0714073,6167a,2018-07-01
CZ0714073,Cottus gobio,CZ0714073,6167b,2018-07-11
CZ0714073,Cottus gobio,CZ0714073,6167d,2013-09-23
CZ0714073,Cottus gobio,CZ0714073,6267b,2013-09-23
CZ0714073,Cottus gobio,CZ0714073,6267d,2015-09-01
CZ0714073,Cottus gobio,CZ0714073,6268c,2018-09-23
CZ0714073,Lampetra planeri,CZ0714073,6167b,2013-09-23
CZ0714073,Lampetra planeri,CZ0714073,6167d,2013-09-23
CZ0714073,Lampetra planeri,CZ0714073,6267b,2013-09-23
CZ0714073,Lampetra planeri,CZ0714073,6267d,2015-09-01
CZ0714073,Lampetra planeri,CZ0714073,6268c,2015-09-01
CZ0714073,Misgurnus fossilis,CZ0714073,6267b,2020-09-16
CZ0714073,Misgurnus fossilis,CZ0714073,6267d,2022-09-01
CZ0714073,Misgurnus fossilis,CZ0714073,6369a,2020-05-01
CZ0714073,Misgurnus fossilis,CZ0714073,6369c,2020-05-10
CZ0714073,Rhodeus amarus,Bedkovský potok,6268d,2013-10-29
CZ0714073,Rhodeus amarus,CZ0714073,6268c,2018-09-23
CZ0714073,Rhodeus amarus,CZ0714073,6368a,2022-10-19
CZ0714073,Rhodeus amarus,CZ0714073,6368b,2018-09-23
CZ0714073,Rhodeus amarus,CZ0714073,6369a,2018-09-23
CZ0714073,Rhodeus amarus,CZ0714073,6369c,2023-11-04
CZ0714073,Rhodeus amarus,Morava,6369a,2013-10-30
CZ0714081,Lampetra planeri,CZ0714081,5769d,2021-06-11
CZ0714082,Rhodeus amarus,CZ0714082,6471c,2015-09-14
CZ0714082,Rhodeus amarus,CZ0714082,6471d,2020-11-14
CZ0714082,Rhodeus amarus,CZ0714082,6570b,2022-09-01
CZ0714085,Misgurnus fossilis,CZ0714085,6469d,2020-05-06
CZ0714085,Misgurnus fossilis,CZ0714085,6569d,2013-10-30
CZ0714085,Misgurnus fossilis,CZ0714085,6670a,2016-05-29
CZ0714085,Misgurnus fossilis,Lobodice,6669b,2013-10-14
CZ0714085,Rhodeus amarus,CZ0714085,6469d,2021-08-18
CZ0714085,Rhodeus amarus,CZ0714085,6569b,2021-06-08
CZ0714085,Rhodeus amarus,CZ0714085,6569d,2022-09-01
CZ0714085,Rhodeus amarus,CZ0714085,6669b,2022-09-01
CZ0714085,Rhodeus amarus,CZ0714085,6670a,2016-05-29
CZ0714085,Romanogobio vladykovi,CZ0714085,6469d,2021-08-18
CZ0714085,Romanogobio vladykovi,CZ0714085,6569b,2019-09-30
CZ0714085,Romanogobio vladykovi,CZ0714085,6569d,2022-09-01
CZ0714085,Romanogobio vladykovi,CZ0714085,6669b,2022-09-01
CZ0714133,Cottus gobio,CZ0714133,6271d,2016-09-23
CZ0714133,Cottus gobio,CZ0714133,6272c,2016-09-23
CZ0714133,Cottus gobio,CZ0714133,6370b,2016-09-23
CZ0714133,Cottus gobio,CZ0714133,6371a,2016-09-23
CZ0714133,Cottus gobio,CZ0714133,6371c,2016-09-23
CZ0714133,Cottus gobio,CZ0714133,6470b,2016-09-23
CZ0714133,Cottus gobio,CZ0714133,6471b,2016-09-23
CZ0714133,Cottus gobio,LIB_001_Libavá,6272c,2023-10-21
CZ0714133,Cottus gobio,LIB_002_Libavá,6271d,2023-10-21
CZ0714133,Cottus gobio,LIB_003_Libavá,6271d,2023-10-21
CZ0714133,Cottus gobio,LIB_004_Libavá,6271d,2023-10-21
CZ0714133,Cottus gobio,LIB_005_Libavá,6371a,2023-10-21
CZ0714133,Cottus gobio,LIB_006_Libavá,6371a,2023-10-21
CZ0714133,Lampetra planeri,CZ0714133,6271c,2012-05-30
CZ0714133,Lampetra planeri,CZ0714133,6271d,2016-09-23
CZ0714133,Lampetra planeri,CZ0714133,6272c,2016-09-23
CZ0714133,Lampetra planeri,CZ0714133,6371a,2016-09-23
CZ0714133,Lampetra planeri,CZ0714133,6371c,2016-09-23
CZ0723007,Rhodeus amarus,CER_001_Čerťák,6970b,2022-09-24
CZ0723007,Rhodeus amarus,CER_002_Čerťák,6970b,2022-09-24
CZ0723007,Rhodeus amarus,CER_003_Čerťák,6970b,2021-09-21
CZ0723012,Rhodeus amarus,INS_001_Insel,6970c,2022-10-14
CZ0723012,Rhodeus amarus,INS_001_Onsel,6970c,2023-08-22
CZ0723423,Misgurnus fossilis,CZ0723423,6770b,2020-05-16
CZ0723426,Misgurnus fossilis,CZ0723426,6770d,2019-04-20
CZ0723426,Rhodeus amarus,CZ0723426,6770d,2019-04-20
CZ0723434,Cottus gobio,CZ0723434,6974a,2019-09-16
CZ0723434,Cottus gobio,CZ0723434,6974c,2017-09-29
CZ0723434,Rhodeus amarus,CZ0723434,6974c,2017-09-29
CZ0723434,Sabanejewia balcanica,CZ0723434,6974c,2017-09-29
CZ0723434,Sabanejewia balcanica,VLR_002_Vlára,6974c,2021-09-27
CZ0723434,Sabanejewia balcanica,VLR_003_Vlára,6974c,2023-08-25
CZ0724089,Cottus gobio,CZ0724089,6377c,2014-10-31
CZ0724089,Cottus gobio,CZ0724089,6574b,2024-07-22
CZ0724089,Cottus gobio,CZ0724089,6575a,2023-04-01
CZ0724089,Cottus gobio,CZ0724089,6575c,2022-04-10
CZ0724089,Cottus gobio,CZ0724089,6575d,2021-07-31
CZ0724089,Cottus gobio,CZ0724089,6874a,2015-08-26
CZ0724089,Cottus gobio,Senice,6874a,2021-10-18
CZ0724090,Cottus gobio,CZ0724090,7073a,2015-07-18
CZ0724107,Rhodeus amarus,CZ0724107,6970b,2015-09-09
CZ0724107,Rhodeus amarus,CZ0724107,6970d,2015-09-09
CZ0724107,Rhodeus amarus,NEL_001_Nedakonický les,6970c,2023-08-22
CZ0724107,Rhodeus amarus,NEL_003_Nedakonický les,6970c,2023-08-22
CZ0724107,Rhodeus amarus,NEL_004_Nedakonický les,6970d,2023-08-22
CZ0724107,Rhodeus amarus,NEL_005_Nedakonický les,6970b,2023-08-22
CZ0724107,Rhodeus amarus,Nedakonický les,6970c,2023-08-22
CZ0724107,Rhodeus amarus,Olšava,6970d,2013-10-04
CZ0724120,Rhodeus amarus,CZ0724120,6870d,2023-04-30
CZ0724120,Rhodeus amarus,CZ0724120,6970b,2021-06-07
CZ0724120,Rhodeus amarus,KNL_001_Kněžpolský les,6870d,2022-09-18
CZ0724120,Rhodeus amarus,KNL_002_Kněžpolský les,6870d,2022-09-18
CZ0724120,Rhodeus amarus,KNL_003_Kněžpolský les,6870d,2021-09-23
CZ0724120,Rhodeus amarus,KNL_004_Kněžpolský les,6870d,2022-09-18
CZ0724120,Rhodeus amarus,KNL_005_Kněžpolský les,6870d,2022-09-18
CZ0724120,Rhodeus amarus,KNL_006_Kněžpolský les,6970b,2021-09-23
CZ0724120,Rhodeus amarus,KNL_007_Kněžpolský les,6870d,2021-09-24
CZ0724120,Rhodeus amarus,Kněžpolský les,6870d,2022-09-18
CZ0810004,Cottus gobio,CZ0810004,6376d,2017-09-27
CZ0810004,Lampetra planeri,CZ0810004,6376a,2015-07-27
CZ0810004,Lampetra planeri,CZ0810004,6376b,2015-07-27
CZ0810004,Lampetra planeri,CZ0810004,6376d,2017-10-02
CZ0810424,Misgurnus fossilis,CZ0810424,6176a,2020-05-11
CZ0813439,Misgurnus fossilis,CZ0813439,6175a,2021-10-15
CZ0813439,Misgurnus fossilis,DEH_001_Děhylovský potok - Štěpán,6175a,2019-09-18
CZ0813439,Misgurnus fossilis,DEH_002_Děhylovský potok - Štepan,6175a,2019-09-18
CZ0813439,Misgurnus fossilis,DEH_003_Děhylovský potok - Štěpán,6175a,2019-09-18
CZ0813439,Misgurnus fossilis,Děhylovský potok - Štepán,6175a,2019-09-18
CZ0813439,Rhodeus amarus,CZ0813439,6175a,2020-10-30
CZ0813442,Misgurnus fossilis,CZ0813442,6177a,2020-06-03
CZ0813444,Misgurnus fossilis,CZ0813444,6175b,2019-07-30
CZ0813444,Misgurnus fossilis,CZ0813444,6176a,2020-06-03
CZ0813456,Cottus gobio,CZ0813456,6070c,2015-07-21
CZ0813456,Cottus gobio,MRC_001_Moravice,6070d,2023-10-24
CZ0813456,Cottus gobio,MRC_002_Moravice,6070c,2023-10-24
CZ0813456,Cottus gobio,MRC_003_Moravice,6070c,2023-10-24
CZ0813456,Cottus gobio,MRC_004_Moravice,6069b,2023-10-24
CZ0813456,Cottus gobio,Moravice,6070c,2022-09-09
CZ0813456,Lampetra planeri,CZ0813456,6069b,2015-07-21
CZ0813456,Lampetra planeri,CZ0813456,6070a,2015-07-21
CZ0813456,Lampetra planeri,CZ0813456,6070c,2015-07-21
CZ0813456,Lampetra planeri,MRC_005_Moravice,6070c,2023-10-24
CZ0813456,Lampetra planeri,MRC_006_Moravice,6070c,2023-10-24
CZ0813456,Lampetra planeri,MRC_007_Moravice,6070a,2023-10-24
CZ0813456,Lampetra planeri,MRC_008_Moravice,6069b,2023-10-24
CZ0813456,Lampetra planeri,Moravice,6069b,2018-10-19
CZ0813456,Lampetra planeri,Moravice,6070c,2020-09-22
CZ0813457,Misgurnus fossilis,CZ0813457,6076c,2020-05-11
CZ0813457,Misgurnus fossilis,CZ0813457,6076d,2020-06-03
CZ0813462,Cottus gobio,ROS_001_Řeka Ostravice,6275d,2023-08-18
CZ0813462,Cottus gobio,ROS_002_Řeka Ostravice,6376a,2023-08-18
CZ0813462,Cottus gobio,ROS_003_Řeka Ostravice,6376c,2023-08-18
CZ0813462,Cottus gobio,ROS_004_Řeka Ostravice,6476a,2023-08-18
CZ0813462,Cottus gobio,ROS_005_Řeka Ostravice,6476a,2023-08-18
CZ0813462,Cottus gobio,ROS_005_Řeka Ostravice,6476c,2022-09-30
CZ0813462,Cottus gobio,Řeka Ostravice,6376a,2022-09-30
CZ0813462,Lampetra planeri,CZ0813462,6476a,2019-02-17
CZ0813474,Cottus gobio,CZ0813474,6173a,2018-10-16
CZ0813474,Cottus gobio,CZ0813474,6173c,2015-07-29
CZ0813474,Cottus gobio,UMO_001_Údolí Moravice,6173a,2023-10-24
CZ0813474,Cottus gobio,UMO_002_Údolí Moravice,6173c,2023-10-24
CZ0813474,Cottus gobio,UMO_003_Údolí Moravice,6173c,2023-10-24
CZ0813516,Cottus gobio,CZ0813516,6378c,2018-10-06
CZ0813516,Lampetra planeri,CZ0813516,6478a,2020-03-01
CZ0813516,Lampetra planeri,OLS_001_Olše,6378a,2023-08-18
CZ0813516,Lampetra planeri,OLS_002_Olše,6378c,2023-08-18
CZ0813516,Lampetra planeri,OLS_003_Olše,6378c,2023-08-18
CZ0813516,Lampetra planeri,OLS_004_Olše,6378c,2023-08-18
CZ0813516,Lampetra planeri,OLS_005_Olše,6478b,2023-08-19
CZ0813516,Lampetra planeri,OLS_006_Olše,6478b,2023-08-19
CZ0813810,Cottus gobio,CZ0813810,6272c,2015-08-09
CZ0813810,Cottus gobio,CZ0813810,6272d,2015-08-09
CZ0813810,Cottus gobio,HOD_002_Horní Odra,6272c,2023-10-21
CZ0813810,Cottus gobio,HOD_003_Horní Odra,6272c,2023-10-21
CZ0813810,Lampetra planeri,Odra,6272c,2018-10-12
CZ0814092,Cottus gobio,CHKO Poodří,6175c,2022-10-18
CZ0814092,Cottus gobio,CHKO Poodří,6274c,2022-10-19
CZ0814092,Cottus gobio,CHKO Poodří,6274d,2022-10-19
CZ0814092,Cottus gobio,CHKO Poodří,6275a,2022-10-19
CZ0814092,Cottus gobio,CHKO Poodří,6275c,2022-10-19
CZ0814092,Cottus gobio,CHKO Poodří,6373b,2022-08-17
CZ0814092,Cottus gobio,CHKO Poodří,6373c,2022-08-15
CZ0814092,Cottus gobio,CHKO Poodří,6373d,2022-08-17
CZ0814092,Cottus gobio,CHKO Poodří,6374a,2022-08-19
CZ0814092,Cottus gobio,CZ0814092,6274c,2015-09-01
CZ0814092,Cottus gobio,CZ0814092,6274d,2015-09-01
CZ0814092,Cottus gobio,CZ0814092,6275c,2015-09-01
CZ0814092,Cottus gobio,CZ0814092,6373b,2015-09-01
CZ0814092,Cottus gobio,CZ0814092,6373c,2015-09-01
CZ0814092,Cottus gobio,CZ0814092,6373d,2015-09-01
CZ0814092,Cottus gobio,CZ0814092,6374a,2015-09-01
CZ0814092,Lampetra planeri,CZ0814092,6274c,2015-09-01
CZ0814092,Lampetra planeri,CZ0814092,6274d,2015-09-01
CZ0814092,Lampetra planeri,CZ0814092,6275c,2015-09-01
CZ0814092,Lampetra planeri,CZ0814092,6373b,2015-09-01
CZ0814092,Lampetra planeri,CZ0814092,6373c,2015-09-01
CZ0814092,Lampetra planeri,CZ0814092,6373d,2015-09-01
CZ0814092,Lampetra planeri,CZ0814092,6374a,2015-09-01
CZ0814092,Misgurnus fossilis,CHKO Poodří,6274d,2023-06-19
CZ0814092,Misgurnus fossilis,CZ0814092,6175c,2014-06-11
CZ0814092,Misgurnus fossilis,CZ0814092,6274c,2014-07-25
CZ0814092,Misgurnus fossilis,CZ0814092,6274d,2019-07-30
CZ0814092,Misgurnus fossilis,CZ0814092,6275a,2014-11-19
CZ0814092,Misgurnus fossilis,CZ0814092,6275c,2014-06-27
CZ0814092,Misgurnus fossilis,CZ0814092,6373b,2024-04-03
CZ0814092,Misgurnus fossilis,CZ0814092,6373d,2024-05-04
CZ0814092,Misgurnus fossilis,CZ0814092,6374a,2023-06-19
CZ0814092,Misgurnus fossilis,POD_MF_001_Poodří,6373d,2023-07-20
CZ0814092,Misgurnus fossilis,POD_MF_002_Poodří,6374a,2021-08-05
CZ0814092,Misgurnus fossilis,POD_MF_003_Poodří,6374a,2023-06-19
CZ0814092,Misgurnus fossilis,POD_MF_004_Poodří,6374a,2023-06-19
CZ0814092,Misgurnus fossilis,POD_MF_005_Poodří,6274c,2021-08-05
CZ0814092,Misgurnus fossilis,POD_MF_006_Poodří,6274d,2023-06-19
CZ0814092,Misgurnus fossilis,POD_MF_007_Poodří,6274d,2023-06-20
CZ0814092,Misgurnus fossilis,POD_MF_008_Poodří,6274d,2023-07-20
CZ0814092,Misgurnus fossilis,POD_MF_009_Poodří,6274d,2021-08-04
CZ0814092,Misgurnus fossilis,POD_MF_011_Poodří,6275a,2021-08-03
CZ0814092,Misgurnus fossilis,Poodří,6274c,2023-06-19
CZ0814092,Misgurnus fossilis,Poodří,6275a,2023-06-19
CZ0814092,Misgurnus fossilis,Poodří,6373b,2019-10-07
CZ0814092,Misgurnus fossilis,Poodří,6373d,2019-10-07
CZ0814092,Misgurnus fossilis,Poodří,6374a,2023-06-19
CZ0814092,Misgurnus fossilis,Proskovice,6275c,2013-10-08
CZ0814092,Rhodeus amarus,Bartošovice,6374a,2013-10-12
CZ0814092,Rhodeus amarus,CZ0814092,6274d,2022-05-24
CZ0814092,Rhodeus amarus,CZ0814092,6275a,2015-08-01
CZ0814092,Rhodeus amarus,CZ0814092,6275c,2014-06-19
CZ0814092,Rhodeus amarus,CZ0814092,6373b,2024-03-08
CZ0814092,Rhodeus amarus,CZ0814092,6373c,2015-09-01
CZ0814092,Rhodeus amarus,CZ0814092,6373d,2015-09-01
CZ0814092,Rhodeus amarus,CZ0814092,6374a,2023-05-23
CZ0814092,Rhodeus amarus,POD_RA_001_Poodří,6373d,2023-11-02
CZ0814092,Rhodeus amarus,POD_RA_002_Poodří,6373d,2023-11-02
CZ0814092,Rhodeus amarus,POD_RA_003_Poodří,6373b,2023-11-02
CZ0814092,Rhodeus amarus,POD_RA_004_Poodří,6374a,2023-11-02
CZ0814092,Rhodeus amarus,POD_RA_005_Poodří,6374a,2023-11-02
CZ0814092,Rhodeus amarus,POD_RA_006_Poodří,6274d,2023-11-02
CZ0814092,Rhodeus amarus,POD_RA_007_Poodří,6274d,2023-11-02
CZ0814092,Rhodeus amarus,POD_RA_008_Poodří,6275c,2023-11-02
CZ0814092,Rhodeus amarus,POD_RA_009_Poodří,6275a,2023-11-02
CZ0814092,Rhodeus amarus,POD_RA_010_Poodří,6275a,2023-11-02
CZ0814092,Rhodeus amarus,POD_RA_011_Poodří,6175c,2023-11-02
CZ0814092,Rhodeus amarus,Poodří,6274d,2022-10-19
CZ0814093,Misgurnus fossilis,CZ0814093,6076c,2020-06-03
CZ0814093,Rhodeus amarus,CZ0814093,6075d,2012-09-10
CZ0814093,Rhodeus amarus,HMO_001_Hraniční meandry Odry,6076c,2023-07-18
CZ0814093,Rhodeus amarus,HMO_002_Hraniční meandry Odry,6076c,2023-08-22
CZ0814093,Rhodeus amarus,HMO_003_Hraniční meandry Odry,6075d,2023-07-18
CZ0814093,Rhodeus amarus,Odra,6075d,2013-10-09
CZ0814093,Rhodeus amarus,Odra,6076c,2013-10-09
