typ_predmetu_hodnoceni;kod_chu;nazev_chu;druh;feature_code;hodnocene_obdobi_od;hodnocene_obdobi_do;oop;parametr_nazev;parametr_hodnota;parametr_limit;parametr_jednotka;stav;trend;datum_hodnoceni;pracoviste;ind_nadr;metodika
Druh;CZ0524044;Krkonoše;Campanula bohemica;NA;1990-01-01;2024-08-08;AOPK ČR - RP Liberecko, Správa KRNAP, Krajský úřad Libereckého kraje;LOK_PROCDOBR;2.663;50;% lokalit v dobrém stavu;špatný;neznámý;2026-01-18;RP Liberecko;NA;15087
Druh;CZ0524044;Krkonoše;Campanula bohemica;NA;1990-01-01;2024-08-08;AOPK ČR - RP Liberecko, Správa KRNAP, Krajský úřad Libereckého kraje;POP_PROCDOB;40.945;50;% populace v dobrém stavu;špatný;neznámý;2026-01-18;RP Liberecko;NA;15087
Druh;CZ0524044;Krkonoše;Campanula bohemica;NA;1990-01-01;2024-08-08;AOPK ČR - RP Liberecko, Správa KRNAP, Krajský úřad Libereckého kraje;10;špatný;NA;NA;špatný;neznámý;2026-01-18;RP Liberecko;NA;15087
Druh;CZ0712186;Hrdibořické rybníky;Angelica palustris;NA;2000-08-14;2024-04-24;AOPK ČR - RP Olomoucko;LOK_PROCDOBR;0;50;% lokalit v dobrém stavu;špatný;neznámý;2026-01-18;RP Olomoucko;NA;15087
Druh;CZ0712186;Hrdibořické rybníky;Angelica palustris;NA;2000-08-14;2024-04-24;AOPK ČR - RP Olomoucko;POP_PROCDOB;0;50;% populace v dobrém stavu;špatný;neznámý;2026-01-18;RP Olomoucko;NA;15087
Druh;CZ0712186;Hrdibořické rybníky;Angelica palustris;NA;2000-08-14;2024-04-24;AOPK ČR - RP Olomoucko;10;špatný;NA;NA;špatný;neznámý;2026-01-18;RP Olomoucko;NA;15087
Druh;CZ0322055;Drahotínský les;Asplenium adulterinum;NA;2001-01-01;2024-07-03;Krajský úřad Plzeňského kraje;LOK_PROCDOBR;0;50;% lokalit v dobrém stavu;špatný;neznámý;2026-01-18;RP SCHKO Český les;NA;15087
Druh;CZ0322055;Drahotínský les;Asplenium adulterinum;NA;2001-01-01;2024-07-03;Krajský úřad Plzeňského kraje;POP_PROCDOB;0;50;% populace v dobrém stavu;špatný;neznámý;2026-01-18;RP SCHKO Český les;NA;15087
Druh;CZ0322055;Drahotínský les;Asplenium adulterinum;NA;2001-01-01;2024-07-03;Krajský úřad Plzeňského kraje;10;špatný;NA;NA;špatný;neznámý;2026-01-18;RP SCHKO Český les;NA;15087
Druh;CZ0412065;Medvědí rozhledy;Asplenium adulterinum;NA;2000-01-01;2018-10-25;AOPK ČR - RP SCHKO Slavkovský les;LOK_PROCDOBR;0;50;% lokalit v dobrém stavu;špatný;neznámý;2026-01-18;RP SCHKO Slavkovský les;NA;15087
Druh;CZ0412065;Medvědí rozhledy;Asplenium adulterinum;NA;2000-01-01;2018-10-25;AOPK ČR - RP SCHKO Slavkovský les;POP_PROCDOB;0;50;% populace v dobrém stavu;špatný;neznámý;2026-01-18;RP SCHKO Slavkovský les;NA;15087
Druh;CZ0412065;Medvědí rozhledy;Asplenium adulterinum;NA;2000-01-01;2018-10-25;AOPK ČR - RP SCHKO Slavkovský les;10;špatný;NA;NA;špatný;neznámý;2026-01-18;RP SCHKO Slavkovský les;NA;15087
Druh;CZ0412069;Pramenské pastviny;Asplenium adulterinum;NA;2000-01-01;2018-11-14;AOPK ČR - RP SCHKO Slavkovský les;LOK_PROCDOBR;0;50;% lokalit v dobrém stavu;špatný;neznámý;2026-01-18;RP SCHKO Slavkovský les;NA;15087
Druh;CZ0412069;Pramenské pastviny;Asplenium adulterinum;NA;2000-01-01;2018-11-14;AOPK ČR - RP SCHKO Slavkovský les;POP_PROCDOB;0;50;% populace v dobrém stavu;špatný;neznámý;2026-01-18;RP SCHKO Slavkovský les;NA;15087
Druh;CZ0412069;Pramenské pastviny;Asplenium adulterinum;NA;2000-01-01;2018-11-14;AOPK ČR - RP SCHKO Slavkovský les;10;špatný;NA;NA;špatný;neznámý;2026-01-18;RP SCHKO Slavkovský les;NA;15087
Druh;CZ0412070;Raušenbašská lada;Asplenium adulterinum;NA;2000-01-01;2022-12-01;AOPK ČR - RP SCHKO Slavkovský les;LOK_PROCDOBR;0;50;% lokalit v dobrém stavu;špatný;neznámý;2026-01-18;RP SCHKO Slavkovský les;NA;15087
Druh;CZ0412070;Raušenbašská lada;Asplenium adulterinum;NA;2000-01-01;2022-12-01;AOPK ČR - RP SCHKO Slavkovský les;POP_PROCDOB;0;50;% populace v dobrém stavu;špatný;neznámý;2026-01-18;RP SCHKO Slavkovský les;NA;15087
Druh;CZ0412070;Raušenbašská lada;Asplenium adulterinum;NA;2000-01-01;2022-12-01;AOPK ČR - RP SCHKO Slavkovský les;10;špatný;NA;NA;špatný;neznámý;2026-01-18;RP SCHKO Slavkovský les;NA;15087
Druh;CZ0412071;Skalka pod Tisovým vrchem;Asplenium adulterinum;NA;2001-05-27;2018-06-14;AOPK ČR - RP SCHKO Slavkovský les;LOK_PROCDOBR;0;50;% lokalit v dobrém stavu;špatný;neznámý;2026-01-18;RP SCHKO Slavkovský les;NA;15087
Druh;CZ0412071;Skalka pod Tisovým vrchem;Asplenium adulterinum;NA;2001-05-27;2018-06-14;AOPK ČR - RP SCHKO Slavkovský les;POP_PROCDOB;0;50;% populace v dobrém stavu;špatný;neznámý;2026-01-18;RP SCHKO Slavkovský les;NA;15087
Druh;CZ0412071;Skalka pod Tisovým vrchem;Asplenium adulterinum;NA;2001-05-27;2018-06-14;AOPK ČR - RP SCHKO Slavkovský les;10;špatný;NA;NA;špatný;neznámý;2026-01-18;RP SCHKO Slavkovský les;NA;15087
Druh;CZ0414026;Úpolínová louka - Křížky;Asplenium adulterinum;NA;2000-01-01;2024-05-25;AOPK ČR - RP SCHKO Slavkovský les;LOK_PROCDOBR;0;50;% lokalit v dobrém stavu;špatný;neznámý;2026-01-18;RP SCHKO Slavkovský les;NA;15087
Druh;CZ0414026;Úpolínová louka - Křížky;Asplenium adulterinum;NA;2000-01-01;2024-05-25;AOPK ČR - RP SCHKO Slavkovský les;POP_PROCDOB;0;50;% populace v dobrém stavu;špatný;neznámý;2026-01-18;RP SCHKO Slavkovský les;NA;15087
Druh;CZ0414026;Úpolínová louka - Křížky;Asplenium adulterinum;NA;2000-01-01;2024-05-25;AOPK ČR - RP SCHKO Slavkovský les;10;špatný;NA;NA;špatný;neznámý;2026-01-18;RP SCHKO Slavkovský les;NA;15087
Druh;CZ0622142;Rojetínský hadec;Asplenium adulterinum;NA;2002-07-01;2024-06-12;Krajský úřad Jihomoravského kraje;LOK_PROCDOBR;0;50;% lokalit v dobrém stavu;špatný;neznámý;2026-01-18;RP Jižní Morava;NA;15087
Druh;CZ0622142;Rojetínský hadec;Asplenium adulterinum;NA;2002-07-01;2024-06-12;Krajský úřad Jihomoravského kraje;POP_PROCDOB;0;50;% populace v dobrém stavu;špatný;neznámý;2026-01-18;RP Jižní Morava;NA;15087
Druh;CZ0622142;Rojetínský hadec;Asplenium adulterinum;NA;2002-07-01;2024-06-12;Krajský úřad Jihomoravského kraje;10;špatný;NA;NA;špatný;neznámý;2026-01-18;RP Jižní Morava;NA;15087
Druh;CZ0712187;Chrastický hadec;Asplenium adulterinum;NA;2000-01-01;2022-04-10;Krajský úřad Olomouckého kraje;LOK_PROCDOBR;0;50;% lokalit v dobrém stavu;špatný;neznámý;2026-01-18;RP Olomoucko;NA;15087
Druh;CZ0712187;Chrastický hadec;Asplenium adulterinum;NA;2000-01-01;2022-04-10;Krajský úřad Olomouckého kraje;POP_PROCDOB;0;50;% populace v dobrém stavu;špatný;neznámý;2026-01-18;RP Olomoucko;NA;15087
Druh;CZ0712187;Chrastický hadec;Asplenium adulterinum;NA;2000-01-01;2022-04-10;Krajský úřad Olomouckého kraje;10;špatný;NA;NA;špatný;neznámý;2026-01-18;RP Olomoucko;NA;15087
Druh;CZ0712197;Žďár;Asplenium adulterinum;NA;2006-01-01;2024-10-16;Krajský úřad Olomouckého kraje;LOK_PROCDOBR;0;50;% lokalit v dobrém stavu;špatný;neznámý;2026-01-18;RP Olomoucko;NA;15087
Druh;CZ0712197;Žďár;Asplenium adulterinum;NA;2006-01-01;2024-10-16;Krajský úřad Olomouckého kraje;POP_PROCDOB;0;50;% populace v dobrém stavu;špatný;neznámý;2026-01-18;RP Olomoucko;NA;15087
Druh;CZ0712197;Žďár;Asplenium adulterinum;NA;2006-01-01;2024-10-16;Krajský úřad Olomouckého kraje;10;špatný;NA;NA;špatný;neznámý;2026-01-18;RP Olomoucko;NA;15087
Druh;CZ0714084;Hadce a bučiny u Raškova;Asplenium adulterinum;NA;2000-01-01;2024-10-14;Krajský úřad Olomouckého kraje;LOK_PROCDOBR;0;50;% lokalit v dobrém stavu;špatný;neznámý;2026-01-18;RP Olomoucko;NA;15087
Druh;CZ0714084;Hadce a bučiny u Raškova;Asplenium adulterinum;NA;2000-01-01;2024-10-14;Krajský úřad Olomouckého kraje;POP_PROCDOB;0;50;% populace v dobrém stavu;špatný;neznámý;2026-01-18;RP Olomoucko;NA;15087
Druh;CZ0714084;Hadce a bučiny u Raškova;Asplenium adulterinum;NA;2000-01-01;2024-10-14;Krajský úřad Olomouckého kraje;10;špatný;NA;NA;špatný;neznámý;2026-01-18;RP Olomoucko;NA;15087
Druh;CZ0212004;Malíkovická stráň;Cypripedium calceolus;NA;2006-05-29;2024-06-07;Krajský úřad Středočeského kraje;LOK_PROCDOBR;0;50;% lokalit v dobrém stavu;špatný;neznámý;2026-01-18;RP Střední Čechy;NA;15087
Druh;CZ0212004;Malíkovická stráň;Cypripedium calceolus;NA;2006-05-29;2024-06-07;Krajský úřad Středočeského kraje;POP_PROCDOB;0;50;% populace v dobrém stavu;špatný;neznámý;2026-01-18;RP Střední Čechy;NA;15087
Druh;CZ0212004;Malíkovická stráň;Cypripedium calceolus;NA;2006-05-29;2024-06-07;Krajský úřad Středočeského kraje;10;špatný;NA;NA;špatný;neznámý;2026-01-18;RP Střední Čechy;NA;15087
Druh;CZ0212019;Smradovna;Cypripedium calceolus;NA;2001-06-01;2024-05-19;AOPK ČR - RP Střední Čechy, Krajský úřad Středočeského kraje;LOK_PROCDOBR;0;50;% lokalit v dobrém stavu;špatný;neznámý;2026-01-18;RP Střední Čechy;NA;15087
Druh;CZ0212019;Smradovna;Cypripedium calceolus;NA;2001-06-01;2024-05-19;AOPK ČR - RP Střední Čechy, Krajský úřad Středočeského kraje;POP_PROCDOB;0;50;% populace v dobrém stavu;špatný;neznámý;2026-01-18;RP Střední Čechy;NA;15087
Druh;CZ0212019;Smradovna;Cypripedium calceolus;NA;2001-06-01;2024-05-19;AOPK ČR - RP Střední Čechy, Krajský úřad Středočeského kraje;10;špatný;NA;NA;špatný;neznámý;2026-01-18;RP Střední Čechy;NA;15087
Druh;CZ0212022;Slepeč;Cypripedium calceolus;NA;2000-01-01;2023-06-13;Krajský úřad Středočeského kraje;LOK_PROCDOBR;0;50;% lokalit v dobrém stavu;špatný;neznámý;2026-01-18;RP SCHKO Kokořínsko - Máchův kraj;NA;15087
Druh;CZ0212022;Slepeč;Cypripedium calceolus;NA;2000-01-01;2023-06-13;Krajský úřad Středočeského kraje;POP_PROCDOB;0;50;% populace v dobrém stavu;špatný;neznámý;2026-01-18;RP SCHKO Kokořínsko - Máchův kraj;NA;15087
Druh;CZ0212022;Slepeč;Cypripedium calceolus;NA;2000-01-01;2023-06-13;Krajský úřad Středočeského kraje;10;špatný;NA;NA;špatný;neznámý;2026-01-18;RP SCHKO Kokořínsko - Máchův kraj;NA;15087
Druh;CZ0212024;Červené dolíky;Cypripedium calceolus;NA;2000-01-01;2023-07-19;Krajský úřad Středočeského kraje, AOPK ČR - RP Střední Čechy;LOK_PROCDOBR;0;50;% lokalit v dobrém stavu;špatný;neznámý;2026-01-18;RP Střední Čechy;NA;15087
Druh;CZ0212024;Červené dolíky;Cypripedium calceolus;NA;2000-01-01;2023-07-19;Krajský úřad Středočeského kraje, AOPK ČR - RP Střední Čechy;POP_PROCDOB;0;50;% populace v dobrém stavu;špatný;neznámý;2026-01-18;RP Střední Čechy;NA;15087
Druh;CZ0212024;Červené dolíky;Cypripedium calceolus;NA;2000-01-01;2023-07-19;Krajský úřad Středočeského kraje, AOPK ČR - RP Střední Čechy;10;špatný;NA;NA;špatný;neznámý;2026-01-18;RP Střední Čechy;NA;15087
Druh;CZ0212025;Ostrov u Jedomělic;Cypripedium calceolus;NA;2012-05-24;2023-07-19;Krajský úřad Středočeského kraje;LOK_PROCDOBR;0;50;% lokalit v dobrém stavu;špatný;neznámý;2026-01-18;RP Střední Čechy;NA;15087
Druh;CZ0212025;Ostrov u Jedomělic;Cypripedium calceolus;NA;2012-05-24;2023-07-19;Krajský úřad Středočeského kraje;POP_PROCDOB;0;50;% populace v dobrém stavu;špatný;neznámý;2026-01-18;RP Střední Čechy;NA;15087
Druh;CZ0212025;Ostrov u Jedomělic;Cypripedium calceolus;NA;2012-05-24;2023-07-19;Krajský úřad Středočeského kraje;10;špatný;NA;NA;špatný;neznámý;2026-01-18;RP Střední Čechy;NA;15087
Druh;CZ0214010;Dománovický les;Cypripedium calceolus;NA;2000-01-01;2024-05-23;Krajský úřad Středočeského kraje;LOK_PROCDOBR;0;50;% lokalit v dobrém stavu;špatný;neznámý;2026-01-18;RP Střední Čechy;NA;15087
Druh;CZ0214010;Dománovický les;Cypripedium calceolus;NA;2000-01-01;2024-05-23;Krajský úřad Středočeského kraje;POP_PROCDOB;0;50;% populace v dobrém stavu;špatný;neznámý;2026-01-18;RP Střední Čechy;NA;15087
Druh;CZ0214010;Dománovický les;Cypripedium calceolus;NA;2000-01-01;2024-05-23;Krajský úřad Středočeského kraje;10;špatný;NA;NA;špatný;neznámý;2026-01-18;RP Střední Čechy;NA;15087
Druh;CZ0214013;Kokořínsko;Cypripedium calceolus;NA;2002-01-01;2024-06-07;AOPK ČR - RP SCHKO Kokořínsko - Máchův kraj, Krajský úřad Středočeského kraje;LOK_PROCDOBR;0;50;% lokalit v dobrém stavu;špatný;neznámý;2026-01-18;RP SCHKO Kokořínsko - Máchův kraj;NA;15087
Druh;CZ0214013;Kokořínsko;Cypripedium calceolus;NA;2002-01-01;2024-06-07;AOPK ČR - RP SCHKO Kokořínsko - Máchův kraj, Krajský úřad Středočeského kraje;POP_PROCDOB;0;50;% populace v dobrém stavu;špatný;neznámý;2026-01-18;RP SCHKO Kokořínsko - Máchův kraj;NA;15087
Druh;CZ0214013;Kokořínsko;Cypripedium calceolus;NA;2002-01-01;2024-06-07;AOPK ČR - RP SCHKO Kokořínsko - Máchův kraj, Krajský úřad Středočeského kraje;10;špatný;NA;NA;špatný;neznámý;2026-01-18;RP SCHKO Kokořínsko - Máchův kraj;NA;15087
Druh;CZ0422085;Soběchlebské terasy;Cypripedium calceolus;NA;2001-01-01;2022-06-02;Krajský úřad Ústeckého kraje;LOK_PROCDOBR;0;50;% lokalit v dobrém stavu;špatný;neznámý;2026-01-18;RP SCHKO Slavkovský les;NA;15087
Druh;CZ0422085;Soběchlebské terasy;Cypripedium calceolus;NA;2001-01-01;2022-06-02;Krajský úřad Ústeckého kraje;POP_PROCDOB;0;50;% populace v dobrém stavu;špatný;neznámý;2026-01-18;RP SCHKO Slavkovský les;NA;15087
Druh;CZ0422085;Soběchlebské terasy;Cypripedium calceolus;NA;2001-01-01;2022-06-02;Krajský úřad Ústeckého kraje;10;špatný;NA;NA;špatný;neznámý;2026-01-18;RP SCHKO Slavkovský les;NA;15087
Druh;CZ0422087;V kuksu;Cypripedium calceolus;NA;2008-07-26;2022-05-25;Krajský úřad Ústeckého kraje;LOK_PROCDOBR;0;50;% lokalit v dobrém stavu;špatný;neznámý;2026-01-18;RP SCHKO České středohoří;NA;15087
Druh;CZ0422087;V kuksu;Cypripedium calceolus;NA;2008-07-26;2022-05-25;Krajský úřad Ústeckého kraje;POP_PROCDOB;0;50;% populace v dobrém stavu;špatný;neznámý;2026-01-18;RP SCHKO České středohoří;NA;15087
Druh;CZ0422087;V kuksu;Cypripedium calceolus;NA;2008-07-26;2022-05-25;Krajský úřad Ústeckého kraje;10;špatný;NA;NA;špatný;neznámý;2026-01-18;RP SCHKO České středohoří;NA;15087
Druh;CZ0424129;Bílé stráně u Litoměřic;Cypripedium calceolus;NA;2001-03-20;2024-05-21;AOPK ČR - RP SCHKO České středohoří;LOK_PROCDOBR;0;50;% lokalit v dobrém stavu;špatný;neznámý;2026-01-18;RP SCHKO České středohoří;NA;15087
Druh;CZ0424129;Bílé stráně u Litoměřic;Cypripedium calceolus;NA;2001-03-20;2024-05-21;AOPK ČR - RP SCHKO České středohoří;POP_PROCDOB;0;50;% populace v dobrém stavu;špatný;neznámý;2026-01-18;RP SCHKO České středohoří;NA;15087
Druh;CZ0424129;Bílé stráně u Litoměřic;Cypripedium calceolus;NA;2001-03-20;2024-05-21;AOPK ČR - RP SCHKO České středohoří;10;špatný;NA;NA;špatný;neznámý;2026-01-18;RP SCHKO České středohoří;NA;15087
Druh;CZ0522002;Hustířanský les;Cypripedium calceolus;NA;2006-05-30;2022-05-19;Krajský úřad Královéhradeckého kraje;LOK_PROCDOBR;0;50;% lokalit v dobrém stavu;špatný;neznámý;2026-01-18;RP Východní Čechy;NA;15087
Druh;CZ0522002;Hustířanský les;Cypripedium calceolus;NA;2006-05-30;2022-05-19;Krajský úřad Královéhradeckého kraje;POP_PROCDOB;0;50;% populace v dobrém stavu;špatný;neznámý;2026-01-18;RP Východní Čechy;NA;15087
Druh;CZ0522002;Hustířanský les;Cypripedium calceolus;NA;2006-05-30;2022-05-19;Krajský úřad Královéhradeckého kraje;10;špatný;NA;NA;špatný;neznámý;2026-01-18;RP Východní Čechy;NA;15087
Druh;CZ0522129;Zadní Machová;Cypripedium calceolus;NA;2000-01-01;2024-05-14;Krajský úřad Královéhradeckého kraje;LOK_PROCDOBR;0;50;% lokalit v dobrém stavu;špatný;neznámý;2026-01-18;RP Východní Čechy;NA;15087
Druh;CZ0522129;Zadní Machová;Cypripedium calceolus;NA;2000-01-01;2024-05-14;Krajský úřad Královéhradeckého kraje;POP_PROCDOB;0;50;% populace v dobrém stavu;špatný;neznámý;2026-01-18;RP Východní Čechy;NA;15087
Druh;CZ0522129;Zadní Machová;Cypripedium calceolus;NA;2000-01-01;2024-05-14;Krajský úřad Královéhradeckého kraje;10;špatný;NA;NA;špatný;neznámý;2026-01-18;RP Východní Čechy;NA;15087
Druh;CZ0524050;Halín;Cypripedium calceolus;NA;2000-01-01;2024-05-14;Krajský úřad Královéhradeckého kraje;LOK_PROCDOBR;0;50;% lokalit v dobrém stavu;špatný;neznámý;2026-01-18;RP Východní Čechy;NA;15087
Druh;CZ0524050;Halín;Cypripedium calceolus;NA;2000-01-01;2024-05-14;Krajský úřad Královéhradeckého kraje;POP_PROCDOB;0;50;% populace v dobrém stavu;špatný;neznámý;2026-01-18;RP Východní Čechy;NA;15087
Druh;CZ0524050;Halín;Cypripedium calceolus;NA;2000-01-01;2024-05-14;Krajský úřad Královéhradeckého kraje;10;špatný;NA;NA;špatný;neznámý;2026-01-18;RP Východní Čechy;NA;15087
Druh;CZ0532131;U Banínského viaduktu;Cypripedium calceolus;NA;2000-01-01;2024-05-22;Krajský úřad Pardubického kraje;LOK_PROCDOBR;0;50;% lokalit v dobrém stavu;špatný;neznámý;2026-01-18;RP Východní Čechy;NA;15087
Druh;CZ0532131;U Banínského viaduktu;Cypripedium calceolus;NA;2000-01-01;2024-05-22;Krajský úřad Pardubického kraje;POP_PROCDOB;0;50;% populace v dobrém stavu;špatný;neznámý;2026-01-18;RP Východní Čechy;NA;15087
Druh;CZ0532131;U Banínského viaduktu;Cypripedium calceolus;NA;2000-01-01;2024-05-22;Krajský úřad Pardubického kraje;10;špatný;NA;NA;špatný;neznámý;2026-01-18;RP Východní Čechy;NA;15087
Druh;CZ0532132;Střemošická stráň;Cypripedium calceolus;NA;2000-01-01;2023-05-07;Krajský úřad Pardubického kraje;LOK_PROCDOBR;0;50;% lokalit v dobrém stavu;špatný;neznámý;2026-01-18;RP Východní Čechy;NA;15087
Druh;CZ0532132;Střemošická stráň;Cypripedium calceolus;NA;2000-01-01;2023-05-07;Krajský úřad Pardubického kraje;POP_PROCDOB;0;50;% populace v dobrém stavu;špatný;neznámý;2026-01-18;RP Východní Čechy;NA;15087
Druh;CZ0532132;Střemošická stráň;Cypripedium calceolus;NA;2000-01-01;2023-05-07;Krajský úřad Pardubického kraje;10;špatný;NA;NA;špatný;neznámý;2026-01-18;RP Východní Čechy;NA;15087
Druh;CZ0612133;Dědkovo;Cypripedium calceolus;NA;2001-01-01;2024-05-21;Krajský úřad Kraje Vysočina;LOK_PROCDOBR;0;50;% lokalit v dobrém stavu;špatný;neznámý;2026-01-18;RP Vysočina;NA;15087
Druh;CZ0612133;Dědkovo;Cypripedium calceolus;NA;2001-01-01;2024-05-21;Krajský úřad Kraje Vysočina;POP_PROCDOB;0;50;% populace v dobrém stavu;špatný;neznámý;2026-01-18;RP Vysočina;NA;15087
Druh;CZ0612133;Dědkovo;Cypripedium calceolus;NA;2001-01-01;2024-05-21;Krajský úřad Kraje Vysočina;10;špatný;NA;NA;špatný;neznámý;2026-01-18;RP Vysočina;NA;15087
Druh;CZ0622168;Mušenice;Cypripedium calceolus;NA;2001-01-01;2024-04-29;Krajský úřad Jihomoravského kraje;LOK_PROCDOBR;0;50;% lokalit v dobrém stavu;špatný;neznámý;2026-01-18;RP Jižní Morava;NA;15087
Druh;CZ0622168;Mušenice;Cypripedium calceolus;NA;2001-01-01;2024-04-29;Krajský úřad Jihomoravského kraje;POP_PROCDOB;0;50;% populace v dobrém stavu;špatný;neznámý;2026-01-18;RP Jižní Morava;NA;15087
Druh;CZ0622168;Mušenice;Cypripedium calceolus;NA;2001-01-01;2024-04-29;Krajský úřad Jihomoravského kraje;10;špatný;NA;NA;špatný;neznámý;2026-01-18;RP Jižní Morava;NA;15087
Druh;CZ0622174;V Jezdinách;Cypripedium calceolus;NA;2001-01-01;2024-05-02;Krajský úřad Jihomoravského kraje;LOK_PROCDOBR;0;50;% lokalit v dobrém stavu;špatný;neznámý;2026-01-18;RP Jižní Morava;NA;15087
Druh;CZ0622174;V Jezdinách;Cypripedium calceolus;NA;2001-01-01;2024-05-02;Krajský úřad Jihomoravského kraje;POP_PROCDOB;0;50;% populace v dobrém stavu;špatný;neznámý;2026-01-18;RP Jižní Morava;NA;15087
Druh;CZ0622174;V Jezdinách;Cypripedium calceolus;NA;2001-01-01;2024-05-02;Krajský úřad Jihomoravského kraje;10;špatný;NA;NA;špatný;neznámý;2026-01-18;RP Jižní Morava;NA;15087
Druh;CZ0624069;Strabišov - Oulehla;Cypripedium calceolus;NA;2000-01-01;2024-05-27;AOPK ČR - RP SCHKO Bílé Karpaty, Krajský úřad Jihomoravského kraje, Krajský úřad Zlínského kraje;LOK_PROCDOBR;0;50;% lokalit v dobrém stavu;špatný;neznámý;2026-01-18;RP Jižní Morava;NA;15087
Druh;CZ0624069;Strabišov - Oulehla;Cypripedium calceolus;NA;2000-01-01;2024-05-27;AOPK ČR - RP SCHKO Bílé Karpaty, Krajský úřad Jihomoravského kraje, Krajský úřad Zlínského kraje;POP_PROCDOB;0;50;% populace v dobrém stavu;špatný;neznámý;2026-01-18;RP Jižní Morava;NA;15087
Druh;CZ0624069;Strabišov - Oulehla;Cypripedium calceolus;NA;2000-01-01;2024-05-27;AOPK ČR - RP SCHKO Bílé Karpaty, Krajský úřad Jihomoravského kraje, Krajský úřad Zlínského kraje;10;špatný;NA;NA;špatný;neznámý;2026-01-18;RP Jižní Morava;NA;15087
Druh;CZ0624072;Čertoryje;Cypripedium calceolus;NA;2000-01-01;2024-08-08;AOPK ČR - RP SCHKO Bílé Karpaty;LOK_PROCDOBR;0;50;% lokalit v dobrém stavu;špatný;neznámý;2026-01-18;RP SCHKO Bílé Karpaty;NA;15087
Druh;CZ0624072;Čertoryje;Cypripedium calceolus;NA;2000-01-01;2024-08-08;AOPK ČR - RP SCHKO Bílé Karpaty;POP_PROCDOB;0;50;% populace v dobrém stavu;špatný;neznámý;2026-01-18;RP SCHKO Bílé Karpaty;NA;15087
Druh;CZ0624072;Čertoryje;Cypripedium calceolus;NA;2000-01-01;2024-08-08;AOPK ČR - RP SCHKO Bílé Karpaty;10;špatný;NA;NA;špatný;neznámý;2026-01-18;RP SCHKO Bílé Karpaty;NA;15087
Druh;CZ0624094;Bosonožský hájek;Cypripedium calceolus;NA;2000-01-01;2024-06-23;Krajský úřad Jihomoravského kraje;LOK_PROCDOBR;0;50;% lokalit v dobrém stavu;špatný;neznámý;2026-01-18;RP Jižní Morava;NA;15087
Druh;CZ0624094;Bosonožský hájek;Cypripedium calceolus;NA;2000-01-01;2024-06-23;Krajský úřad Jihomoravského kraje;POP_PROCDOB;0;50;% populace v dobrém stavu;špatný;neznámý;2026-01-18;RP Jižní Morava;NA;15087
Druh;CZ0624094;Bosonožský hájek;Cypripedium calceolus;NA;2000-01-01;2024-06-23;Krajský úřad Jihomoravského kraje;10;špatný;NA;NA;špatný;neznámý;2026-01-18;RP Jižní Morava;NA;15087
Druh;CZ0624096;Podyjí;Cypripedium calceolus;NA;2000-01-01;2024-04-26;Správa NP Podyjí;LOK_PROCDOBR;0;50;% lokalit v dobrém stavu;špatný;neznámý;2026-01-18;RP Jižní Morava;NA;15087
Druh;CZ0624096;Podyjí;Cypripedium calceolus;NA;2000-01-01;2024-04-26;Správa NP Podyjí;POP_PROCDOB;0;50;% populace v dobrém stavu;špatný;neznámý;2026-01-18;RP Jižní Morava;NA;15087
Druh;CZ0624096;Podyjí;Cypripedium calceolus;NA;2000-01-01;2024-04-26;Správa NP Podyjí;10;špatný;NA;NA;špatný;neznámý;2026-01-18;RP Jižní Morava;NA;15087
Druh;CZ0624130;Moravský kras;Cypripedium calceolus;NA;2000-01-01;2024-06-05;AOPK ČR - RP Jižní Morava, Krajský úřad Jihomoravského kraje;LOK_PROCDOBR;25;50;% lokalit v dobrém stavu;špatný;neznámý;2026-01-18;RP Jižní Morava;NA;15087
Druh;CZ0624130;Moravský kras;Cypripedium calceolus;NA;2000-01-01;2024-06-05;AOPK ČR - RP Jižní Morava, Krajský úřad Jihomoravského kraje;POP_PROCDOB;46.075;50;% populace v dobrém stavu;špatný;neznámý;2026-01-18;RP Jižní Morava;NA;15087
Druh;CZ0624130;Moravský kras;Cypripedium calceolus;NA;2000-01-01;2024-06-05;AOPK ČR - RP Jižní Morava, Krajský úřad Jihomoravského kraje;10;špatný;NA;NA;špatný;neznámý;2026-01-18;RP Jižní Morava;NA;15087
Druh;CZ0712189;Pod Rudným vrchem;Cypripedium calceolus;NA;2000-01-01;2023-06-13;Krajský úřad Olomouckého kraje;LOK_PROCDOBR;0;50;% lokalit v dobrém stavu;špatný;neznámý;2026-01-18;RP Olomoucko;NA;15087
Druh;CZ0712189;Pod Rudným vrchem;Cypripedium calceolus;NA;2000-01-01;2023-06-13;Krajský úřad Olomouckého kraje;POP_PROCDOB;0;50;% populace v dobrém stavu;špatný;neznámý;2026-01-18;RP Olomoucko;NA;15087
Druh;CZ0712189;Pod Rudným vrchem;Cypripedium calceolus;NA;2000-01-01;2023-06-13;Krajský úřad Olomouckého kraje;10;špatný;NA;NA;špatný;neznámý;2026-01-18;RP Olomoucko;NA;15087
Druh;CZ0712226;Poláchovy stráně - Výří skály;Cypripedium calceolus;NA;2000-01-01;2023-06-08;Krajský úřad Olomouckého kraje;LOK_PROCDOBR;0;50;% lokalit v dobrém stavu;špatný;neznámý;2026-01-18;RP Olomoucko;NA;15087
Druh;CZ0712226;Poláchovy stráně - Výří skály;Cypripedium calceolus;NA;2000-01-01;2023-06-08;Krajský úřad Olomouckého kraje;POP_PROCDOB;0;50;% populace v dobrém stavu;špatný;neznámý;2026-01-18;RP Olomoucko;NA;15087
Druh;CZ0712226;Poláchovy stráně - Výří skály;Cypripedium calceolus;NA;2000-01-01;2023-06-08;Krajský úřad Olomouckého kraje;10;špatný;NA;NA;špatný;neznámý;2026-01-18;RP Olomoucko;NA;15087
Druh;CZ0724090;Bílé Karpaty;Cypripedium calceolus;NA;2000-01-01;2023-06-12;AOPK ČR - RP SCHKO Bílé Karpaty;LOK_PROCDOBR;0;50;% lokalit v dobrém stavu;špatný;neznámý;2026-01-18;RP SCHKO Bílé Karpaty;NA;15087
Druh;CZ0724090;Bílé Karpaty;Cypripedium calceolus;NA;2000-01-01;2023-06-12;AOPK ČR - RP SCHKO Bílé Karpaty;POP_PROCDOB;0;50;% populace v dobrém stavu;špatný;neznámý;2026-01-18;RP SCHKO Bílé Karpaty;NA;15087
Druh;CZ0724090;Bílé Karpaty;Cypripedium calceolus;NA;2000-01-01;2023-06-12;AOPK ČR - RP SCHKO Bílé Karpaty;10;špatný;NA;NA;špatný;neznámý;2026-01-18;RP SCHKO Bílé Karpaty;NA;15087
Druh;CZ0724089;Beskydy;Aconitum firmum subsp. moravicum;NA;2000-01-01;2024-10-05;AOPK ČR - RP Moravskoslezské;LOK_PROCDOBR;1.217;50;% lokalit v dobrém stavu;špatný;neznámý;2026-01-18;RP Moravskoslezské;NA;15087
Druh;CZ0724089;Beskydy;Aconitum firmum subsp. moravicum;NA;2000-01-01;2024-10-05;AOPK ČR - RP Moravskoslezské;POP_PROCDOB;9.536;50;% populace v dobrém stavu;špatný;neznámý;2026-01-18;RP Moravskoslezské;NA;15087
Druh;CZ0724089;Beskydy;Aconitum firmum subsp. moravicum;NA;2000-01-01;2024-10-05;AOPK ČR - RP Moravskoslezské;10;špatný;NA;NA;špatný;neznámý;2026-01-18;RP Moravskoslezské;NA;15087
Druh;CZ0212020;Rečkov;Ligularia sibirica;NA;2000-01-01;2022-08-09;AOPK ČR - RP SCHKO Kokořínsko - Máchův kraj;LOK_PROCDOBR;0;50;% lokalit v dobrém stavu;špatný;neznámý;2026-01-18;RP SCHKO Kokořínsko - Máchův kraj;NA;15087
Druh;CZ0212020;Rečkov;Ligularia sibirica;NA;2000-01-01;2022-08-09;AOPK ČR - RP SCHKO Kokořínsko - Máchův kraj;POP_PROCDOB;0;50;% populace v dobrém stavu;špatný;neznámý;2026-01-18;RP SCHKO Kokořínsko - Máchův kraj;NA;15087
Druh;CZ0212020;Rečkov;Ligularia sibirica;NA;2000-01-01;2022-08-09;AOPK ČR - RP SCHKO Kokořínsko - Máchův kraj;10;špatný;NA;NA;špatný;neznámý;2026-01-18;RP SCHKO Kokořínsko - Máchův kraj;NA;15087
Druh;CZ0214043;Niva Bělé u Klokočky;Ligularia sibirica;NA;2000-01-01;2024-07-31;AOPK ČR - RP SCHKO Kokořínsko - Máchův kraj, Krajský úřad Středočeského kraje;LOK_PROCDOBR;0;50;% lokalit v dobrém stavu;špatný;neznámý;2026-01-18;RP SCHKO Kokořínsko - Máchův kraj;NA;15087
Druh;CZ0214043;Niva Bělé u Klokočky;Ligularia sibirica;NA;2000-01-01;2024-07-31;AOPK ČR - RP SCHKO Kokořínsko - Máchův kraj, Krajský úřad Středočeského kraje;POP_PROCDOB;0;50;% populace v dobrém stavu;špatný;neznámý;2026-01-18;RP SCHKO Kokořínsko - Máchův kraj;NA;15087
Druh;CZ0214043;Niva Bělé u Klokočky;Ligularia sibirica;NA;2000-01-01;2024-07-31;AOPK ČR - RP SCHKO Kokořínsko - Máchův kraj, Krajský úřad Středočeského kraje;10;špatný;NA;NA;špatný;neznámý;2026-01-18;RP SCHKO Kokořínsko - Máchův kraj;NA;15087
Druh;CZ0314123;Boletice;Ligularia sibirica;NA;2000-03-01;2024-09-17;AOPK ČR - RP Jižní Čechy, Krajský úřad Jihočeského kraje, Správa NP Šumava, Újezdní úřad Boletice;LOK_PROCDOBR;0;50;% lokalit v dobrém stavu;špatný;neznámý;2026-01-18;RP Jižní Čechy;NA;15087
Druh;CZ0314123;Boletice;Ligularia sibirica;NA;2000-03-01;2024-09-17;AOPK ČR - RP Jižní Čechy, Krajský úřad Jihočeského kraje, Správa NP Šumava, Újezdní úřad Boletice;POP_PROCDOB;0;50;% populace v dobrém stavu;špatný;neznámý;2026-01-18;RP Jižní Čechy;NA;15087
Druh;CZ0314123;Boletice;Ligularia sibirica;NA;2000-03-01;2024-09-17;AOPK ČR - RP Jižní Čechy, Krajský úřad Jihočeského kraje, Správa NP Šumava, Újezdní úřad Boletice;10;špatný;NA;NA;špatný;neznámý;2026-01-18;RP Jižní Čechy;NA;15087
Druh;CZ0514042;Jestřebsko - Dokesko;Ligularia sibirica;NA;2000-08-15;2024-10-02;Krajský úřad Libereckého kraje, AOPK ČR - RP SCHKO Kokořínsko - Máchův kraj;LOK_PROCDOBR;0;50;% lokalit v dobrém stavu;špatný;neznámý;2026-01-18;RP SCHKO Kokořínsko - Máchův kraj;NA;15087
Druh;CZ0514042;Jestřebsko - Dokesko;Ligularia sibirica;NA;2000-08-15;2024-10-02;Krajský úřad Libereckého kraje, AOPK ČR - RP SCHKO Kokořínsko - Máchův kraj;POP_PROCDOB;0;50;% populace v dobrém stavu;špatný;neznámý;2026-01-18;RP SCHKO Kokořínsko - Máchův kraj;NA;15087
Druh;CZ0514042;Jestřebsko - Dokesko;Ligularia sibirica;NA;2000-08-15;2024-10-02;Krajský úřad Libereckého kraje, AOPK ČR - RP SCHKO Kokořínsko - Máchův kraj;10;špatný;NA;NA;špatný;neznámý;2026-01-18;RP SCHKO Kokořínsko - Máchův kraj;NA;15087
Druh;CZ0212021;Slatinná louka u Velenky;Gladiolus palustris;NA;2002-01-01;2024-06-25;AOPK ČR - RP SCHKO Kokořínsko - Máchův kraj, Krajský úřad Středočeského kraje;LOK_PROCDOBR;0;50;% lokalit v dobrém stavu;špatný;neznámý;2026-01-18;RP SCHKO Kokořínsko - Máchův kraj;NA;15087
Druh;CZ0212021;Slatinná louka u Velenky;Gladiolus palustris;NA;2002-01-01;2024-06-25;AOPK ČR - RP SCHKO Kokořínsko - Máchův kraj, Krajský úřad Středočeského kraje;POP_PROCDOB;0;50;% populace v dobrém stavu;špatný;neznámý;2026-01-18;RP SCHKO Kokořínsko - Máchův kraj;NA;15087
Druh;CZ0212021;Slatinná louka u Velenky;Gladiolus palustris;NA;2002-01-01;2024-06-25;AOPK ČR - RP SCHKO Kokořínsko - Máchův kraj, Krajský úřad Středočeského kraje;10;špatný;NA;NA;špatný;neznámý;2026-01-18;RP SCHKO Kokořínsko - Máchův kraj;NA;15087
Druh;CZ0624070;Hodonínská Dúbrava;Gladiolus palustris;NA;2000-01-01;2024-06-29;AOPK ČR - RP Jižní Morava, Krajský úřad Jihomoravského kraje;LOK_PROCDOBR;0;50;% lokalit v dobrém stavu;špatný;neznámý;2026-01-18;RP Jižní Morava;NA;15087
Druh;CZ0624070;Hodonínská Dúbrava;Gladiolus palustris;NA;2000-01-01;2024-06-29;AOPK ČR - RP Jižní Morava, Krajský úřad Jihomoravského kraje;POP_PROCDOB;0;50;% populace v dobrém stavu;špatný;neznámý;2026-01-18;RP Jižní Morava;NA;15087
Druh;CZ0624070;Hodonínská Dúbrava;Gladiolus palustris;NA;2000-01-01;2024-06-29;AOPK ČR - RP Jižní Morava, Krajský úřad Jihomoravského kraje;10;špatný;NA;NA;špatný;neznámý;2026-01-18;RP Jižní Morava;NA;15087
Druh;CZ0624072;Čertoryje;Gladiolus palustris;NA;2000-01-01;2024-06-13;AOPK ČR - RP SCHKO Bílé Karpaty;LOK_PROCDOBR;0;50;% lokalit v dobrém stavu;špatný;neznámý;2026-01-18;RP SCHKO Bílé Karpaty;NA;15087
Druh;CZ0624072;Čertoryje;Gladiolus palustris;NA;2000-01-01;2024-06-13;AOPK ČR - RP SCHKO Bílé Karpaty;POP_PROCDOB;0;50;% populace v dobrém stavu;špatný;neznámý;2026-01-18;RP SCHKO Bílé Karpaty;NA;15087
Druh;CZ0624072;Čertoryje;Gladiolus palustris;NA;2000-01-01;2024-06-13;AOPK ČR - RP SCHKO Bílé Karpaty;10;špatný;NA;NA;špatný;neznámý;2026-01-18;RP SCHKO Bílé Karpaty;NA;15087
Druh;CZ0524044;Krkonoše;Pedicularis sudetica;NA;2000-01-01;2023-08-11;AOPK ČR - RP Liberecko, Správa KRNAP, Krajský úřad Libereckého kraje;LOK_PROCDOBR;0;50;% lokalit v dobrém stavu;špatný;neznámý;2026-01-18;RP Liberecko;NA;15087
Druh;CZ0524044;Krkonoše;Pedicularis sudetica;NA;2000-01-01;2023-08-11;AOPK ČR - RP Liberecko, Správa KRNAP, Krajský úřad Libereckého kraje;POP_PROCDOB;0;50;% populace v dobrém stavu;špatný;neznámý;2026-01-18;RP Liberecko;NA;15087
Druh;CZ0524044;Krkonoše;Pedicularis sudetica;NA;2000-01-01;2023-08-11;AOPK ČR - RP Liberecko, Správa KRNAP, Krajský úřad Libereckého kraje;10;špatný;NA;NA;špatný;neznámý;2026-01-18;RP Liberecko;NA;15087
Druh;CZ0314109;Ruda;Liparis loeselii;NA;2000-03-14;2024-07-29;AOPK ČR - RP Jižní Čechy;LOK_PROCDOBR;0;50;% lokalit v dobrém stavu;špatný;neznámý;2026-01-18;RP Jižní Čechy;NA;15087
Druh;CZ0314109;Ruda;Liparis loeselii;NA;2000-03-14;2024-07-29;AOPK ČR - RP Jižní Čechy;POP_PROCDOB;0;50;% populace v dobrém stavu;špatný;neznámý;2026-01-18;RP Jižní Čechy;NA;15087
Druh;CZ0314109;Ruda;Liparis loeselii;NA;2000-03-14;2024-07-29;AOPK ČR - RP Jižní Čechy;10;špatný;NA;NA;špatný;neznámý;2026-01-18;RP Jižní Čechy;NA;15087
Druh;CZ0514042;Jestřebsko - Dokesko;Liparis loeselii;NA;1999-01-01;2024-10-02;Krajský úřad Libereckého kraje, AOPK ČR - RP SCHKO Kokořínsko - Máchův kraj;LOK_PROCDOBR;0;50;% lokalit v dobrém stavu;špatný;neznámý;2026-01-18;RP SCHKO Kokořínsko - Máchův kraj;NA;15087
Druh;CZ0514042;Jestřebsko - Dokesko;Liparis loeselii;NA;1999-01-01;2024-10-02;Krajský úřad Libereckého kraje, AOPK ČR - RP SCHKO Kokořínsko - Máchův kraj;POP_PROCDOB;0;50;% populace v dobrém stavu;špatný;neznámý;2026-01-18;RP SCHKO Kokořínsko - Máchův kraj;NA;15087
Druh;CZ0514042;Jestřebsko - Dokesko;Liparis loeselii;NA;1999-01-01;2024-10-02;Krajský úřad Libereckého kraje, AOPK ČR - RP SCHKO Kokořínsko - Máchův kraj;10;špatný;NA;NA;špatný;neznámý;2026-01-18;RP SCHKO Kokořínsko - Máchův kraj;NA;15087
Druh;CZ0514113;Podtrosecká údolí;Liparis loeselii;NA;2001-08-21;2023-06-28;AOPK ČR - RP Liberecko, Krajský úřad Královéhradeckého kraje;LOK_PROCDOBR;0;50;% lokalit v dobrém stavu;špatný;neznámý;2026-01-18;RP Liberecko;NA;15087
Druh;CZ0514113;Podtrosecká údolí;Liparis loeselii;NA;2001-08-21;2023-06-28;AOPK ČR - RP Liberecko, Krajský úřad Královéhradeckého kraje;POP_PROCDOB;0;50;% populace v dobrém stavu;špatný;neznámý;2026-01-18;RP Liberecko;NA;15087
Druh;CZ0514113;Podtrosecká údolí;Liparis loeselii;NA;2001-08-21;2023-06-28;AOPK ČR - RP Liberecko, Krajský úřad Královéhradeckého kraje;10;špatný;NA;NA;špatný;neznámý;2026-01-18;RP Liberecko;NA;15087
Druh;CZ0524048;Byšičky;Liparis loeselii;NA;2000-01-01;2024-09-05;Krajský úřad Královéhradeckého kraje;LOK_PROCDOBR;0;50;% lokalit v dobrém stavu;špatný;neznámý;2026-01-18;RP Východní Čechy;NA;15087
Druh;CZ0524048;Byšičky;Liparis loeselii;NA;2000-01-01;2024-09-05;Krajský úřad Královéhradeckého kraje;POP_PROCDOB;0;50;% populace v dobrém stavu;špatný;neznámý;2026-01-18;RP Východní Čechy;NA;15087
Druh;CZ0524048;Byšičky;Liparis loeselii;NA;2000-01-01;2024-09-05;Krajský úřad Královéhradeckého kraje;10;špatný;NA;NA;špatný;neznámý;2026-01-18;RP Východní Čechy;NA;15087
Druh;CZ0724090;Bílé Karpaty;Liparis loeselii;NA;2000-01-01;2024-06-18;AOPK ČR - RP SCHKO Bílé Karpaty;LOK_PROCDOBR;0;50;% lokalit v dobrém stavu;špatný;neznámý;2026-01-18;RP SCHKO Bílé Karpaty;NA;15087
Druh;CZ0724090;Bílé Karpaty;Liparis loeselii;NA;2000-01-01;2024-06-18;AOPK ČR - RP SCHKO Bílé Karpaty;POP_PROCDOB;0;50;% populace v dobrém stavu;špatný;neznámý;2026-01-18;RP SCHKO Bílé Karpaty;NA;15087
Druh;CZ0724090;Bílé Karpaty;Liparis loeselii;NA;2000-01-01;2024-06-18;AOPK ČR - RP SCHKO Bílé Karpaty;10;špatný;NA;NA;špatný;neznámý;2026-01-18;RP SCHKO Bílé Karpaty;NA;15087
Druh;CZ0624043;Stolová hora;Dianthus lumnitzeri;NA;2000-01-01;2023-05-17;AOPK ČR - RP Jižní Morava;LOK_PROCDOBR;0;50;% lokalit v dobrém stavu;špatný;neznámý;2026-01-18;RP Jižní Morava;NA;15087
Druh;CZ0624043;Stolová hora;Dianthus lumnitzeri;NA;2000-01-01;2023-05-17;AOPK ČR - RP Jižní Morava;POP_PROCDOB;0;50;% populace v dobrém stavu;špatný;neznámý;2026-01-18;RP Jižní Morava;NA;15087
Druh;CZ0624043;Stolová hora;Dianthus lumnitzeri;NA;2000-01-01;2023-05-17;AOPK ČR - RP Jižní Morava;10;špatný;NA;NA;špatný;neznámý;2026-01-18;RP Jižní Morava;NA;15087
Druh;CZ0624104;Děvín;Dianthus lumnitzeri;NA;2000-01-01;2022-07-27;AOPK ČR - RP Jižní Morava;LOK_PROCDOBR;0;50;% lokalit v dobrém stavu;špatný;neznámý;2026-01-18;RP Jižní Morava;NA;15087
Druh;CZ0624104;Děvín;Dianthus lumnitzeri;NA;2000-01-01;2022-07-27;AOPK ČR - RP Jižní Morava;POP_PROCDOB;0;50;% populace v dobrém stavu;špatný;neznámý;2026-01-18;RP Jižní Morava;NA;15087
Druh;CZ0624104;Děvín;Dianthus lumnitzeri;NA;2000-01-01;2022-07-27;AOPK ČR - RP Jižní Morava;10;špatný;NA;NA;špatný;neznámý;2026-01-18;RP Jižní Morava;NA;15087
Druh;CZ0612136;Kobylinec;Pulsatilla grandis;NA;2000-01-01;2025-03-08;Krajský úřad Kraje Vysočina;LOK_PROCDOBR;0;50;% lokalit v dobrém stavu;špatný;neznámý;2026-01-18;RP Vysočina;NA;15087
Druh;CZ0612136;Kobylinec;Pulsatilla grandis;NA;2000-01-01;2025-03-08;Krajský úřad Kraje Vysočina;POP_PROCDOB;0;50;% populace v dobrém stavu;špatný;neznámý;2026-01-18;RP Vysočina;NA;15087
Druh;CZ0612136;Kobylinec;Pulsatilla grandis;NA;2000-01-01;2025-03-08;Krajský úřad Kraje Vysočina;10;špatný;NA;NA;špatný;neznámý;2026-01-18;RP Vysočina;NA;15087
Druh;CZ0612141;Ptáčovský kopeček;Pulsatilla grandis;NA;2000-01-01;2024-03-26;Krajský úřad Kraje Vysočina;LOK_PROCDOBR;0;50;% lokalit v dobrém stavu;špatný;neznámý;2026-01-18;RP Vysočina;NA;15087
Druh;CZ0612141;Ptáčovský kopeček;Pulsatilla grandis;NA;2000-01-01;2024-03-26;Krajský úřad Kraje Vysočina;POP_PROCDOB;0;50;% populace v dobrém stavu;špatný;neznámý;2026-01-18;RP Vysočina;NA;15087
Druh;CZ0612141;Ptáčovský kopeček;Pulsatilla grandis;NA;2000-01-01;2024-03-26;Krajský úřad Kraje Vysočina;10;špatný;NA;NA;špatný;neznámý;2026-01-18;RP Vysočina;NA;15087
Druh;CZ0612147;Špilberk;Pulsatilla grandis;NA;2000-01-01;2023-04-12;Krajský úřad Kraje Vysočina;LOK_PROCDOBR;0;50;% lokalit v dobrém stavu;špatný;neznámý;2026-01-18;RP Vysočina;NA;15087
Druh;CZ0612147;Špilberk;Pulsatilla grandis;NA;2000-01-01;2023-04-12;Krajský úřad Kraje Vysočina;POP_PROCDOB;0;50;% populace v dobrém stavu;špatný;neznámý;2026-01-18;RP Vysočina;NA;15087
Druh;CZ0612147;Špilberk;Pulsatilla grandis;NA;2000-01-01;2023-04-12;Krajský úřad Kraje Vysočina;10;špatný;NA;NA;špatný;neznámý;2026-01-18;RP Vysočina;NA;15087
Druh;CZ0614131;Údolí Oslavy a Chvojnice;Pulsatilla grandis;NA;2001-01-01;2024-03-25;Krajský úřad Jihomoravského kraje, AOPK ČR - RP Vysočina, Krajský úřad Kraje Vysočina;LOK_PROCDOBR;0;50;% lokalit v dobrém stavu;špatný;neznámý;2026-01-18;RP Vysočina;NA;15087
Druh;CZ0614131;Údolí Oslavy a Chvojnice;Pulsatilla grandis;NA;2001-01-01;2024-03-25;Krajský úřad Jihomoravského kraje, AOPK ČR - RP Vysočina, Krajský úřad Kraje Vysočina;POP_PROCDOB;0;50;% populace v dobrém stavu;špatný;neznámý;2026-01-18;RP Vysočina;NA;15087
Druh;CZ0614131;Údolí Oslavy a Chvojnice;Pulsatilla grandis;NA;2001-01-01;2024-03-25;Krajský úřad Jihomoravského kraje, AOPK ČR - RP Vysočina, Krajský úřad Kraje Vysočina;10;špatný;NA;NA;špatný;neznámý;2026-01-18;RP Vysočina;NA;15087
Druh;CZ0614133;Kozének;Pulsatilla grandis;NA;2000-01-01;2024-04-03;Krajský úřad Kraje Vysočina;LOK_PROCDOBR;25;50;% lokalit v dobrém stavu;špatný;neznámý;2026-01-18;RP Vysočina;NA;15087
Druh;CZ0614133;Kozének;Pulsatilla grandis;NA;2000-01-01;2024-04-03;Krajský úřad Kraje Vysočina;POP_PROCDOB;26.337;50;% populace v dobrém stavu;špatný;neznámý;2026-01-18;RP Vysočina;NA;15087
Druh;CZ0614133;Kozének;Pulsatilla grandis;NA;2000-01-01;2024-04-03;Krajský úřad Kraje Vysočina;10;špatný;NA;NA;špatný;neznámý;2026-01-18;RP Vysočina;NA;15087
Druh;CZ0622009;Hovoranské louky;Pulsatilla grandis;NA;2000-01-01;2023-04-06;Krajský úřad Jihomoravského kraje;LOK_PROCDOBR;0;50;% lokalit v dobrém stavu;špatný;neznámý;2026-01-18;RP Jižní Morava;NA;15087
Druh;CZ0622009;Hovoranské louky;Pulsatilla grandis;NA;2000-01-01;2023-04-06;Krajský úřad Jihomoravského kraje;POP_PROCDOB;0;50;% populace v dobrém stavu;špatný;neznámý;2026-01-18;RP Jižní Morava;NA;15087
Druh;CZ0622009;Hovoranské louky;Pulsatilla grandis;NA;2000-01-01;2023-04-06;Krajský úřad Jihomoravského kraje;10;špatný;NA;NA;špatný;neznámý;2026-01-18;RP Jižní Morava;NA;15087
Druh;CZ0622017;Louky pod Kumstátem;Pulsatilla grandis;NA;2000-05-10;2023-04-06;Krajský úřad Jihomoravského kraje;LOK_PROCDOBR;0;50;% lokalit v dobrém stavu;špatný;neznámý;2026-01-18;RP Jižní Morava;NA;15087
Druh;CZ0622017;Louky pod Kumstátem;Pulsatilla grandis;NA;2000-05-10;2023-04-06;Krajský úřad Jihomoravského kraje;POP_PROCDOB;0;50;% populace v dobrém stavu;špatný;neznámý;2026-01-18;RP Jižní Morava;NA;15087
Druh;CZ0622017;Louky pod Kumstátem;Pulsatilla grandis;NA;2000-05-10;2023-04-06;Krajský úřad Jihomoravského kraje;10;špatný;NA;NA;špatný;neznámý;2026-01-18;RP Jižní Morava;NA;15087
Druh;CZ0622150;Biskoupský kopec;Pulsatilla grandis;NA;2000-01-01;2024-03-28;Krajský úřad Jihomoravského kraje;LOK_PROCDOBR;0;50;% lokalit v dobrém stavu;špatný;neznámý;2026-01-18;RP Jižní Morava;NA;15087
Druh;CZ0622150;Biskoupský kopec;Pulsatilla grandis;NA;2000-01-01;2024-03-28;Krajský úřad Jihomoravského kraje;POP_PROCDOB;0;50;% populace v dobrém stavu;špatný;neznámý;2026-01-18;RP Jižní Morava;NA;15087
Druh;CZ0622150;Biskoupský kopec;Pulsatilla grandis;NA;2000-01-01;2024-03-28;Krajský úřad Jihomoravského kraje;10;špatný;NA;NA;špatný;neznámý;2026-01-18;RP Jižní Morava;NA;15087
Druh;CZ0622161;Ve Žlebě;Pulsatilla grandis;NA;2000-01-01;2023-03-22;Krajský úřad Jihomoravského kraje;LOK_PROCDOBR;0;50;% lokalit v dobrém stavu;špatný;neznámý;2026-01-18;RP Jižní Morava;NA;15087
Druh;CZ0622161;Ve Žlebě;Pulsatilla grandis;NA;2000-01-01;2023-03-22;Krajský úřad Jihomoravského kraje;POP_PROCDOB;0;50;% populace v dobrém stavu;špatný;neznámý;2026-01-18;RP Jižní Morava;NA;15087
Druh;CZ0622161;Ve Žlebě;Pulsatilla grandis;NA;2000-01-01;2023-03-22;Krajský úřad Jihomoravského kraje;10;špatný;NA;NA;špatný;neznámý;2026-01-18;RP Jižní Morava;NA;15087
Druh;CZ0622162;Kopečky u Únanova;Pulsatilla grandis;NA;2000-01-01;2024-03-16;Krajský úřad Jihomoravského kraje;LOK_PROCDOBR;25;50;% lokalit v dobrém stavu;špatný;neznámý;2026-01-18;RP Jižní Morava;NA;15087
Druh;CZ0622162;Kopečky u Únanova;Pulsatilla grandis;NA;2000-01-01;2024-03-16;Krajský úřad Jihomoravského kraje;POP_PROCDOB;86.408;50;% populace v dobrém stavu;dobrý;neznámý;2026-01-18;RP Jižní Morava;NA;15087
Druh;CZ0622162;Kopečky u Únanova;Pulsatilla grandis;NA;2000-01-01;2024-03-16;Krajský úřad Jihomoravského kraje;10;zhoršený;NA;NA;zhoršený;neznámý;2026-01-18;RP Jižní Morava;NA;15087
Druh;CZ0622167;Žebětín;Pulsatilla grandis;NA;2000-01-01;2025-03-09;Krajský úřad Jihomoravského kraje;LOK_PROCDOBR;0;50;% lokalit v dobrém stavu;špatný;neznámý;2026-01-18;RP Jižní Morava;NA;15087
Druh;CZ0622167;Žebětín;Pulsatilla grandis;NA;2000-01-01;2025-03-09;Krajský úřad Jihomoravského kraje;POP_PROCDOB;0;50;% populace v dobrém stavu;špatný;neznámý;2026-01-18;RP Jižní Morava;NA;15087
Druh;CZ0622167;Žebětín;Pulsatilla grandis;NA;2000-01-01;2025-03-09;Krajský úřad Jihomoravského kraje;10;špatný;NA;NA;špatný;neznámý;2026-01-18;RP Jižní Morava;NA;15087
Druh;CZ0622169;Na Kocourkách;Pulsatilla grandis;NA;2000-01-01;2024-03-18;Krajský úřad Jihomoravského kraje;LOK_PROCDOBR;0;50;% lokalit v dobrém stavu;špatný;neznámý;2026-01-18;RP Jižní Morava;NA;15087
Druh;CZ0622169;Na Kocourkách;Pulsatilla grandis;NA;2000-01-01;2024-03-18;Krajský úřad Jihomoravského kraje;POP_PROCDOB;0;50;% populace v dobrém stavu;špatný;neznámý;2026-01-18;RP Jižní Morava;NA;15087
Druh;CZ0622169;Na Kocourkách;Pulsatilla grandis;NA;2000-01-01;2024-03-18;Krajský úřad Jihomoravského kraje;10;špatný;NA;NA;špatný;neznámý;2026-01-18;RP Jižní Morava;NA;15087
Druh;CZ0622170;Na lesní horce;Pulsatilla grandis;NA;2004-06-10;2024-03-14;Krajský úřad Jihomoravského kraje;LOK_PROCDOBR;0;50;% lokalit v dobrém stavu;špatný;neznámý;2026-01-18;RP Jižní Morava;NA;15087
Druh;CZ0622170;Na lesní horce;Pulsatilla grandis;NA;2004-06-10;2024-03-14;Krajský úřad Jihomoravského kraje;POP_PROCDOB;0;50;% populace v dobrém stavu;špatný;neznámý;2026-01-18;RP Jižní Morava;NA;15087
Druh;CZ0622170;Na lesní horce;Pulsatilla grandis;NA;2004-06-10;2024-03-14;Krajský úřad Jihomoravského kraje;10;špatný;NA;NA;špatný;neznámý;2026-01-18;RP Jižní Morava;NA;15087
Druh;CZ0622172;Nad Vápenkou;Pulsatilla grandis;NA;2000-01-01;2024-03-19;Krajský úřad Jihomoravského kraje;LOK_PROCDOBR;0;50;% lokalit v dobrém stavu;špatný;neznámý;2026-01-18;RP SCHKO Bílé Karpaty;NA;15087
Druh;CZ0622172;Nad Vápenkou;Pulsatilla grandis;NA;2000-01-01;2024-03-19;Krajský úřad Jihomoravského kraje;POP_PROCDOB;0;50;% populace v dobrém stavu;špatný;neznámý;2026-01-18;RP SCHKO Bílé Karpaty;NA;15087
Druh;CZ0622172;Nad Vápenkou;Pulsatilla grandis;NA;2000-01-01;2024-03-19;Krajský úřad Jihomoravského kraje;10;špatný;NA;NA;špatný;neznámý;2026-01-18;RP SCHKO Bílé Karpaty;NA;15087
Druh;CZ0622173;Netopýrky;Pulsatilla grandis;NA;2000-01-01;2023-03-31;Krajský úřad Jihomoravského kraje;LOK_PROCDOBR;0;50;% lokalit v dobrém stavu;špatný;neznámý;2026-01-18;RP Jižní Morava;NA;15087
Druh;CZ0622173;Netopýrky;Pulsatilla grandis;NA;2000-01-01;2023-03-31;Krajský úřad Jihomoravského kraje;POP_PROCDOB;0;50;% populace v dobrém stavu;špatný;neznámý;2026-01-18;RP Jižní Morava;NA;15087
Druh;CZ0622173;Netopýrky;Pulsatilla grandis;NA;2000-01-01;2023-03-31;Krajský úřad Jihomoravského kraje;10;špatný;NA;NA;špatný;neznámý;2026-01-18;RP Jižní Morava;NA;15087
Druh;CZ0622175;Pekárka;Pulsatilla grandis;NA;2000-01-01;2023-03-30;Krajský úřad Jihomoravského kraje;LOK_PROCDOBR;0;50;% lokalit v dobrém stavu;špatný;neznámý;2026-01-18;RP Jižní Morava;NA;15087
Druh;CZ0622175;Pekárka;Pulsatilla grandis;NA;2000-01-01;2023-03-30;Krajský úřad Jihomoravského kraje;POP_PROCDOB;0;50;% populace v dobrém stavu;špatný;neznámý;2026-01-18;RP Jižní Morava;NA;15087
Druh;CZ0622175;Pekárka;Pulsatilla grandis;NA;2000-01-01;2023-03-30;Krajský úřad Jihomoravského kraje;10;špatný;NA;NA;špatný;neznámý;2026-01-18;RP Jižní Morava;NA;15087
Druh;CZ0622179;Široký;Pulsatilla grandis;NA;2000-01-01;2023-03-22;Krajský úřad Jihomoravského kraje;LOK_PROCDOBR;0;50;% lokalit v dobrém stavu;špatný;neznámý;2026-01-18;RP Jižní Morava;NA;15087
Druh;CZ0622179;Široký;Pulsatilla grandis;NA;2000-01-01;2023-03-22;Krajský úřad Jihomoravského kraje;POP_PROCDOB;0;50;% populace v dobrém stavu;špatný;neznámý;2026-01-18;RP Jižní Morava;NA;15087
Druh;CZ0622179;Široký;Pulsatilla grandis;NA;2000-01-01;2023-03-22;Krajský úřad Jihomoravského kraje;10;špatný;NA;NA;špatný;neznámý;2026-01-18;RP Jižní Morava;NA;15087
Druh;CZ0622217;Stepní stráně u Komořan;Pulsatilla grandis;NA;2002-06-05;2024-03-21;Krajský úřad Jihomoravského kraje;LOK_PROCDOBR;0;50;% lokalit v dobrém stavu;špatný;neznámý;2026-01-18;RP Jižní Morava;NA;15087
Druh;CZ0622217;Stepní stráně u Komořan;Pulsatilla grandis;NA;2002-06-05;2024-03-21;Krajský úřad Jihomoravského kraje;POP_PROCDOB;0;50;% populace v dobrém stavu;špatný;neznámý;2026-01-18;RP Jižní Morava;NA;15087
Druh;CZ0622217;Stepní stráně u Komořan;Pulsatilla grandis;NA;2002-06-05;2024-03-21;Krajský úřad Jihomoravského kraje;10;špatný;NA;NA;špatný;neznámý;2026-01-18;RP Jižní Morava;NA;15087
Druh;CZ0622226;Velký kopec;Pulsatilla grandis;NA;2001-01-01;2021-04-02;Krajský úřad Jihomoravského kraje;LOK_PROCDOBR;0;50;% lokalit v dobrém stavu;špatný;neznámý;2026-01-18;RP Jižní Morava;NA;15087
Druh;CZ0622226;Velký kopec;Pulsatilla grandis;NA;2001-01-01;2021-04-02;Krajský úřad Jihomoravského kraje;POP_PROCDOB;0;50;% populace v dobrém stavu;špatný;neznámý;2026-01-18;RP Jižní Morava;NA;15087
Druh;CZ0622226;Velký kopec;Pulsatilla grandis;NA;2001-01-01;2021-04-02;Krajský úřad Jihomoravského kraje;10;špatný;NA;NA;špatný;neznámý;2026-01-18;RP Jižní Morava;NA;15087
Druh;CZ0622227;Volkramy;Pulsatilla grandis;NA;2011-05-12;2025-03-16;Krajský úřad Jihomoravského kraje;LOK_PROCDOBR;0;50;% lokalit v dobrém stavu;špatný;neznámý;2026-01-18;RP Jižní Morava;NA;15087
Druh;CZ0622227;Volkramy;Pulsatilla grandis;NA;2011-05-12;2025-03-16;Krajský úřad Jihomoravského kraje;POP_PROCDOB;0;50;% populace v dobrém stavu;špatný;neznámý;2026-01-18;RP Jižní Morava;NA;15087
Druh;CZ0622227;Volkramy;Pulsatilla grandis;NA;2011-05-12;2025-03-16;Krajský úřad Jihomoravského kraje;10;špatný;NA;NA;špatný;neznámý;2026-01-18;RP Jižní Morava;NA;15087
Druh;CZ0624020;Stránská skála;Pulsatilla grandis;NA;2000-08-01;2024-10-01;AOPK ČR - RP Jižní Morava;LOK_PROCDOBR;50;50;% lokalit v dobrém stavu;dobrý;neznámý;2026-01-18;RP Jižní Morava;NA;15087
Druh;CZ0624020;Stránská skála;Pulsatilla grandis;NA;2000-08-01;2024-10-01;AOPK ČR - RP Jižní Morava;POP_PROCDOB;48.843;50;% populace v dobrém stavu;špatný;neznámý;2026-01-18;RP Jižní Morava;NA;15087
Druh;CZ0624020;Stránská skála;Pulsatilla grandis;NA;2000-08-01;2024-10-01;AOPK ČR - RP Jižní Morava;10;zhoršený;NA;NA;zhoršený;neznámý;2026-01-18;RP Jižní Morava;NA;15087
Druh;CZ0624043;Stolová hora;Pulsatilla grandis;NA;2000-01-01;2024-04-26;AOPK ČR - RP Jižní Morava;LOK_PROCDOBR;10;50;% lokalit v dobrém stavu;špatný;neznámý;2026-01-18;RP Jižní Morava;NA;15087
Druh;CZ0624043;Stolová hora;Pulsatilla grandis;NA;2000-01-01;2024-04-26;AOPK ČR - RP Jižní Morava;POP_PROCDOB;49.092;50;% populace v dobrém stavu;špatný;neznámý;2026-01-18;RP Jižní Morava;NA;15087
Druh;CZ0624043;Stolová hora;Pulsatilla grandis;NA;2000-01-01;2024-04-26;AOPK ČR - RP Jižní Morava;10;špatný;NA;NA;špatný;neznámý;2026-01-18;RP Jižní Morava;NA;15087
Druh;CZ0624067;Kamenný vrch;Pulsatilla grandis;NA;2000-09-25;2024-04-06;Krajský úřad Jihomoravského kraje;LOK_PROCDOBR;0;50;% lokalit v dobrém stavu;špatný;neznámý;2026-01-18;RP Jižní Morava;NA;15087
Druh;CZ0624067;Kamenný vrch;Pulsatilla grandis;NA;2000-09-25;2024-04-06;Krajský úřad Jihomoravského kraje;POP_PROCDOB;0;50;% populace v dobrém stavu;špatný;neznámý;2026-01-18;RP Jižní Morava;NA;15087
Druh;CZ0624067;Kamenný vrch;Pulsatilla grandis;NA;2000-09-25;2024-04-06;Krajský úřad Jihomoravského kraje;10;špatný;NA;NA;špatný;neznámý;2026-01-18;RP Jižní Morava;NA;15087
Druh;CZ0624096;Podyjí;Pulsatilla grandis;NA;2000-01-01;2025-03-28;Správa NP Podyjí;LOK_PROCDOBR;0;50;% lokalit v dobrém stavu;špatný;neznámý;2026-01-18;RP Jižní Morava;NA;15087
Druh;CZ0624096;Podyjí;Pulsatilla grandis;NA;2000-01-01;2025-03-28;Správa NP Podyjí;POP_PROCDOB;0;50;% populace v dobrém stavu;špatný;neznámý;2026-01-18;RP Jižní Morava;NA;15087
Druh;CZ0624096;Podyjí;Pulsatilla grandis;NA;2000-01-01;2025-03-28;Správa NP Podyjí;10;špatný;NA;NA;špatný;neznámý;2026-01-18;RP Jižní Morava;NA;15087
Druh;CZ0624097;Šévy;Pulsatilla grandis;NA;2002-06-01;2023-06-22;Krajský úřad Jihomoravského kraje;LOK_PROCDOBR;0;50;% lokalit v dobrém stavu;špatný;neznámý;2026-01-18;RP Jižní Morava;NA;15087
Druh;CZ0624097;Šévy;Pulsatilla grandis;NA;2002-06-01;2023-06-22;Krajský úřad Jihomoravského kraje;POP_PROCDOB;0;50;% populace v dobrém stavu;špatný;neznámý;2026-01-18;RP Jižní Morava;NA;15087
Druh;CZ0624097;Šévy;Pulsatilla grandis;NA;2002-06-01;2023-06-22;Krajský úřad Jihomoravského kraje;10;špatný;NA;NA;špatný;neznámý;2026-01-18;RP Jižní Morava;NA;15087
Druh;CZ0624118;Skalky u Havraníků;Pulsatilla grandis;NA;2001-05-01;2022-09-05;Krajský úřad Jihomoravského kraje;LOK_PROCDOBR;0;50;% lokalit v dobrém stavu;špatný;neznámý;2026-01-18;RP Jižní Morava;NA;15087
Druh;CZ0624118;Skalky u Havraníků;Pulsatilla grandis;NA;2001-05-01;2022-09-05;Krajský úřad Jihomoravského kraje;POP_PROCDOB;0;50;% populace v dobrém stavu;špatný;neznámý;2026-01-18;RP Jižní Morava;NA;15087
Druh;CZ0624118;Skalky u Havraníků;Pulsatilla grandis;NA;2001-05-01;2022-09-05;Krajský úřad Jihomoravského kraje;10;špatný;NA;NA;špatný;neznámý;2026-01-18;RP Jižní Morava;NA;15087
Druh;CZ0624128;Krumlovsko-rokytenské slepence;Pulsatilla grandis;NA;2000-01-01;2024-04-16;AOPK ČR - RP Jižní Morava, Krajský úřad Jihomoravského kraje;LOK_PROCDOBR;0;50;% lokalit v dobrém stavu;špatný;neznámý;2026-01-18;RP Jižní Morava;NA;15087
Druh;CZ0624128;Krumlovsko-rokytenské slepence;Pulsatilla grandis;NA;2000-01-01;2024-04-16;AOPK ČR - RP Jižní Morava, Krajský úřad Jihomoravského kraje;POP_PROCDOB;0;50;% populace v dobrém stavu;špatný;neznámý;2026-01-18;RP Jižní Morava;NA;15087
Druh;CZ0624128;Krumlovsko-rokytenské slepence;Pulsatilla grandis;NA;2000-01-01;2024-04-16;AOPK ČR - RP Jižní Morava, Krajský úřad Jihomoravského kraje;10;špatný;NA;NA;špatný;neznámý;2026-01-18;RP Jižní Morava;NA;15087
Druh;CZ0624130;Moravský kras;Pulsatilla grandis;NA;2000-01-01;2024-03-19;AOPK ČR - RP Jižní Morava, Krajský úřad Jihomoravského kraje;LOK_PROCDOBR;0;50;% lokalit v dobrém stavu;špatný;neznámý;2026-01-18;RP Jižní Morava;NA;15087
Druh;CZ0624130;Moravský kras;Pulsatilla grandis;NA;2000-01-01;2024-03-19;AOPK ČR - RP Jižní Morava, Krajský úřad Jihomoravského kraje;POP_PROCDOB;0;50;% populace v dobrém stavu;špatný;neznámý;2026-01-18;RP Jižní Morava;NA;15087
Druh;CZ0624130;Moravský kras;Pulsatilla grandis;NA;2000-01-01;2024-03-19;AOPK ČR - RP Jižní Morava, Krajský úřad Jihomoravského kraje;10;špatný;NA;NA;špatný;neznámý;2026-01-18;RP Jižní Morava;NA;15087
Druh;CZ0624235;Malhostovické kopečky;Pulsatilla grandis;NA;2000-01-01;2024-04-06;Krajský úřad Jihomoravského kraje;LOK_PROCDOBR;0;50;% lokalit v dobrém stavu;špatný;neznámý;2026-01-18;RP Jižní Morava;NA;15087
Druh;CZ0624235;Malhostovické kopečky;Pulsatilla grandis;NA;2000-01-01;2024-04-06;Krajský úřad Jihomoravského kraje;POP_PROCDOB;0;50;% populace v dobrém stavu;špatný;neznámý;2026-01-18;RP Jižní Morava;NA;15087
Druh;CZ0624235;Malhostovické kopečky;Pulsatilla grandis;NA;2000-01-01;2024-04-06;Krajský úřad Jihomoravského kraje;10;špatný;NA;NA;špatný;neznámý;2026-01-18;RP Jižní Morava;NA;15087
Druh;CZ0624236;Jižní svahy Hádů;Pulsatilla grandis;NA;2000-01-01;2024-03-18;Krajský úřad Jihomoravského kraje;LOK_PROCDOBR;16.667;50;% lokalit v dobrém stavu;špatný;neznámý;2026-01-18;RP Jižní Morava;NA;15087
Druh;CZ0624236;Jižní svahy Hádů;Pulsatilla grandis;NA;2000-01-01;2024-03-18;Krajský úřad Jihomoravského kraje;POP_PROCDOB;90.715;50;% populace v dobrém stavu;dobrý;neznámý;2026-01-18;RP Jižní Morava;NA;15087
Druh;CZ0624236;Jižní svahy Hádů;Pulsatilla grandis;NA;2000-01-01;2024-03-18;Krajský úřad Jihomoravského kraje;10;zhoršený;NA;NA;zhoršený;neznámý;2026-01-18;RP Jižní Morava;NA;15087
Druh;CZ0712192;U Bílých hlín;Pulsatilla grandis;NA;2000-01-01;2025-03-20;Krajský úřad Olomouckého kraje;LOK_PROCDOBR;0;50;% lokalit v dobrém stavu;špatný;neznámý;2026-01-18;RP Olomoucko;NA;15087
Druh;CZ0712192;U Bílých hlín;Pulsatilla grandis;NA;2000-01-01;2025-03-20;Krajský úřad Olomouckého kraje;POP_PROCDOB;0;50;% populace v dobrém stavu;špatný;neznámý;2026-01-18;RP Olomoucko;NA;15087
Druh;CZ0712192;U Bílých hlín;Pulsatilla grandis;NA;2000-01-01;2025-03-20;Krajský úřad Olomouckého kraje;10;špatný;NA;NA;špatný;neznámý;2026-01-18;RP Olomoucko;NA;15087
Druh;CZ0712193;U Strejčkova lomu;Pulsatilla grandis;NA;2000-01-01;2024-04-15;Krajský úřad Olomouckého kraje;LOK_PROCDOBR;0;50;% lokalit v dobrém stavu;špatný;neznámý;2026-01-18;RP Olomoucko;NA;15087
Druh;CZ0712193;U Strejčkova lomu;Pulsatilla grandis;NA;2000-01-01;2024-04-15;Krajský úřad Olomouckého kraje;POP_PROCDOB;0;50;% populace v dobrém stavu;špatný;neznámý;2026-01-18;RP Olomoucko;NA;15087
Druh;CZ0712193;U Strejčkova lomu;Pulsatilla grandis;NA;2000-01-01;2024-04-15;Krajský úřad Olomouckého kraje;10;špatný;NA;NA;špatný;neznámý;2026-01-18;RP Olomoucko;NA;15087
Druh;CZ0712225;Za Hrnčířkou;Pulsatilla grandis;NA;2000-01-01;2024-04-08;AOPK ČR - RP Olomoucko;LOK_PROCDOBR;0;50;% lokalit v dobrém stavu;špatný;neznámý;2026-01-18;RP Olomoucko;NA;15087
Druh;CZ0712225;Za Hrnčířkou;Pulsatilla grandis;NA;2000-01-01;2024-04-08;AOPK ČR - RP Olomoucko;POP_PROCDOB;0;50;% populace v dobrém stavu;špatný;neznámý;2026-01-18;RP Olomoucko;NA;15087
Druh;CZ0712225;Za Hrnčířkou;Pulsatilla grandis;NA;2000-01-01;2024-04-08;AOPK ČR - RP Olomoucko;10;špatný;NA;NA;špatný;neznámý;2026-01-18;RP Olomoucko;NA;15087
Druh;CZ0714076;Kosířské lomy;Pulsatilla grandis;NA;2000-01-01;2024-03-28;AOPK ČR - RP Olomoucko;LOK_PROCDOBR;0;50;% lokalit v dobrém stavu;špatný;neznámý;2026-01-18;RP Olomoucko;NA;15087
Druh;CZ0714076;Kosířské lomy;Pulsatilla grandis;NA;2000-01-01;2024-03-28;AOPK ČR - RP Olomoucko;POP_PROCDOB;0;50;% populace v dobrém stavu;špatný;neznámý;2026-01-18;RP Olomoucko;NA;15087
Druh;CZ0714076;Kosířské lomy;Pulsatilla grandis;NA;2000-01-01;2024-03-28;AOPK ČR - RP Olomoucko;10;špatný;NA;NA;špatný;neznámý;2026-01-18;RP Olomoucko;NA;15087
Druh;CZ0622009;Hovoranské louky;Klasea lycopifolia;NA;2000-01-01;2024-05-06;Krajský úřad Jihomoravského kraje;LOK_PROCDOBR;0;50;% lokalit v dobrém stavu;špatný;neznámý;2026-01-18;RP Jižní Morava;NA;15087
Druh;CZ0622009;Hovoranské louky;Klasea lycopifolia;NA;2000-01-01;2024-05-06;Krajský úřad Jihomoravského kraje;POP_PROCDOB;0;50;% populace v dobrém stavu;špatný;neznámý;2026-01-18;RP Jižní Morava;NA;15087
Druh;CZ0622009;Hovoranské louky;Klasea lycopifolia;NA;2000-01-01;2024-05-06;Krajský úřad Jihomoravského kraje;10;špatný;NA;NA;špatný;neznámý;2026-01-18;RP Jižní Morava;NA;15087
Druh;CZ0622218;Dunajovické kopce;Klasea lycopifolia;NA;2000-01-01;2024-05-26;AOPK ČR - RP Jižní Morava;LOK_PROCDOBR;0;50;% lokalit v dobrém stavu;špatný;neznámý;2026-01-18;RP Jižní Morava;NA;15087
Druh;CZ0622218;Dunajovické kopce;Klasea lycopifolia;NA;2000-01-01;2024-05-26;AOPK ČR - RP Jižní Morava;POP_PROCDOB;0;50;% populace v dobrém stavu;špatný;neznámý;2026-01-18;RP Jižní Morava;NA;15087
Druh;CZ0622218;Dunajovické kopce;Klasea lycopifolia;NA;2000-01-01;2024-05-26;AOPK ČR - RP Jižní Morava;10;špatný;NA;NA;špatný;neznámý;2026-01-18;RP Jižní Morava;NA;15087
Druh;CZ0624072;Čertoryje;Klasea lycopifolia;NA;1800-01-01;2024-06-05;AOPK ČR - RP SCHKO Bílé Karpaty;LOK_PROCDOBR;0;50;% lokalit v dobrém stavu;špatný;neznámý;2026-01-18;RP SCHKO Bílé Karpaty;NA;15087
Druh;CZ0624072;Čertoryje;Klasea lycopifolia;NA;1800-01-01;2024-06-05;AOPK ČR - RP SCHKO Bílé Karpaty;POP_PROCDOB;0;50;% populace v dobrém stavu;špatný;neznámý;2026-01-18;RP SCHKO Bílé Karpaty;NA;15087
Druh;CZ0624072;Čertoryje;Klasea lycopifolia;NA;1800-01-01;2024-06-05;AOPK ČR - RP SCHKO Bílé Karpaty;10;špatný;NA;NA;špatný;neznámý;2026-01-18;RP SCHKO Bílé Karpaty;NA;15087
Druh;CZ0724090;Bílé Karpaty;Klasea lycopifolia;NA;2001-04-01;2024-06-20;AOPK ČR - RP SCHKO Bílé Karpaty;LOK_PROCDOBR;22.222;50;% lokalit v dobrém stavu;špatný;neznámý;2026-01-18;RP SCHKO Bílé Karpaty;NA;15087
Druh;CZ0724090;Bílé Karpaty;Klasea lycopifolia;NA;2001-04-01;2024-06-20;AOPK ČR - RP SCHKO Bílé Karpaty;POP_PROCDOB;0;50;% populace v dobrém stavu;špatný;neznámý;2026-01-18;RP SCHKO Bílé Karpaty;NA;15087
Druh;CZ0724090;Bílé Karpaty;Klasea lycopifolia;NA;2001-04-01;2024-06-20;AOPK ČR - RP SCHKO Bílé Karpaty;10;špatný;NA;NA;špatný;neznámý;2026-01-18;RP SCHKO Bílé Karpaty;NA;15087
Druh;CZ0722198;Hodňovská dolina;Tephroseris longifolia subsp. moravica;NA;2000-01-01;2022-07-15;AOPK ČR - RP SCHKO Bílé Karpaty;LOK_PROCDOBR;0;50;% lokalit v dobrém stavu;špatný;neznámý;2026-01-18;RP SCHKO Bílé Karpaty;NA;15087
Druh;CZ0722198;Hodňovská dolina;Tephroseris longifolia subsp. moravica;NA;2000-01-01;2022-07-15;AOPK ČR - RP SCHKO Bílé Karpaty;POP_PROCDOB;0;50;% populace v dobrém stavu;špatný;neznámý;2026-01-18;RP SCHKO Bílé Karpaty;NA;15087
Druh;CZ0722198;Hodňovská dolina;Tephroseris longifolia subsp. moravica;NA;2000-01-01;2022-07-15;AOPK ČR - RP SCHKO Bílé Karpaty;10;špatný;NA;NA;špatný;neznámý;2026-01-18;RP SCHKO Bílé Karpaty;NA;15087
Druh;CZ0722199;Hrušová dolina;Tephroseris longifolia subsp. moravica;NA;1999-06-10;2022-07-01;AOPK ČR - RP SCHKO Bílé Karpaty;LOK_PROCDOBR;0;50;% lokalit v dobrém stavu;špatný;neznámý;2026-01-18;RP SCHKO Bílé Karpaty;NA;15087
Druh;CZ0722199;Hrušová dolina;Tephroseris longifolia subsp. moravica;NA;1999-06-10;2022-07-01;AOPK ČR - RP SCHKO Bílé Karpaty;POP_PROCDOB;0;50;% populace v dobrém stavu;špatný;neznámý;2026-01-18;RP SCHKO Bílé Karpaty;NA;15087
Druh;CZ0722199;Hrušová dolina;Tephroseris longifolia subsp. moravica;NA;1999-06-10;2022-07-01;AOPK ČR - RP SCHKO Bílé Karpaty;10;špatný;NA;NA;špatný;neznámý;2026-01-18;RP SCHKO Bílé Karpaty;NA;15087
Druh;CZ0724430;Vlárský průsmyk;Tephroseris longifolia subsp. moravica;NA;2000-05-18;2023-07-04;AOPK ČR - RP SCHKO Bílé Karpaty;LOK_PROCDOBR;0;50;% lokalit v dobrém stavu;špatný;neznámý;2026-01-18;RP SCHKO Bílé Karpaty;NA;15087
Druh;CZ0724430;Vlárský průsmyk;Tephroseris longifolia subsp. moravica;NA;2000-05-18;2023-07-04;AOPK ČR - RP SCHKO Bílé Karpaty;POP_PROCDOB;0;50;% populace v dobrém stavu;špatný;neznámý;2026-01-18;RP SCHKO Bílé Karpaty;NA;15087
Druh;CZ0724430;Vlárský průsmyk;Tephroseris longifolia subsp. moravica;NA;2000-05-18;2023-07-04;AOPK ČR - RP SCHKO Bílé Karpaty;10;špatný;NA;NA;špatný;neznámý;2026-01-18;RP SCHKO Bílé Karpaty;NA;15087
Druh;CZ0414127;Hradiště;Pulsatilla patens;NA;1917-01-01;2023-05-01;Krajský úřad Ústeckého kraje, Újezdní úřad Hradiště, Krajský úřad Karlovarského kraje, AOPK ČR - RP SCHKO Slavkovský les;LOK_PROCDOBR;0;50;% lokalit v dobrém stavu;špatný;neznámý;2026-01-18;RP SCHKO Slavkovský les;NA;15087
Druh;CZ0414127;Hradiště;Pulsatilla patens;NA;1917-01-01;2023-05-01;Krajský úřad Ústeckého kraje, Újezdní úřad Hradiště, Krajský úřad Karlovarského kraje, AOPK ČR - RP SCHKO Slavkovský les;POP_PROCDOB;0;50;% populace v dobrém stavu;špatný;neznámý;2026-01-18;RP SCHKO Slavkovský les;NA;15087
Druh;CZ0414127;Hradiště;Pulsatilla patens;NA;1917-01-01;2023-05-01;Krajský úřad Ústeckého kraje, Újezdní úřad Hradiště, Krajský úřad Karlovarského kraje, AOPK ČR - RP SCHKO Slavkovský les;10;špatný;NA;NA;špatný;neznámý;2026-01-18;RP SCHKO Slavkovský les;NA;15087
Druh;CZ0422075;Borečský vrch;Pulsatilla patens;NA;2000-01-01;2024-04-29;AOPK ČR - RP SCHKO České středohoří;LOK_PROCDOBR;0;50;% lokalit v dobrém stavu;špatný;neznámý;2026-01-18;RP SCHKO České středohoří;NA;15087
Druh;CZ0422075;Borečský vrch;Pulsatilla patens;NA;2000-01-01;2024-04-29;AOPK ČR - RP SCHKO České středohoří;POP_PROCDOB;0;50;% populace v dobrém stavu;špatný;neznámý;2026-01-18;RP SCHKO České středohoří;NA;15087
Druh;CZ0422075;Borečský vrch;Pulsatilla patens;NA;2000-01-01;2024-04-29;AOPK ČR - RP SCHKO České středohoří;10;špatný;NA;NA;špatný;neznámý;2026-01-18;RP SCHKO České středohoří;NA;15087
Druh;CZ0424030;Bezručovo údolí;Pulsatilla patens;NA;2000-05-01;2023-04-16;Krajský úřad Ústeckého kraje;LOK_PROCDOBR;0;50;% lokalit v dobrém stavu;špatný;neznámý;2026-01-18;RP SCHKO Slavkovský les;NA;15087
Druh;CZ0424030;Bezručovo údolí;Pulsatilla patens;NA;2000-05-01;2023-04-16;Krajský úřad Ústeckého kraje;POP_PROCDOB;0;50;% populace v dobrém stavu;špatný;neznámý;2026-01-18;RP SCHKO Slavkovský les;NA;15087
Druh;CZ0424030;Bezručovo údolí;Pulsatilla patens;NA;2000-05-01;2023-04-16;Krajský úřad Ústeckého kraje;10;špatný;NA;NA;špatný;neznámý;2026-01-18;RP SCHKO Slavkovský les;NA;15087
Druh;CZ0424038;Holý vrch u Hlinné;Pulsatilla patens;NA;2001-07-05;2024-04-16;AOPK ČR - RP SCHKO České středohoří;LOK_PROCDOBR;0;50;% lokalit v dobrém stavu;špatný;neznámý;2026-01-18;RP SCHKO České středohoří;NA;15087
Druh;CZ0424038;Holý vrch u Hlinné;Pulsatilla patens;NA;2001-07-05;2024-04-16;AOPK ČR - RP SCHKO České středohoří;POP_PROCDOB;0;50;% populace v dobrém stavu;špatný;neznámý;2026-01-18;RP SCHKO České středohoří;NA;15087
Druh;CZ0424038;Holý vrch u Hlinné;Pulsatilla patens;NA;2001-07-05;2024-04-16;AOPK ČR - RP SCHKO České středohoří;10;špatný;NA;NA;špatný;neznámý;2026-01-18;RP SCHKO České středohoří;NA;15087
Druh;CZ0424125;Doupovské hory;Pulsatilla patens;NA;2000-05-01;2024-04-30;Krajský úřad Ústeckého kraje, AOPK ČR - RP SCHKO Slavkovský les, Krajský úřad Karlovarského kraje;LOK_PROCDOBR;0;50;% lokalit v dobrém stavu;špatný;neznámý;2026-01-18;RP SCHKO Slavkovský les;NA;15087
Druh;CZ0424125;Doupovské hory;Pulsatilla patens;NA;2000-05-01;2024-04-30;Krajský úřad Ústeckého kraje, AOPK ČR - RP SCHKO Slavkovský les, Krajský úřad Karlovarského kraje;POP_PROCDOB;0;50;% populace v dobrém stavu;špatný;neznámý;2026-01-18;RP SCHKO Slavkovský les;NA;15087
Druh;CZ0424125;Doupovské hory;Pulsatilla patens;NA;2000-05-01;2024-04-30;Krajský úřad Ústeckého kraje, AOPK ČR - RP SCHKO Slavkovský les, Krajský úřad Karlovarského kraje;10;špatný;NA;NA;špatný;neznámý;2026-01-18;RP SCHKO Slavkovský les;NA;15087
Druh;CZ0514042;Jestřebsko - Dokesko;Pulsatilla patens;NA;2000-05-01;2024-04-04;Krajský úřad Libereckého kraje, AOPK ČR - RP SCHKO Kokořínsko - Máchův kraj;LOK_PROCDOBR;0;50;% lokalit v dobrém stavu;špatný;neznámý;2026-01-18;RP SCHKO Kokořínsko - Máchův kraj;NA;15087
Druh;CZ0514042;Jestřebsko - Dokesko;Pulsatilla patens;NA;2000-05-01;2024-04-04;Krajský úřad Libereckého kraje, AOPK ČR - RP SCHKO Kokořínsko - Máchův kraj;POP_PROCDOB;0;50;% populace v dobrém stavu;špatný;neznámý;2026-01-18;RP SCHKO Kokořínsko - Máchův kraj;NA;15087
Druh;CZ0514042;Jestřebsko - Dokesko;Pulsatilla patens;NA;2000-05-01;2024-04-04;Krajský úřad Libereckého kraje, AOPK ČR - RP SCHKO Kokořínsko - Máchův kraj;10;špatný;NA;NA;špatný;neznámý;2026-01-18;RP SCHKO Kokořínsko - Máchův kraj;NA;15087
Druh;CZ0212008;Hadce u Hrnčíř;Minuartia smejkalii;NA;2000-01-01;2024-07-08;Krajský úřad Středočeského kraje;LOK_PROCDOBR;0;50;% lokalit v dobrém stavu;špatný;neznámý;2026-01-18;RP Střední Čechy;NA;15087
Druh;CZ0212008;Hadce u Hrnčíř;Minuartia smejkalii;NA;2000-01-01;2024-07-08;Krajský úřad Středočeského kraje;POP_PROCDOB;0;50;% populace v dobrém stavu;špatný;neznámý;2026-01-18;RP Střední Čechy;NA;15087
Druh;CZ0212008;Hadce u Hrnčíř;Minuartia smejkalii;NA;2000-01-01;2024-07-08;Krajský úřad Středočeského kraje;10;špatný;NA;NA;špatný;neznámý;2026-01-18;RP Střední Čechy;NA;15087
Druh;CZ0214016;Želivka;Minuartia smejkalii;NA;2000-01-01;2024-07-03;Krajský úřad Středočeského kraje, AOPK ČR - RP Střední Čechy, Krajský úřad Kraje Vysočina;LOK_PROCDOBR;0;50;% lokalit v dobrém stavu;špatný;neznámý;2026-01-18;RP Střední Čechy;NA;15087
Druh;CZ0214016;Želivka;Minuartia smejkalii;NA;2000-01-01;2024-07-03;Krajský úřad Středočeského kraje, AOPK ČR - RP Střední Čechy, Krajský úřad Kraje Vysočina;POP_PROCDOB;0;50;% populace v dobrém stavu;špatný;neznámý;2026-01-18;RP Střední Čechy;NA;15087
Druh;CZ0214016;Želivka;Minuartia smejkalii;NA;2000-01-01;2024-07-03;Krajský úřad Středočeského kraje, AOPK ČR - RP Střední Čechy, Krajský úřad Kraje Vysočina;10;špatný;NA;NA;špatný;neznámý;2026-01-18;RP Střední Čechy;NA;15087
Druh;CZ0422079;Královomlýnský rybník;Luronium natans;NA;2000-01-01;2024-08-09;Správa NP České Švýcarsko;LOK_PROCDOBR;0;50;% lokalit v dobrém stavu;špatný;neznámý;2026-01-18;RP SCHKO České středohoří;NA;15087
Druh;CZ0422079;Královomlýnský rybník;Luronium natans;NA;2000-01-01;2024-08-09;Správa NP České Švýcarsko;POP_PROCDOB;0;50;% populace v dobrém stavu;špatný;neznámý;2026-01-18;RP SCHKO České středohoří;NA;15087
Druh;CZ0422079;Královomlýnský rybník;Luronium natans;NA;2000-01-01;2024-08-09;Správa NP České Švýcarsko;10;špatný;NA;NA;špatný;neznámý;2026-01-18;RP SCHKO České středohoří;NA;15087
Druh;CZ0424111;Labské údolí;Luronium natans;NA;2000-01-01;2024-08-09;Správa NP České Švýcarsko;LOK_PROCDOBR;0;50;% lokalit v dobrém stavu;špatný;neznámý;2026-01-18;RP SCHKO České středohoří;NA;15087
Druh;CZ0424111;Labské údolí;Luronium natans;NA;2000-01-01;2024-08-09;Správa NP České Švýcarsko;POP_PROCDOB;0;50;% populace v dobrém stavu;špatný;neznámý;2026-01-18;RP SCHKO České středohoří;NA;15087
Druh;CZ0424111;Labské údolí;Luronium natans;NA;2000-01-01;2024-08-09;Správa NP České Švýcarsko;10;špatný;NA;NA;špatný;neznámý;2026-01-18;RP SCHKO České středohoří;NA;15087
Druh;CZ0412069;Pramenské pastviny;Cerastium alsinifolium;NA;2004-05-10;2018-11-14;AOPK ČR - RP SCHKO Slavkovský les;LOK_PROCDOBR;0;50;% lokalit v dobrém stavu;špatný;neznámý;2026-01-18;RP SCHKO Slavkovský les;NA;15087
Druh;CZ0412069;Pramenské pastviny;Cerastium alsinifolium;NA;2004-05-10;2018-11-14;AOPK ČR - RP SCHKO Slavkovský les;POP_PROCDOB;0;50;% populace v dobrém stavu;špatný;neznámý;2026-01-18;RP SCHKO Slavkovský les;NA;15087
Druh;CZ0412069;Pramenské pastviny;Cerastium alsinifolium;NA;2004-05-10;2018-11-14;AOPK ČR - RP SCHKO Slavkovský les;10;špatný;NA;NA;špatný;neznámý;2026-01-18;RP SCHKO Slavkovský les;NA;15087
Druh;CZ0412070;Raušenbašská lada;Cerastium alsinifolium;NA;2000-01-01;2024-11-26;AOPK ČR - RP SCHKO Slavkovský les;LOK_PROCDOBR;0;50;% lokalit v dobrém stavu;špatný;neznámý;2026-01-18;RP SCHKO Slavkovský les;NA;15087
Druh;CZ0412070;Raušenbašská lada;Cerastium alsinifolium;NA;2000-01-01;2024-11-26;AOPK ČR - RP SCHKO Slavkovský les;POP_PROCDOB;0;50;% populace v dobrém stavu;špatný;neznámý;2026-01-18;RP SCHKO Slavkovský les;NA;15087
Druh;CZ0412070;Raušenbašská lada;Cerastium alsinifolium;NA;2000-01-01;2024-11-26;AOPK ČR - RP SCHKO Slavkovský les;10;špatný;NA;NA;špatný;neznámý;2026-01-18;RP SCHKO Slavkovský les;NA;15087
Druh;CZ0414026;Úpolínová louka - Křížky;Cerastium alsinifolium;NA;2000-01-01;2024-09-19;AOPK ČR - RP SCHKO Slavkovský les;LOK_PROCDOBR;0;50;% lokalit v dobrém stavu;špatný;neznámý;2026-01-18;RP SCHKO Slavkovský les;NA;15087
Druh;CZ0414026;Úpolínová louka - Křížky;Cerastium alsinifolium;NA;2000-01-01;2024-09-19;AOPK ČR - RP SCHKO Slavkovský les;POP_PROCDOB;0;50;% populace v dobrém stavu;špatný;neznámý;2026-01-18;RP SCHKO Slavkovský les;NA;15087
Druh;CZ0414026;Úpolínová louka - Křížky;Cerastium alsinifolium;NA;2000-01-01;2024-09-19;AOPK ČR - RP SCHKO Slavkovský les;10;špatný;NA;NA;špatný;neznámý;2026-01-18;RP SCHKO Slavkovský les;NA;15087
Druh;CZ0114001;Radotínské údolí;Dracocephalum austriacum;NA;2000-11-28;2024-05-14;AOPK ČR - RP Střední Čechy;LOK_PROCDOBR;0;50;% lokalit v dobrém stavu;špatný;neznámý;2026-01-18;RP Střední Čechy;NA;15087
Druh;CZ0114001;Radotínské údolí;Dracocephalum austriacum;NA;2000-11-28;2024-05-14;AOPK ČR - RP Střední Čechy;POP_PROCDOB;0;50;% populace v dobrém stavu;špatný;neznámý;2026-01-18;RP Střední Čechy;NA;15087
Druh;CZ0114001;Radotínské údolí;Dracocephalum austriacum;NA;2000-11-28;2024-05-14;AOPK ČR - RP Střední Čechy;10;špatný;NA;NA;špatný;neznámý;2026-01-18;RP Střední Čechy;NA;15087
Druh;CZ0214002;Karlické údolí;Dracocephalum austriacum;NA;2002-03-19;2024-05-07;AOPK ČR - RP Střední Čechy;LOK_PROCDOBR;0;50;% lokalit v dobrém stavu;špatný;neznámý;2026-01-18;RP Střední Čechy;NA;15087
Druh;CZ0214002;Karlické údolí;Dracocephalum austriacum;NA;2002-03-19;2024-05-07;AOPK ČR - RP Střední Čechy;POP_PROCDOB;0;50;% populace v dobrém stavu;špatný;neznámý;2026-01-18;RP Střední Čechy;NA;15087
Druh;CZ0214002;Karlické údolí;Dracocephalum austriacum;NA;2002-03-19;2024-05-07;AOPK ČR - RP Střední Čechy;10;špatný;NA;NA;špatný;neznámý;2026-01-18;RP Střední Čechy;NA;15087
Druh;CZ0214017;Karlštejn - Koda;Dracocephalum austriacum;NA;1997-01-01;2024-11-01;AOPK ČR - RP Střední Čechy;LOK_PROCDOBR;6.25;50;% lokalit v dobrém stavu;špatný;neznámý;2026-01-18;RP Střední Čechy;NA;15087
Druh;CZ0214017;Karlštejn - Koda;Dracocephalum austriacum;NA;1997-01-01;2024-11-01;AOPK ČR - RP Střední Čechy;POP_PROCDOB;28.885;50;% populace v dobrém stavu;špatný;neznámý;2026-01-18;RP Střední Čechy;NA;15087
Druh;CZ0214017;Karlštejn - Koda;Dracocephalum austriacum;NA;1997-01-01;2024-11-01;AOPK ČR - RP Střední Čechy;10;špatný;NA;NA;špatný;neznámý;2026-01-18;RP Střední Čechy;NA;15087
Druh;CZ0714077;Praděd;Campanula gelida;NA;2000-01-01;2024-07-25;AOPK ČR - RP Olomoucko;LOK_PROCDOBR;0;50;% lokalit v dobrém stavu;špatný;neznámý;2026-01-18;RP Olomoucko;NA;15087
Druh;CZ0714077;Praděd;Campanula gelida;NA;2000-01-01;2024-07-25;AOPK ČR - RP Olomoucko;POP_PROCDOB;0;50;% populace v dobrém stavu;špatný;neznámý;2026-01-18;RP Olomoucko;NA;15087
Druh;CZ0714077;Praděd;Campanula gelida;NA;2000-01-01;2024-07-25;AOPK ČR - RP Olomoucko;10;špatný;NA;NA;špatný;neznámý;2026-01-18;RP Olomoucko;NA;15087
Druh;CZ0212001;Březinský rybník;Coleanthus subtilis;NA;2000-07-23;2023-05-30;Krajský úřad Středočeského kraje;LOK_PROCDOBR;0;50;% lokalit v dobrém stavu;špatný;neznámý;2026-01-18;RP Střední Čechy;NA;15087
Druh;CZ0212001;Březinský rybník;Coleanthus subtilis;NA;2000-07-23;2023-05-30;Krajský úřad Středočeského kraje;POP_PROCDOB;0;50;% populace v dobrém stavu;špatný;neznámý;2026-01-18;RP Střední Čechy;NA;15087
Druh;CZ0212001;Březinský rybník;Coleanthus subtilis;NA;2000-07-23;2023-05-30;Krajský úřad Středočeského kraje;10;špatný;NA;NA;špatný;neznámý;2026-01-18;RP Střední Čechy;NA;15087
Druh;CZ0212010;Hvožďanské Háje;Coleanthus subtilis;NA;2001-03-27;2023-05-30;Krajský úřad Středočeského kraje;LOK_PROCDOBR;0;50;% lokalit v dobrém stavu;špatný;neznámý;2026-01-18;RP Střední Čechy;NA;15087
Druh;CZ0212010;Hvožďanské Háje;Coleanthus subtilis;NA;2001-03-27;2023-05-30;Krajský úřad Středočeského kraje;POP_PROCDOB;0;50;% populace v dobrém stavu;špatný;neznámý;2026-01-18;RP Střední Čechy;NA;15087
Druh;CZ0212010;Hvožďanské Háje;Coleanthus subtilis;NA;2001-03-27;2023-05-30;Krajský úřad Středočeského kraje;10;špatný;NA;NA;špatný;neznámý;2026-01-18;RP Střední Čechy;NA;15087
Druh;CZ0214014;Podlesí;Coleanthus subtilis;NA;2002-07-04;2024-03-18;AOPK ČR - RP Střední Čechy;LOK_PROCDOBR;0;50;% lokalit v dobrém stavu;špatný;neznámý;2026-01-18;RP Střední Čechy;NA;15087
Druh;CZ0214014;Podlesí;Coleanthus subtilis;NA;2002-07-04;2024-03-18;AOPK ČR - RP Střední Čechy;POP_PROCDOB;0;50;% populace v dobrém stavu;špatný;neznámý;2026-01-18;RP Střední Čechy;NA;15087
Druh;CZ0214014;Podlesí;Coleanthus subtilis;NA;2002-07-04;2024-03-18;AOPK ČR - RP Střední Čechy;10;špatný;NA;NA;špatný;neznámý;2026-01-18;RP Střední Čechy;NA;15087
Druh;CZ0214046;Rybník Vidlák;Coleanthus subtilis;NA;2006-01-01;2023-08-11;Krajský úřad Středočeského kraje;LOK_PROCDOBR;0;50;% lokalit v dobrém stavu;špatný;neznámý;2026-01-18;RP Střední Čechy;NA;15087
Druh;CZ0214046;Rybník Vidlák;Coleanthus subtilis;NA;2006-01-01;2023-08-11;Krajský úřad Středočeského kraje;POP_PROCDOB;0;50;% populace v dobrém stavu;špatný;neznámý;2026-01-18;RP Střední Čechy;NA;15087
Druh;CZ0214046;Rybník Vidlák;Coleanthus subtilis;NA;2006-01-01;2023-08-11;Krajský úřad Středočeského kraje;10;špatný;NA;NA;špatný;neznámý;2026-01-18;RP Střední Čechy;NA;15087
Druh;CZ0312038;Lomnický velký rybník;Coleanthus subtilis;NA;2008-05-23;2023-07-04;AOPK ČR - RP Jižní Čechy;LOK_PROCDOBR;0;50;% lokalit v dobrém stavu;špatný;neznámý;2026-01-18;RP Jižní Čechy;NA;15087
Druh;CZ0312038;Lomnický velký rybník;Coleanthus subtilis;NA;2008-05-23;2023-07-04;AOPK ČR - RP Jižní Čechy;POP_PROCDOB;0;50;% populace v dobrém stavu;špatný;neznámý;2026-01-18;RP Jižní Čechy;NA;15087
Druh;CZ0312038;Lomnický velký rybník;Coleanthus subtilis;NA;2008-05-23;2023-07-04;AOPK ČR - RP Jižní Čechy;10;špatný;NA;NA;špatný;neznámý;2026-01-18;RP Jižní Čechy;NA;15087
Druh;CZ0312040;Malý Horusický rybník;Coleanthus subtilis;NA;2015-05-14;2021-04-28;AOPK ČR - RP Jižní Čechy;LOK_PROCDOBR;0;50;% lokalit v dobrém stavu;špatný;neznámý;2026-01-18;RP Jižní Čechy;NA;15087
Druh;CZ0312040;Malý Horusický rybník;Coleanthus subtilis;NA;2015-05-14;2021-04-28;AOPK ČR - RP Jižní Čechy;POP_PROCDOB;0;50;% populace v dobrém stavu;špatný;neznámý;2026-01-18;RP Jižní Čechy;NA;15087
Druh;CZ0312040;Malý Horusický rybník;Coleanthus subtilis;NA;2015-05-14;2021-04-28;AOPK ČR - RP Jižní Čechy;10;špatný;NA;NA;špatný;neznámý;2026-01-18;RP Jižní Čechy;NA;15087
Druh;CZ0312048;Štičí rybník;Coleanthus subtilis;NA;2004-06-06;2024-04-30;AOPK ČR - RP Jižní Čechy;LOK_PROCDOBR;0;50;% lokalit v dobrém stavu;špatný;neznámý;2026-01-18;RP Jižní Čechy;NA;15087
Druh;CZ0312048;Štičí rybník;Coleanthus subtilis;NA;2004-06-06;2024-04-30;AOPK ČR - RP Jižní Čechy;POP_PROCDOB;0;50;% populace v dobrém stavu;špatný;neznámý;2026-01-18;RP Jižní Čechy;NA;15087
Druh;CZ0312048;Štičí rybník;Coleanthus subtilis;NA;2004-06-06;2024-04-30;AOPK ČR - RP Jižní Čechy;10;špatný;NA;NA;špatný;neznámý;2026-01-18;RP Jižní Čechy;NA;15087
Druh;CZ0314019;Velký a Malý Tisý;Coleanthus subtilis;NA;2000-01-01;2024-04-30;AOPK ČR - RP Jižní Čechy;LOK_PROCDOBR;50;50;% lokalit v dobrém stavu;dobrý;neznámý;2026-01-18;RP Jižní Čechy;NA;15087
Druh;CZ0314019;Velký a Malý Tisý;Coleanthus subtilis;NA;2000-01-01;2024-04-30;AOPK ČR - RP Jižní Čechy;POP_PROCDOB;0;50;% populace v dobrém stavu;špatný;neznámý;2026-01-18;RP Jižní Čechy;NA;15087
Druh;CZ0314019;Velký a Malý Tisý;Coleanthus subtilis;NA;2000-01-01;2024-04-30;AOPK ČR - RP Jižní Čechy;10;zhoršený;NA;NA;zhoršený;neznámý;2026-01-18;RP Jižní Čechy;NA;15087
Druh;CZ0314635;Mnišský rybník;Coleanthus subtilis;NA;2002-06-01;2023-06-06;Krajský úřad Jihočeského kraje;LOK_PROCDOBR;0;50;% lokalit v dobrém stavu;špatný;neznámý;2026-01-18;RP Jižní Čechy;NA;15087
Druh;CZ0314635;Mnišský rybník;Coleanthus subtilis;NA;2002-06-01;2023-06-06;Krajský úřad Jihočeského kraje;POP_PROCDOB;0;50;% populace v dobrém stavu;špatný;neznámý;2026-01-18;RP Jižní Čechy;NA;15087
Druh;CZ0314635;Mnišský rybník;Coleanthus subtilis;NA;2002-06-01;2023-06-06;Krajský úřad Jihočeského kraje;10;špatný;NA;NA;špatný;neznámý;2026-01-18;RP Jižní Čechy;NA;15087
Druh;CZ0314638;Vosecký rybník;Coleanthus subtilis;NA;2006-01-01;2024-05-16;Krajský úřad Jihočeského kraje;LOK_PROCDOBR;50;50;% lokalit v dobrém stavu;dobrý;neznámý;2026-01-18;RP Jižní Čechy;NA;15087
Druh;CZ0314638;Vosecký rybník;Coleanthus subtilis;NA;2006-01-01;2024-05-16;Krajský úřad Jihočeského kraje;POP_PROCDOB;0;50;% populace v dobrém stavu;špatný;neznámý;2026-01-18;RP Jižní Čechy;NA;15087
Druh;CZ0314638;Vosecký rybník;Coleanthus subtilis;NA;2006-01-01;2024-05-16;Krajský úřad Jihočeského kraje;10;zhoršený;NA;NA;zhoršený;neznámý;2026-01-18;RP Jižní Čechy;NA;15087
Druh;CZ0314640;Rybník Walden;Coleanthus subtilis;NA;2002-10-01;2024-05-16;Krajský úřad Jihočeského kraje;LOK_PROCDOBR;0;50;% lokalit v dobrém stavu;špatný;neznámý;2026-01-18;RP Jižní Čechy;NA;15087
Druh;CZ0314640;Rybník Walden;Coleanthus subtilis;NA;2002-10-01;2024-05-16;Krajský úřad Jihočeského kraje;POP_PROCDOB;0;50;% populace v dobrém stavu;špatný;neznámý;2026-01-18;RP Jižní Čechy;NA;15087
Druh;CZ0314640;Rybník Walden;Coleanthus subtilis;NA;2002-10-01;2024-05-16;Krajský úřad Jihočeského kraje;10;špatný;NA;NA;špatný;neznámý;2026-01-18;RP Jižní Čechy;NA;15087
Druh;CZ0322057;Maňovický rybník;Coleanthus subtilis;NA;2002-05-27;2023-05-30;Krajský úřad Plzeňského kraje;LOK_PROCDOBR;0;50;% lokalit v dobrém stavu;špatný;neznámý;2026-01-18;RP SCHKO Český les;NA;15087
Druh;CZ0322057;Maňovický rybník;Coleanthus subtilis;NA;2002-05-27;2023-05-30;Krajský úřad Plzeňského kraje;POP_PROCDOB;0;50;% populace v dobrém stavu;špatný;neznámý;2026-01-18;RP SCHKO Český les;NA;15087
Druh;CZ0322057;Maňovický rybník;Coleanthus subtilis;NA;2002-05-27;2023-05-30;Krajský úřad Plzeňského kraje;10;špatný;NA;NA;špatný;neznámý;2026-01-18;RP SCHKO Český les;NA;15087
Druh;CZ0420144;Novodomské a polské rašeliniště;Coleanthus subtilis;NA;2003-08-21;2013-07-03;AOPK ČR - RP SCHKO Slavkovský les, Krajský úřad Ústeckého kraje;LOK_PROCDOBR;0;50;% lokalit v dobrém stavu;špatný;neznámý;2026-01-18;RP SCHKO Slavkovský les;NA;15087
Druh;CZ0420144;Novodomské a polské rašeliniště;Coleanthus subtilis;NA;2003-08-21;2013-07-03;AOPK ČR - RP SCHKO Slavkovský les, Krajský úřad Ústeckého kraje;POP_PROCDOB;0;50;% populace v dobrém stavu;špatný;neznámý;2026-01-18;RP SCHKO Slavkovský les;NA;15087
Druh;CZ0420144;Novodomské a polské rašeliniště;Coleanthus subtilis;NA;2003-08-21;2013-07-03;AOPK ČR - RP SCHKO Slavkovský les, Krajský úřad Ústeckého kraje;10;špatný;NA;NA;špatný;neznámý;2026-01-18;RP SCHKO Slavkovský les;NA;15087
Druh;CZ0534050;Černý Nadýmač;Coleanthus subtilis;NA;2002-05-31;2023-05-10;Krajský úřad Pardubického kraje;LOK_PROCDOBR;0;50;% lokalit v dobrém stavu;špatný;neznámý;2026-01-18;RP Východní Čechy;NA;15087
Druh;CZ0534050;Černý Nadýmač;Coleanthus subtilis;NA;2002-05-31;2023-05-10;Krajský úřad Pardubického kraje;POP_PROCDOB;0;50;% populace v dobrém stavu;špatný;neznámý;2026-01-18;RP Východní Čechy;NA;15087
Druh;CZ0534050;Černý Nadýmač;Coleanthus subtilis;NA;2002-05-31;2023-05-10;Krajský úřad Pardubického kraje;10;špatný;NA;NA;špatný;neznámý;2026-01-18;RP Východní Čechy;NA;15087
Druh;CZ0612134;Dolní rybník u Újezda;Coleanthus subtilis;NA;2000-01-01;2024-05-28;Krajský úřad Kraje Vysočina;LOK_PROCDOBR;0;50;% lokalit v dobrém stavu;špatný;neznámý;2026-01-18;RP Vysočina;NA;15087
Druh;CZ0612134;Dolní rybník u Újezda;Coleanthus subtilis;NA;2000-01-01;2024-05-28;Krajský úřad Kraje Vysočina;POP_PROCDOB;0;50;% populace v dobrém stavu;špatný;neznámý;2026-01-18;RP Vysočina;NA;15087
Druh;CZ0612134;Dolní rybník u Újezda;Coleanthus subtilis;NA;2000-01-01;2024-05-28;Krajský úřad Kraje Vysočina;10;špatný;NA;NA;špatný;neznámý;2026-01-18;RP Vysočina;NA;15087
Druh;CZ0612135;Hodíškovský rybník;Coleanthus subtilis;NA;2000-01-01;2024-06-04;Krajský úřad Kraje Vysočina;LOK_PROCDOBR;0;50;% lokalit v dobrém stavu;špatný;neznámý;2026-01-18;RP Vysočina;NA;15087
Druh;CZ0612135;Hodíškovský rybník;Coleanthus subtilis;NA;2000-01-01;2024-06-04;Krajský úřad Kraje Vysočina;POP_PROCDOB;0;50;% populace v dobrém stavu;špatný;neznámý;2026-01-18;RP Vysočina;NA;15087
Druh;CZ0612135;Hodíškovský rybník;Coleanthus subtilis;NA;2000-01-01;2024-06-04;Krajský úřad Kraje Vysočina;10;špatný;NA;NA;špatný;neznámý;2026-01-18;RP Vysočina;NA;15087
Druh;CZ0612137;Obecník;Coleanthus subtilis;NA;2002-06-17;2024-06-06;Krajský úřad Kraje Vysočina;LOK_PROCDOBR;0;50;% lokalit v dobrém stavu;špatný;neznámý;2026-01-18;RP Vysočina;NA;15087
Druh;CZ0612137;Obecník;Coleanthus subtilis;NA;2002-06-17;2024-06-06;Krajský úřad Kraje Vysočina;POP_PROCDOB;0;50;% populace v dobrém stavu;špatný;neznámý;2026-01-18;RP Vysočina;NA;15087
Druh;CZ0612137;Obecník;Coleanthus subtilis;NA;2002-06-17;2024-06-06;Krajský úřad Kraje Vysočina;10;špatný;NA;NA;špatný;neznámý;2026-01-18;RP Vysočina;NA;15087
Druh;CZ0612139;Pod Kamenným vrchem;Coleanthus subtilis;NA;2000-06-27;2024-05-23;AOPK ČR - RP Vysočina;LOK_PROCDOBR;0;50;% lokalit v dobrém stavu;špatný;neznámý;2026-01-18;RP Vysočina;NA;15087
Druh;CZ0612139;Pod Kamenným vrchem;Coleanthus subtilis;NA;2000-06-27;2024-05-23;AOPK ČR - RP Vysočina;POP_PROCDOB;0;50;% populace v dobrém stavu;špatný;neznámý;2026-01-18;RP Vysočina;NA;15087
Druh;CZ0612139;Pod Kamenným vrchem;Coleanthus subtilis;NA;2000-06-27;2024-05-23;AOPK ČR - RP Vysočina;10;špatný;NA;NA;špatný;neznámý;2026-01-18;RP Vysočina;NA;15087
Druh;CZ0612140;Podvesník;Coleanthus subtilis;NA;2001-01-01;2024-06-04;Krajský úřad Kraje Vysočina;LOK_PROCDOBR;0;50;% lokalit v dobrém stavu;špatný;neznámý;2026-01-18;RP Vysočina;NA;15087
Druh;CZ0612140;Podvesník;Coleanthus subtilis;NA;2001-01-01;2024-06-04;Krajský úřad Kraje Vysočina;POP_PROCDOB;0;50;% populace v dobrém stavu;špatný;neznámý;2026-01-18;RP Vysočina;NA;15087
Druh;CZ0612140;Podvesník;Coleanthus subtilis;NA;2001-01-01;2024-06-04;Krajský úřad Kraje Vysočina;10;špatný;NA;NA;špatný;neznámý;2026-01-18;RP Vysočina;NA;15087
Druh;CZ0612143;Rybník u Zadního Zhořce;Coleanthus subtilis;NA;2002-01-01;2024-06-04;Krajský úřad Kraje Vysočina;LOK_PROCDOBR;0;50;% lokalit v dobrém stavu;špatný;neznámý;2026-01-18;RP Vysočina;NA;15087
Druh;CZ0612143;Rybník u Zadního Zhořce;Coleanthus subtilis;NA;2002-01-01;2024-06-04;Krajský úřad Kraje Vysočina;POP_PROCDOB;0;50;% populace v dobrém stavu;špatný;neznámý;2026-01-18;RP Vysočina;NA;15087
Druh;CZ0612143;Rybník u Zadního Zhořce;Coleanthus subtilis;NA;2002-01-01;2024-06-04;Krajský úřad Kraje Vysočina;10;špatný;NA;NA;špatný;neznámý;2026-01-18;RP Vysočina;NA;15087
Druh;CZ0612145;Rychtářský rybník;Coleanthus subtilis;NA;2002-01-01;2024-06-04;Krajský úřad Kraje Vysočina;LOK_PROCDOBR;0;50;% lokalit v dobrém stavu;špatný;neznámý;2026-01-18;RP Vysočina;NA;15087
Druh;CZ0612145;Rychtářský rybník;Coleanthus subtilis;NA;2002-01-01;2024-06-04;Krajský úřad Kraje Vysočina;POP_PROCDOB;0;50;% populace v dobrém stavu;špatný;neznámý;2026-01-18;RP Vysočina;NA;15087
Druh;CZ0612145;Rychtářský rybník;Coleanthus subtilis;NA;2002-01-01;2024-06-04;Krajský úřad Kraje Vysočina;10;špatný;NA;NA;špatný;neznámý;2026-01-18;RP Vysočina;NA;15087
Druh;CZ0614052;Rybníky u Rudolce;Coleanthus subtilis;NA;2002-01-01;2024-05-28;Krajský úřad Kraje Vysočina;LOK_PROCDOBR;0;50;% lokalit v dobrém stavu;špatný;neznámý;2026-01-18;RP Vysočina;NA;15087
Druh;CZ0614052;Rybníky u Rudolce;Coleanthus subtilis;NA;2002-01-01;2024-05-28;Krajský úřad Kraje Vysočina;POP_PROCDOB;0;50;% populace v dobrém stavu;špatný;neznámý;2026-01-18;RP Vysočina;NA;15087
Druh;CZ0614052;Rybníky u Rudolce;Coleanthus subtilis;NA;2002-01-01;2024-05-28;Krajský úřad Kraje Vysočina;10;špatný;NA;NA;špatný;neznámý;2026-01-18;RP Vysočina;NA;15087
Druh;CZ0614057;Znětínské rybníky;Coleanthus subtilis;NA;2001-07-12;2024-06-04;Krajský úřad Kraje Vysočina;LOK_PROCDOBR;0;50;% lokalit v dobrém stavu;špatný;neznámý;2026-01-18;RP Vysočina;NA;15087
Druh;CZ0614057;Znětínské rybníky;Coleanthus subtilis;NA;2001-07-12;2024-06-04;Krajský úřad Kraje Vysočina;POP_PROCDOB;0;50;% populace v dobrém stavu;špatný;neznámý;2026-01-18;RP Vysočina;NA;15087
Druh;CZ0614057;Znětínské rybníky;Coleanthus subtilis;NA;2001-07-12;2024-06-04;Krajský úřad Kraje Vysočina;10;špatný;NA;NA;špatný;neznámý;2026-01-18;RP Vysočina;NA;15087
Druh;CZ0614058;Rybníky V Pouštích;Coleanthus subtilis;NA;2000-01-01;2024-05-28;Krajský úřad Kraje Vysočina;LOK_PROCDOBR;0;50;% lokalit v dobrém stavu;špatný;neznámý;2026-01-18;RP Vysočina;NA;15087
Druh;CZ0614058;Rybníky V Pouštích;Coleanthus subtilis;NA;2000-01-01;2024-05-28;Krajský úřad Kraje Vysočina;POP_PROCDOB;0;50;% populace v dobrém stavu;špatný;neznámý;2026-01-18;RP Vysočina;NA;15087
Druh;CZ0614058;Rybníky V Pouštích;Coleanthus subtilis;NA;2000-01-01;2024-05-28;Krajský úřad Kraje Vysočina;10;špatný;NA;NA;špatný;neznámý;2026-01-18;RP Vysočina;NA;15087
Druh;CZ0614132;Kamenický rybník;Coleanthus subtilis;NA;2007-06-08;2024-05-27;Krajský úřad Kraje Vysočina;LOK_PROCDOBR;0;50;% lokalit v dobrém stavu;špatný;neznámý;2026-01-18;RP Vysočina;NA;15087
Druh;CZ0614132;Kamenický rybník;Coleanthus subtilis;NA;2007-06-08;2024-05-27;Krajský úřad Kraje Vysočina;POP_PROCDOB;0;50;% populace v dobrém stavu;špatný;neznámý;2026-01-18;RP Vysočina;NA;15087
Druh;CZ0614132;Kamenický rybník;Coleanthus subtilis;NA;2007-06-08;2024-05-27;Krajský úřad Kraje Vysočina;10;špatný;NA;NA;špatný;neznámý;2026-01-18;RP Vysočina;NA;15087
Druh;CZ0612149;Suché skály;Dianthus moravicus;NA;2002-09-03;2024-06-06;Krajský úřad Kraje Vysočina;LOK_PROCDOBR;0;50;% lokalit v dobrém stavu;špatný;neznámý;2026-01-18;RP Vysočina;NA;15087
Druh;CZ0612149;Suché skály;Dianthus moravicus;NA;2002-09-03;2024-06-06;Krajský úřad Kraje Vysočina;POP_PROCDOB;0;50;% populace v dobrém stavu;špatný;neznámý;2026-01-18;RP Vysočina;NA;15087
Druh;CZ0612149;Suché skály;Dianthus moravicus;NA;2002-09-03;2024-06-06;Krajský úřad Kraje Vysočina;10;špatný;NA;NA;špatný;neznámý;2026-01-18;RP Vysočina;NA;15087
Druh;CZ0622175;Pekárka;Dianthus moravicus;NA;2000-01-01;2021-06-02;Krajský úřad Jihomoravského kraje;LOK_PROCDOBR;0;50;% lokalit v dobrém stavu;špatný;neznámý;2026-01-18;RP Jižní Morava;NA;15087
Druh;CZ0622175;Pekárka;Dianthus moravicus;NA;2000-01-01;2021-06-02;Krajský úřad Jihomoravského kraje;POP_PROCDOB;0;50;% populace v dobrém stavu;špatný;neznámý;2026-01-18;RP Jižní Morava;NA;15087
Druh;CZ0622175;Pekárka;Dianthus moravicus;NA;2000-01-01;2021-06-02;Krajský úřad Jihomoravského kraje;10;špatný;NA;NA;špatný;neznámý;2026-01-18;RP Jižní Morava;NA;15087
Druh;CZ0622181;Červené stráně;Dianthus moravicus;NA;2002-10-01;2023-09-15;Krajský úřad Jihomoravského kraje;LOK_PROCDOBR;0;50;% lokalit v dobrém stavu;špatný;neznámý;2026-01-18;RP Jižní Morava;NA;15087
Druh;CZ0622181;Červené stráně;Dianthus moravicus;NA;2002-10-01;2023-09-15;Krajský úřad Jihomoravského kraje;POP_PROCDOB;0;50;% populace v dobrém stavu;špatný;neznámý;2026-01-18;RP Jižní Morava;NA;15087
Druh;CZ0622181;Červené stráně;Dianthus moravicus;NA;2002-10-01;2023-09-15;Krajský úřad Jihomoravského kraje;10;špatný;NA;NA;špatný;neznámý;2026-01-18;RP Jižní Morava;NA;15087
Druh;CZ0624095;Údolí Dyje;Dianthus moravicus;NA;2003-01-01;2020-06-24;Krajský úřad Jihomoravského kraje;LOK_PROCDOBR;0;50;% lokalit v dobrém stavu;špatný;neznámý;2026-01-18;RP Jižní Morava;NA;15087
Druh;CZ0624095;Údolí Dyje;Dianthus moravicus;NA;2003-01-01;2020-06-24;Krajský úřad Jihomoravského kraje;POP_PROCDOB;0;50;% populace v dobrém stavu;špatný;neznámý;2026-01-18;RP Jižní Morava;NA;15087
Druh;CZ0624095;Údolí Dyje;Dianthus moravicus;NA;2003-01-01;2020-06-24;Krajský úřad Jihomoravského kraje;10;špatný;NA;NA;špatný;neznámý;2026-01-18;RP Jižní Morava;NA;15087
Druh;CZ0624128;Krumlovsko-rokytenské slepence;Dianthus moravicus;NA;2000-01-01;2022-06-09;AOPK ČR - RP Jižní Morava, Krajský úřad Jihomoravského kraje;LOK_PROCDOBR;0;50;% lokalit v dobrém stavu;špatný;neznámý;2026-01-18;RP Jižní Morava;NA;15087
Druh;CZ0624128;Krumlovsko-rokytenské slepence;Dianthus moravicus;NA;2000-01-01;2022-06-09;AOPK ČR - RP Jižní Morava, Krajský úřad Jihomoravského kraje;POP_PROCDOB;0;50;% populace v dobrém stavu;špatný;neznámý;2026-01-18;RP Jižní Morava;NA;15087
Druh;CZ0624128;Krumlovsko-rokytenské slepence;Dianthus moravicus;NA;2000-01-01;2022-06-09;AOPK ČR - RP Jižní Morava, Krajský úřad Jihomoravského kraje;10;špatný;NA;NA;špatný;neznámý;2026-01-18;RP Jižní Morava;NA;15087
Druh;CZ0714077;Praděd;Poa riphaea;NA;2000-01-01;2024-08-27;AOPK ČR - RP Olomoucko;LOK_PROCDOBR;0;50;% lokalit v dobrém stavu;špatný;neznámý;2026-01-18;RP Olomoucko;NA;15087
Druh;CZ0714077;Praděd;Poa riphaea;NA;2000-01-01;2024-08-27;AOPK ČR - RP Olomoucko;POP_PROCDOB;0;50;% populace v dobrém stavu;špatný;neznámý;2026-01-18;RP Olomoucko;NA;15087
Druh;CZ0714077;Praděd;Poa riphaea;NA;2000-01-01;2024-08-27;AOPK ČR - RP Olomoucko;10;špatný;NA;NA;špatný;neznámý;2026-01-18;RP Olomoucko;NA;15087
Druh;CZ0614131;Údolí Oslavy a Chvojnice;Himantoglossum adriaticum;NA;2000-01-01;2024-07-11;Krajský úřad Jihomoravského kraje, AOPK ČR - RP Vysočina, Krajský úřad Kraje Vysočina;LOK_PROCDOBR;0;50;% lokalit v dobrém stavu;špatný;neznámý;2026-01-18;RP Vysočina;NA;15087
Druh;CZ0614131;Údolí Oslavy a Chvojnice;Himantoglossum adriaticum;NA;2000-01-01;2024-07-11;Krajský úřad Jihomoravského kraje, AOPK ČR - RP Vysočina, Krajský úřad Kraje Vysočina;POP_PROCDOB;0;50;% populace v dobrém stavu;špatný;neznámý;2026-01-18;RP Vysočina;NA;15087
Druh;CZ0614131;Údolí Oslavy a Chvojnice;Himantoglossum adriaticum;NA;2000-01-01;2024-07-11;Krajský úřad Jihomoravského kraje, AOPK ČR - RP Vysočina, Krajský úřad Kraje Vysočina;10;špatný;NA;NA;špatný;neznámý;2026-01-18;RP Vysočina;NA;15087
Druh;CZ0212021;Slatinná louka u Velenky;Thesium ebracteatum;NA;2000-02-10;2024-06-20;AOPK ČR - RP SCHKO Kokořínsko - Máchův kraj, Krajský úřad Středočeského kraje;LOK_PROCDOBR;0;50;% lokalit v dobrém stavu;špatný;neznámý;2026-01-18;RP SCHKO Kokořínsko - Máchův kraj;NA;15087
Druh;CZ0212021;Slatinná louka u Velenky;Thesium ebracteatum;NA;2000-02-10;2024-06-20;AOPK ČR - RP SCHKO Kokořínsko - Máchův kraj, Krajský úřad Středočeského kraje;POP_PROCDOB;0;50;% populace v dobrém stavu;špatný;neznámý;2026-01-18;RP SCHKO Kokořínsko - Máchův kraj;NA;15087
Druh;CZ0212021;Slatinná louka u Velenky;Thesium ebracteatum;NA;2000-02-10;2024-06-20;AOPK ČR - RP SCHKO Kokořínsko - Máchův kraj, Krajský úřad Středočeského kraje;10;špatný;NA;NA;špatný;neznámý;2026-01-18;RP SCHKO Kokořínsko - Máchův kraj;NA;15087
Druh;CZ0212023;Písčina u Tišic;Jurinea cyanoides;NA;2000-08-16;2024-11-03;Krajský úřad Středočeského kraje;LOK_PROCDOBR;0;50;% lokalit v dobrém stavu;špatný;neznámý;2026-01-18;RP Střední Čechy;NA;15087
Druh;CZ0212023;Písčina u Tišic;Jurinea cyanoides;NA;2000-08-16;2024-11-03;Krajský úřad Středočeského kraje;POP_PROCDOB;0;50;% populace v dobrém stavu;špatný;neznámý;2026-01-18;RP Střední Čechy;NA;15087
Druh;CZ0212023;Písčina u Tišic;Jurinea cyanoides;NA;2000-08-16;2024-11-03;Krajský úřad Středočeského kraje;10;špatný;NA;NA;špatný;neznámý;2026-01-18;RP Střední Čechy;NA;15087
Druh;CZ0622026;Trkmanské louky;Cirsium brachycephalum;NA;2002-10-01;2024-07-09;Krajský úřad Jihomoravského kraje;LOK_PROCDOBR;0;50;% lokalit v dobrém stavu;špatný;neznámý;2026-01-18;RP Jižní Morava;NA;15087
Druh;CZ0622026;Trkmanské louky;Cirsium brachycephalum;NA;2002-10-01;2024-07-09;Krajský úřad Jihomoravského kraje;POP_PROCDOB;0;50;% populace v dobrém stavu;špatný;neznámý;2026-01-18;RP Jižní Morava;NA;15087
Druh;CZ0622026;Trkmanské louky;Cirsium brachycephalum;NA;2002-10-01;2024-07-09;Krajský úřad Jihomoravského kraje;10;špatný;NA;NA;špatný;neznámý;2026-01-18;RP Jižní Morava;NA;15087
Druh;CZ0622037;Trkmanec - Rybníčky;Cirsium brachycephalum;NA;2000-01-01;2024-07-07;Krajský úřad Jihomoravského kraje;LOK_PROCDOBR;0;50;% lokalit v dobrém stavu;špatný;neznámý;2026-01-18;RP Jižní Morava;NA;15087
Druh;CZ0622037;Trkmanec - Rybníčky;Cirsium brachycephalum;NA;2000-01-01;2024-07-07;Krajský úřad Jihomoravského kraje;POP_PROCDOB;0;50;% populace v dobrém stavu;špatný;neznámý;2026-01-18;RP Jižní Morava;NA;15087
Druh;CZ0622037;Trkmanec - Rybníčky;Cirsium brachycephalum;NA;2000-01-01;2024-07-07;Krajský úřad Jihomoravského kraje;10;špatný;NA;NA;špatný;neznámý;2026-01-18;RP Jižní Morava;NA;15087
Druh;CZ0422077;Kleneč;Dianthus arenarius subsp. bohemicus;NA;2000-01-01;2024-04-12;AOPK ČR - RP SCHKO České středohoří;LOK_PROCDOBR;0;50;% lokalit v dobrém stavu;špatný;neznámý;2026-01-18;RP SCHKO České středohoří;NA;15087
Druh;CZ0422077;Kleneč;Dianthus arenarius subsp. bohemicus;NA;2000-01-01;2024-04-12;AOPK ČR - RP SCHKO České středohoří;POP_PROCDOB;0;50;% populace v dobrém stavu;špatný;neznámý;2026-01-18;RP SCHKO České středohoří;NA;15087
Druh;CZ0422077;Kleneč;Dianthus arenarius subsp. bohemicus;NA;2000-01-01;2024-04-12;AOPK ČR - RP SCHKO České středohoří;10;špatný;NA;NA;špatný;neznámý;2026-01-18;RP SCHKO České středohoří;NA;15087
